[
  {
    "id": "4a616a5a-510d-4a72-aa91-473dd41b5cd3",
    "data": [
      {
        "text": "Peut on couper les comprimés de seropram ?",
        "userDefined": false
      }
    ],
    "isTemplate": false,
    "count": 0,
    "updated": 1522593226
  },
  {
    "id": "b5f31d25-e139-438e-9641-baa676e6e65d",
    "data": [
      {
        "text": "J\u0027ai l\u0027habitude de prendre du Lexomil mais je souhaite réduire les doses, est-ce que je peux couper le comprimé en 2 ou en 4 meme ?",
        "userDefined": false
      }
    ],
    "isTemplate": false,
    "count": 0,
    "updated": 1522593226
  },
  {
    "id": "8c1befb0-e3ba-4a07-99e1-af952518ba31",
    "data": [
      {
        "text": "j\u0027ai une petite question pour lune34 est-ce des gouttes ou des comprimés?",
        "userDefined": false
      }
    ],
    "isTemplate": false,
    "count": 0,
    "updated": 1522593226
  },
  {
    "id": "4b518d9c-f161-45aa-94c7-1a477c7874f4",
    "data": [
      {
        "text": "Quelle est la forme galénique de lexomil ?",
        "userDefined": false
      }
    ],
    "isTemplate": false,
    "count": 0,
    "updated": 1522593226
  },
  {
    "id": "b03c7991-c3f7-447c-8282-ef2f93ad3e54",
    "data": [
      {
        "text": "citrate de betaine : plusieurs galéniques ?",
        "userDefined": false
      }
    ],
    "isTemplate": false,
    "count": 0,
    "updated": 1522593226
  },
  {
    "id": "4b87f7c5-9759-419d-8d32-fe0698f6e41e",
    "data": [
      {
        "text": "Magné B6 : poudre à diluer ?",
        "userDefined": false
      }
    ],
    "isTemplate": false,
    "count": 0,
    "updated": 1522593226
  },
  {
    "id": "d5ed2cc6-12db-4e06-b438-1226990a56d7",
    "data": [
      {
        "text": "clomid  forme pharmaceutique ?",
        "userDefined": false
      }
    ],
    "isTemplate": false,
    "count": 0,
    "updated": 1522593226
  },
  {
    "id": "2b2a45a2-93ea-4cb1-b2c4-68617b1d1a51",
    "data": [
      {
        "text": "Eucaliptine existe-t-elle en suppositoire ?",
        "userDefined": false
      }
    ],
    "isTemplate": false,
    "count": 0,
    "updated": 1522593226
  },
  {
    "id": "9c1f8028-4dc8-4860-a4d8-c78a40616dbc",
    "data": [
      {
        "text": "Quelle est la forme galénique du Zolmitriptan Biogaran ?",
        "userDefined": false
      }
    ],
    "isTemplate": false,
    "count": 0,
    "updated": 1522593226
  },
  {
    "id": "6cd1d54e-6d5e-411a-b800-f208a095b515",
    "data": [
      {
        "text": "Quelle est la forme galénique du movicol ?",
        "userDefined": false
      }
    ],
    "isTemplate": false,
    "count": 0,
    "updated": 1522593226
  },
  {
    "id": "b9a7f690-2411-44de-b78f-d4f15d1b97d2",
    "data": [
      {
        "text": "existe -t-il des gelules de vitamine b5 ?",
        "userDefined": false
      }
    ],
    "isTemplate": false,
    "count": 0,
    "updated": 1522593226
  },
  {
    "id": "75bbe117-8df1-498d-903f-a8a2b8c81858",
    "data": [
      {
        "text": "magnésium sous quelle forme?",
        "userDefined": false
      }
    ],
    "isTemplate": false,
    "count": 0,
    "updated": 1522593226
  },
  {
    "id": "768a3d3f-cee6-4d33-9fb4-791c2ca96730",
    "data": [
      {
        "text": "De quelle taille sont les gélules de duloxétine Krka ?",
        "userDefined": false
      }
    ],
    "isTemplate": false,
    "count": 0,
    "updated": 1522593226
  },
  {
    "id": "7b703014-bd6d-48a9-a0fd-02326a7f522e",
    "data": [
      {
        "text": "Comment se présente le CellCept ?",
        "userDefined": false
      }
    ],
    "isTemplate": false,
    "count": 0,
    "updated": 1522593226
  },
  {
    "id": "6657a1fe-b792-48ca-b9e9-6de7bcbe5771",
    "data": [
      {
        "text": "Quelle est la galénique du Vérapamil Sandoz ?",
        "userDefined": false
      }
    ],
    "isTemplate": false,
    "count": 0,
    "updated": 1522593226
  },
  {
    "id": "0457d716-5951-40a0-9c92-32ed6f379230",
    "data": [
      {
        "text": "Sous quelle forme se présente motilium ?",
        "userDefined": false
      }
    ],
    "isTemplate": false,
    "count": 0,
    "updated": 1522593226
  },
  {
    "id": "5d416fd0-757b-422c-b142-123e79cd21cb",
    "data": [
      {
        "text": "depakote : quelle forme pharmaceutique ?",
        "userDefined": false
      }
    ],
    "isTemplate": false,
    "count": 0,
    "updated": 1522593226
  },
  {
    "id": "c4f815a0-a384-4e6a-9205-b8c871d276a2",
    "data": [
      {
        "text": "Une préparatrice à l\u0027hôpital souhaite savoir de quelle couleur sont les comprimés de Candésartan 32mg Sandoz",
        "userDefined": false
      }
    ],
    "isTemplate": false,
    "count": 0,
    "updated": 1522593226
  },
  {
    "id": "165303eb-c013-4b69-87e0-b99895d92259",
    "data": [
      {
        "text": "2 types de pilule varnoline?!",
        "userDefined": false
      }
    ],
    "isTemplate": false,
    "count": 1,
    "updated": 1522593226
  },
  {
    "id": "40d38dd4-6634-4f31-8430-8fe679bf9663",
    "data": [
      {
        "text": "Quelles formes galéniques existent pour le primpéran ?",
        "userDefined": false
      }
    ],
    "isTemplate": false,
    "count": 0,
    "updated": 1522593226
  },
  {
    "id": "60fdda11-b70e-478a-bf99-1c065bd6d182",
    "data": [
      {
        "text": "J\u0027ai trouvé des gélules de couleurs différentes dans ma boîte d\u0027Oméprazole Cristers 20mg",
        "userDefined": false
      }
    ],
    "isTemplate": false,
    "count": 0,
    "updated": 1522593226
  },
  {
    "id": "0b691c8a-8839-48b9-9c57-a0ee083bc519",
    "data": [
      {
        "text": "xanax : quelle forme?",
        "userDefined": false
      }
    ],
    "isTemplate": false,
    "count": 0,
    "updated": 1522593226
  },
  {
    "id": "fe6901e2-9576-42bf-be37-7860a362125b",
    "data": [
      {
        "text": "y-a-t-il plusieurs formes galénique d\u0027econazole ?",
        "userDefined": false
      }
    ],
    "isTemplate": false,
    "count": 0,
    "updated": 1522593226
  },
  {
    "id": "8abaedea-ffb7-4aa8-9b6b-66a03b45d4e9",
    "data": [
      {
        "text": "Une préparatrice souhaite savoir si les comprimés de Gliclazide Krka 60mg LM sont sécables",
        "userDefined": false
      }
    ],
    "isTemplate": false,
    "count": 0,
    "updated": 1522593226
  },
  {
    "id": "4cb30f16-2725-4f56-8cfb-587af010d23a",
    "data": [
      {
        "text": "paracetamol gélule : quelle autre forme ?",
        "userDefined": false
      }
    ],
    "isTemplate": false,
    "count": 0,
    "updated": 1522593226
  },
  {
    "id": "f2624a4c-2cbe-4701-a118-f139b6ca88da",
    "data": [
      {
        "text": "mépronizine : quelle forme ?",
        "userDefined": false
      }
    ],
    "isTemplate": false,
    "count": 0,
    "updated": 1522593226
  },
  {
    "id": "345b1c1c-e980-416d-a0ad-ff01a84603cd",
    "data": [
      {
        "text": "Sous quelle forme se présente le Nocertone 60mg ?",
        "userDefined": false
      }
    ],
    "isTemplate": false,
    "count": 0,
    "updated": 1522593226
  },
  {
    "id": "efd12359-e6c2-4c80-bc82-126258faf069",
    "data": [
      {
        "text": "De quelle forme sont les comprimés de Célécoxib 200mg Zentiva ?",
        "userDefined": false
      }
    ],
    "isTemplate": false,
    "count": 0,
    "updated": 1522593226
  },
  {
    "id": "b329646b-1b0a-4b5f-9aec-3e045100093d",
    "data": [
      {
        "text": "Est-ce que le Neoral est sous forme de capsules molles car dans d\u0027autres spécialités je n\u0027ai pas aimé cette forme",
        "userDefined": false
      }
    ],
    "isTemplate": false,
    "count": 0,
    "updated": 1522593226
  },
  {
    "id": "13ea9932-513e-46b0-826e-878fc573720a",
    "data": [
      {
        "text": "chamomilla est un suppositoire ?",
        "userDefined": false
      }
    ],
    "isTemplate": false,
    "count": 0,
    "updated": 1522593226
  },
  {
    "id": "f1a6cf62-86aa-4b3b-a4b2-4b96d14a4580",
    "data": [
      {
        "text": "Est-ce qu\u0027il existe une forme buvable du Doliprane ?",
        "userDefined": false
      }
    ],
    "isTemplate": false,
    "count": 0,
    "updated": 1522593226
  },
  {
    "id": "4b68280c-af5b-46f5-bedd-f991ec88bfed",
    "data": [
      {
        "text": "duphaston solution ou poudre ??",
        "userDefined": false
      }
    ],
    "isTemplate": false,
    "count": 0,
    "updated": 1522593226
  },
  {
    "id": "d37abbcd-c271-4ba1-83bd-1f3691eb1329",
    "data": [
      {
        "text": "Une pharmacienne souhaite savoir s\u0027il est normal que dans Venlafaxine 37,5mg Biogaran les gélules contiennent un comprimé ?",
        "userDefined": false
      }
    ],
    "isTemplate": false,
    "count": 0,
    "updated": 1522593226
  },
  {
    "id": "91e7f847-a39a-4c1a-97fb-d5d0cc9ac5c2",
    "data": [
      {
        "text": "gaviscon : seulement en sachets ?",
        "userDefined": false
      }
    ],
    "isTemplate": false,
    "count": 0,
    "updated": 1522593226
  },
  {
    "id": "7bdcdca6-861f-4766-9850-0feb79e94e42",
    "data": [
      {
        "text": "foradil : quelle forme galénique existe ?",
        "userDefined": false
      }
    ],
    "isTemplate": false,
    "count": 0,
    "updated": 1522593226
  },
  {
    "id": "5257ffa8-e97b-40ec-bfbf-3f2847501735",
    "data": [
      {
        "text": "chamomilia existe t-il en goutte?",
        "userDefined": false
      }
    ],
    "isTemplate": false,
    "count": 0,
    "updated": 1522593226
  },
  {
    "id": "93448a9d-2732-440e-9497-366dd0923778",
    "data": [
      {
        "text": "Sous quelle forme se présente le baclofène ?",
        "userDefined": false
      }
    ],
    "isTemplate": false,
    "count": 0,
    "updated": 1522593226
  },
  {
    "id": "d83ef544-ea3d-4f7d-b302-2af480436983",
    "data": [
      {
        "text": "exorex : quelle forme ?",
        "userDefined": false
      }
    ],
    "isTemplate": false,
    "count": 0,
    "updated": 1522593226
  },
  {
    "id": "73f14550-18b8-43a8-ac4d-e5da44199950",
    "data": [
      {
        "text": "Lequel agit le plus rapidement : doliprane en suppositoire ou en sirop?",
        "userDefined": false
      }
    ],
    "isTemplate": false,
    "count": 0,
    "updated": 1522593226
  },
  {
    "id": "09fae09b-f953-4eaf-ade3-9f9695dce7fb",
    "data": [
      {
        "text": "Lexomil existe-t-il en poudre ?",
        "userDefined": false
      }
    ],
    "isTemplate": false,
    "count": 0,
    "updated": 1522593226
  },
  {
    "id": "04c11c5f-d959-4f7d-9dbd-dc284356d967",
    "data": [
      {
        "text": "Est-ce que le Glimépiride Arrow existe sous forme de gélules car les comprimés sont difficiles à prendre",
        "userDefined": false
      }
    ],
    "isTemplate": false,
    "count": 0,
    "updated": 1522593226
  },
  {
    "id": "a936b6ee-941b-4e21-9c3a-3b54a76b0921",
    "data": [
      {
        "text": "Une pharmacienne reçoit la prescription de Prednisone à raison de 2,5mg par jour, elle souhaite donc savoir si les comprimés de 5mg sont sécables ?",
        "userDefined": false
      }
    ],
    "isTemplate": false,
    "count": 0,
    "updated": 1522593226
  },
  {
    "id": "99d19878-3fd0-4afd-adf0-cc1ee4d007d5",
    "data": [
      {
        "text": "lutéran 20  : comprimé ?",
        "userDefined": false
      }
    ],
    "isTemplate": false,
    "count": 0,
    "updated": 1522593226
  },
  {
    "id": "01d1dbd8-3fce-4a0f-ba23-9feb0e88defc",
    "data": [
      {
        "text": "Un médecin souhaite savoir si les comprimés de Préviscan sont bien quadrisécables pour un de ses patients ayant des difficultés à couper les comprimés",
        "userDefined": false
      }
    ],
    "isTemplate": false,
    "count": 0,
    "updated": 1522593226
  },
  {
    "id": "3cd16542-910d-407c-a832-79daebce9033",
    "data": [
      {
        "text": "Une pharmacienne souhaite savoir si le comprimé de Mirtazapine Sandoz est sécable",
        "userDefined": false
      }
    ],
    "isTemplate": false,
    "count": 0,
    "updated": 1522593226
  },
  {
    "id": "739d5485-8b86-4819-9526-2dc0427be9f1",
    "data": [
      {
        "text": "méliane est-il en sirop?",
        "userDefined": false
      }
    ],
    "isTemplate": false,
    "count": 0,
    "updated": 1522593226
  },
  {
    "id": "9c30e158-7cf4-49a8-8a05-f2538f36b197",
    "data": [
      {
        "text": "Depakote existe-t-il en gelules ?",
        "userDefined": false
      }
    ],
    "isTemplate": false,
    "count": 0,
    "updated": 1522593226
  },
  {
    "id": "2e2e3f6c-937f-49df-a568-845771750ad6",
    "data": [
      {
        "text": "Une pharmacienne reçoit la prescription de Vogalène Lyoc pour un enfant de 2ans, elle souhaite savoir si cette forme est adaptée et si il en existe une autre",
        "userDefined": false
      }
    ],
    "isTemplate": false,
    "count": 0,
    "updated": 1522593226
  },
  {
    "id": "a1487e59-2109-4a4b-93ae-7a9b17c003f4",
    "data": [
      {
        "text": "flecaine : seulement en gel ?",
        "userDefined": false
      }
    ],
    "isTemplate": false,
    "count": 0,
    "updated": 1522593226
  },
  {
    "id": "0a34362d-41f4-4c19-b5a8-508198995f62",
    "data": [
      {
        "text": "optimizette, comprimé ou gélule ?",
        "userDefined": false
      }
    ],
    "isTemplate": false,
    "count": 0,
    "updated": 1522593226
  },
  {
    "id": "5ee3bc58-fd5d-4f44-b336-cc064b1df9dd",
    "data": [
      {
        "text": "nordaz : par injection ?",
        "userDefined": false
      }
    ],
    "isTemplate": false,
    "count": 0,
    "updated": 1522593226
  }
]