[
  {
    "id": "202110f2-8fbe-4934-ab7e-8ec1e2361dfd",
    "data": [
      {
        "text": "je dois prendre de l\u0027amoxicilline 3x/jour. j\u0027ai commencé le traitement hier soir à 23h-23h30, mais cette nuit, j\u0027ai oublié de me réveiller et je l\u0027ai donc pris à 10h...est-ce grave?",
        "userDefined": false
      }
    ],
    "isTemplate": false,
    "count": 0,
    "updated": 1522593570
  },
  {
    "id": "5485560a-9968-492c-96c7-d570063c8454",
    "data": [
      {
        "text": "Que faire en cas d\u0027exès de vitamines ?",
        "userDefined": false
      }
    ],
    "isTemplate": false,
    "count": 0,
    "updated": 1522593570
  },
  {
    "id": "de7d8b6b-173d-4726-82fd-ff25d400833c",
    "data": [
      {
        "text": "a cause des examen(bep) je n\u0027est pas eu le temps d\u0027aller chercher une plaquette de minidril donc ce moi ci je ne l\u0027ai pas prise. j\u0027aurais voulu savoir quand la reprendre?",
        "userDefined": false
      }
    ],
    "isTemplate": false,
    "count": 0,
    "updated": 1522593570
  },
  {
    "id": "edd0b07a-a7ba-43bc-a591-3d03f304c2d0",
    "data": [
      {
        "text": "je suis sous yaz. le 13eme comprimé roses de ma plaquette est tombé, impossible a retrouver, j\u0027ai donc pris le 14eme à la place! du coup, a la fin de ma plaquette, juste avant mes 4 comprimé blanc placebo, il va me manquer un comprimé rose , (j\u0027en aurai pris que 23 roses au lieu des 24!) que faire??",
        "userDefined": false
      }
    ],
    "isTemplate": false,
    "count": 0,
    "updated": 1522593570
  },
  {
    "id": "c24ef76d-3634-4b05-8c2f-80484ce3c6f5",
    "data": [
      {
        "text": "Une pharmacienne a délivré Estreva à la place d\u0027une prescription de Physiogyne ou Trophicrème, les 2 étant en rupture. Elle vient de voir que Estreva n\u0027est pas applicable sur le vagin, comment agir si la patiente a appliqué la crème sur le vagin ?",
        "userDefined": false
      }
    ],
    "isTemplate": false,
    "count": 0,
    "updated": 1522593570
  },
  {
    "id": "8f73d0a5-a888-4e83-a206-5554a5ac9776",
    "data": [
      {
        "text": "salut les filles depuis que je suis enceinte je prends du levothyrox pour une hypothyroidie et et du tardyféron pour les carences en fer. je dois les prendre le matin en me levant. mais depuis une semaine, je suis sujette aux bonnes vieilles naussées et je vomis après le petit déjeuner. j\u0027imagines que mes médicaments sont régurgités en même temps mais qu\u0027est ce que je dois faire ?",
        "userDefined": false
      }
    ],
    "isTemplate": false,
    "count": 0,
    "updated": 1522593570
  },
  {
    "id": "63f76039-c1cf-4dea-bb0b-c4f617543bae",
    "data": [
      {
        "text": "j\u0027ai avalé 18g de doliprane,  j\u0027ai eu des débuts de vomissements 3 heures plus tard. par la suite j\u0027en ai eu plusieurs, près de 9, à peu près 1 chaque heure., j\u0027ai une légère crampe abdominale. que dois je faire ?",
        "userDefined": false
      }
    ],
    "isTemplate": false,
    "count": 0,
    "updated": 1522593570
  },
  {
    "id": "5f98b739-4913-492f-a0ed-868492b6c269",
    "data": [
      {
        "text": "Je suis traité par Previscan 20mg comprimé et je prend habituellement mon comprimé à 20 heures le soir, j\u0027ai oublié de le prendre hier soir que dois-je faire ?",
        "userDefined": false
      }
    ],
    "isTemplate": false,
    "count": 0,
    "updated": 1522593570
  },
  {
    "id": "18d11d44-3044-4af2-806d-d526afcb27ab",
    "data": [
      {
        "text": "Je me suis trompé dans l\u0027ordre de prise de ma pilule leeloo ge, que faire ?",
        "userDefined": false
      }
    ],
    "isTemplate": false,
    "count": 0,
    "updated": 1522593570
  },
  {
    "id": "ca82a44f-5912-461c-ac9d-9f773a3d45b2",
    "data": [
      {
        "text": "je suis sous adépal depuis 4-5 mois, et un jour j\u0027ai pris deux fois la pilule (blanche) j\u0027en ai donc pris une blanche d\u0027une autre plaquette et continuer avec les rose pendant 14 jours. cela pose t-il un problème?",
        "userDefined": false
      }
    ],
    "isTemplate": false,
    "count": 0,
    "updated": 1522593570
  },
  {
    "id": "6dbe3f80-8cd5-4fea-94c5-52d3a2ceaf31",
    "data": [
      {
        "text": "j\u0027ai enchaîné 2 plaquettes de ma pilule Diane 35 or, il fallait marquer une pause de 7 jours entre deux plaquettes. du coup, je ne sais pas quoi faire ?",
        "userDefined": false
      }
    ],
    "isTemplate": false,
    "count": 0,
    "updated": 1522593570
  },
  {
    "id": "e95d652d-b89e-4fbd-8cd4-1d109bbd5cf9",
    "data": [
      {
        "text": "je prends habituellement mon deroxat 10mg vers 9-10h !  je viens de partir de la maison et  je ne l\u0027ai pas pris je rentre pas avant 13h ! Quel conseil ??",
        "userDefined": false
      }
    ],
    "isTemplate": false,
    "count": 0,
    "updated": 1522593570
  },
  {
    "id": "4e3f56c2-4d82-4a10-adc6-301fb4fbabff",
    "data": [
      {
        "text": "es-ce grave d\u0027enchaîner deux plaquettes de minidril ?",
        "userDefined": false
      }
    ],
    "isTemplate": false,
    "count": 0,
    "updated": 1522593570
  },
  {
    "id": "9f830bcf-8700-414e-9d0e-9a15f984c545",
    "data": [
      {
        "text": "je prends ma pilule mélodia entre 8h et 10h du matin. et aujourd\u0027hui je ne l\u0027ai prise qu\u0027à 15h. d\u0027après ce que j\u0027ai compris je suis quand même protégée, mais je voudrais en être sure",
        "userDefined": false
      }
    ],
    "isTemplate": false,
    "count": 0,
    "updated": 1522593570
  },
  {
    "id": "1139e612-0f71-4d4b-aa41-dbc3d5a8162e",
    "data": [
      {
        "text": "je suis sous luteran depuis lontemp , ce soir je l\u0027ai prise a 20h et j\u0027ai vomi a 21h. que dois je faire ?",
        "userDefined": false
      }
    ],
    "isTemplate": false,
    "count": 0,
    "updated": 1522593570
  },
  {
    "id": "a2ed15c5-2fe8-4a83-9467-8308db29a173",
    "data": [
      {
        "text": "Que faire en cas de surdosage d\u0027imovane ?",
        "userDefined": false
      }
    ],
    "isTemplate": false,
    "count": 0,
    "updated": 1522593570
  },
  {
    "id": "ae571fd1-f974-4fdf-803c-6fb4205dfb7d",
    "data": [
      {
        "text": "Que conseiller à patient constipé qui dépasse la dose max de lactulose quotidienne ?",
        "userDefined": false
      }
    ],
    "isTemplate": false,
    "count": 0,
    "updated": 1522593570
  },
  {
    "id": "ac34366d-5508-41d6-9178-4f0651b1c964",
    "data": [
      {
        "text": "Que faire si un patient sous Aubagio présente des transaminases supérieures à 3 fois la normale?",
        "userDefined": false
      }
    ],
    "isTemplate": false,
    "count": 0,
    "updated": 1522593570
  },
  {
    "id": "8f9e75a0-ca81-403f-a678-f637cd0f1372",
    "data": [
      {
        "text": "en commençant ma plaquette de minesse j\u0027ai commencé au comprimé jaune numéro 7 et pas le 1.que faire maintenant ?",
        "userDefined": false
      }
    ],
    "isTemplate": false,
    "count": 0,
    "updated": 1522593570
  },
  {
    "id": "6e6be74f-69ff-46ea-92cb-171fc235a57a",
    "data": [
      {
        "text": "je devais reprendre ma plaquette et j\u0027ai oublié. faut-il prendre des précautions pour les jours à venir ?",
        "userDefined": false
      }
    ],
    "isTemplate": false,
    "count": 0,
    "updated": 1522593570
  },
  {
    "id": "9a85f841-5f12-478f-88ae-7ae0023e6060",
    "data": [
      {
        "text": "j\u0027ai commencé ma plaquete de trinordiol par la fin et ceci pendant 9 jours.  que faire ? arrêter et prendre une autre plaquette et commencer au début ?",
        "userDefined": false
      }
    ],
    "isTemplate": false,
    "count": 0,
    "updated": 1522593570
  },
  {
    "id": "08d9291c-14a6-4734-bf32-ed165ff99e08",
    "data": [
      {
        "text": "je prends triafémi. je me suis trompée de comprimé. depuis avec mon copain, on prend nos précautions. mais est ce nécessaire de continuer puisque j\u0027entame une autre plaquette?",
        "userDefined": false
      }
    ],
    "isTemplate": false,
    "count": 0,
    "updated": 1522593570
  },
  {
    "id": "764f88ec-9c0a-44d2-b75a-81552b5c2434",
    "data": [
      {
        "text": "j\u0027ai commencé ma pilule a l\u0027envers(depuis 2 jours). que dois-je faire maintenant ?",
        "userDefined": false
      }
    ],
    "isTemplate": false,
    "count": 0,
    "updated": 1522593570
  },
  {
    "id": "95ae8b01-c791-49e9-8640-c14eb15b7e84",
    "data": [
      {
        "text": "voila, j\u0027ai enchainer deux plaquette de pilule, et j\u0027ai commencé la troisième. j\u0027ai prit 10 cachet sur la troisième plaquette. j\u0027ai prit le 10ème hier.  je ne l\u0027ai pas pris aujourd\u0027hui, car je voudrai avoir mes regles cette semaine, pour etre tranquil ce week end avec mon doudou    je suis sous un générique de diance 35. puisque j\u0027ai prit ma dernière pilule dimanche matin. je doit recommencer la pilule quand? c\u0027est la première fois que je fais un arret. et est ce que je peux recommencer avec ma troisème palquette entamer. comme j\u0027enchaine toujours les plaquettes, ca veux dire que j\u0027arreterai dans 1 plaquette et demi, ou 2 plaquette et demi, pour arreter avec une fin de plaquette. ou suis-je obligé de recommencé une nouvelle plaquette?",
        "userDefined": false
      }
    ],
    "isTemplate": false,
    "count": 0,
    "updated": 1522593570
  },
  {
    "id": "2576305d-3241-4a55-bd2b-f5d00c69f0ba",
    "data": [
      {
        "text": "je suis sous lutéran je dois le prendre 20 jours par mois et pause de 7 jours, or j\u0027en ai pris 21. si je fais une pause de 8 jours au lieu de 7 d\u0027habitude, je vais pouvoir \"récupérer\" mon comprimé pris en plus ?",
        "userDefined": false
      }
    ],
    "isTemplate": false,
    "count": 0,
    "updated": 1522593570
  },
  {
    "id": "9cbbca81-fce4-404d-aeb8-ad9acd5e287e",
    "data": [
      {
        "text": "nuvaring perdu, que faire?",
        "userDefined": false
      }
    ],
    "isTemplate": false,
    "count": 0,
    "updated": 1522593570
  },
  {
    "id": "bc9c9996-0d1b-48a1-a965-07cb3190586e",
    "data": [
      {
        "text": "Comment se sevrer de fluoxetine à 5mg ?",
        "userDefined": false
      }
    ],
    "isTemplate": false,
    "count": 0,
    "updated": 1522593570
  },
  {
    "id": "22594cfe-25e9-4efa-9f47-ec5059f3b0e0",
    "data": [
      {
        "text": "j\u0027ai pris ma pilule (trinordiol) pendant une semaine mais dans le mauvais sens c\u0027est-à-dire j\u0027ai commencé par la fin puis je l\u0027ai reprise au début dès que je m\u0027en suis apercue. est-ce que quelqu\u0027un sait si c\u0027est grave et que faut-il faire?",
        "userDefined": false
      }
    ],
    "isTemplate": false,
    "count": 0,
    "updated": 1522593570
  },
  {
    "id": "8fd78ffe-a504-416e-8453-5976f6d32b28",
    "data": [
      {
        "text": "règles depuis 6 mois- prise de jasminelle trop tôt? besoin d\u0027aide",
        "userDefined": false
      }
    ],
    "isTemplate": false,
    "count": 0,
    "updated": 1522593570
  },
  {
    "id": "49eee6c6-bacf-40d6-a229-2220b85701ad",
    "data": [
      {
        "text": "bonjour tout le monde j\u0027ai un petit soucis  je suis en ce moment sous trinordiol (pour ceux qui ne savent pas, il y a trois sortes de comprimé : ds l\u0027ordre : rouge, blanc, jaune) mais [s]hier[/s] me suis trompée au lieu de prendre le [s]6eme[/s] comprimé (rouge) j\u0027ai pris le 7eme comprimé (blanc). [s]aujourd\u0027hui[/s] j\u0027ai repris le dernier comprimé rouge ([s]6eme comprimé)[/s]et [s]demain[/s] je reprend [s]le 8eme [/s](blanc) j\u0027ai fe : 7eme, 6eme, et 8 eme je voulais savoir s\u0027ils fallait que j\u0027utilise un autre moyen de contraception ou s\u0027il n\u0027y a pas de risque de grossesse?? dois je utiliser le preservatif? merci de me repondre byzoux",
        "userDefined": false
      }
    ],
    "isTemplate": false,
    "count": 0,
    "updated": 1522593570
  },
  {
    "id": "fcf8af5d-2fa7-4403-a04e-c333bd840a32",
    "data": [
      {
        "text": "je me suis trompée dans ma pilule adepal, et nous etions censés faire attention avec mon ami pendant 14 jours, ce qui n\u0027a été que moyennement respecté. je dois faire un test ?",
        "userDefined": false
      }
    ],
    "isTemplate": false,
    "count": 0,
    "updated": 1522593570
  },
  {
    "id": "a94f3946-9afb-4cc4-add0-72d97ce5aaf5",
    "data": [
      {
        "text": "Que faire si un patient sous Aubagio présente un dosage plasmatique des ALAT supérieur à 3 fois la normale?",
        "userDefined": false
      }
    ],
    "isTemplate": false,
    "count": 0,
    "updated": 1522593570
  },
  {
    "id": "780d4fc5-0249-4dc7-aad7-19d076c336f6",
    "data": [
      {
        "text": "Un patient oxomemazine à qui je délivrais régulièrement du Klipal codéine mais dans des quantités acceptables vient de plus en plus souvent... que faire?",
        "userDefined": false
      }
    ],
    "isTemplate": false,
    "count": 0,
    "updated": 1522593570
  },
  {
    "id": "78dbf998-1e3e-4bd1-a1f5-bcbabbdfb516",
    "data": [
      {
        "text": "je prend mélodia, hier soir j\u0027ai pris le comprimé 6 à la place du 5. que faire ?",
        "userDefined": false
      }
    ],
    "isTemplate": false,
    "count": 0,
    "updated": 1522593570
  },
  {
    "id": "479e5a9b-4005-411f-8661-56b1081bb4e9",
    "data": [
      {
        "text": "j\u0027ai pris 2 fois la dose habituelle de méthadone, soit 110mg au lieu de 55mg. que faut-il faire ?",
        "userDefined": false
      }
    ],
    "isTemplate": false,
    "count": 0,
    "updated": 1522593570
  },
  {
    "id": "6223e733-fa29-485a-ab75-31e6c125da54",
    "data": [
      {
        "text": "je recommancais ma plaquette de trinordiol a chaque début de cycle soit seulement aprés 4 jours d\u0027arrêt au lieu des 7 reglementaires .puis je désormais faire la pause des 7 jours sans risque ou risquerais je de toute me\"dérégler\"??",
        "userDefined": false
      }
    ],
    "isTemplate": false,
    "count": 0,
    "updated": 1522593570
  },
  {
    "id": "2ffc5708-3c35-43e6-abcb-07a53d4da2c1",
    "data": [
      {
        "text": "Que faire en cas d\u0027intoxication aux antibiotiques, dont pyostacine ?",
        "userDefined": false
      }
    ],
    "isTemplate": false,
    "count": 0,
    "updated": 1522593570
  },
  {
    "id": "cc3433c0-0222-4050-8371-131f857ed22b",
    "data": [
      {
        "text": "prendre 2 plakette de suite! effets avec diane? qi peut me conseiller?",
        "userDefined": false
      }
    ],
    "isTemplate": false,
    "count": 0,
    "updated": 1522593570
  },
  {
    "id": "280985e4-9720-4e5d-a4d3-c54707e0878d",
    "data": [
      {
        "text": "salut les filles j\u0027ai mirena depuis 2 ans ,j\u0027ai de forte migraine ventre qui gonfle douleur en bas du ventre comme des contraction baisse de libido les fils on disparu mais ma gygy dit que c\u0027est pas grave et que touts ces symptôme n\u0027en rien a voir .et maintenant en faisant une eco (car douleur sur le cote droit) j\u0027ai appris que mon stérilet été place trop bas je ne sais pas quoi faire pouvez vous m\u0027aider ?",
        "userDefined": false
      }
    ],
    "isTemplate": false,
    "count": 0,
    "updated": 1522593570
  },
  {
    "id": "f7a4aba2-5960-4cf3-9382-b74095c5213a",
    "data": [
      {
        "text": "oubli 1er patch evra \u003d que faire ?",
        "userDefined": false
      }
    ],
    "isTemplate": false,
    "count": 0,
    "updated": 1522593570
  },
  {
    "id": "57fd8666-0675-4875-9f9f-5c1605c348f9",
    "data": [
      {
        "text": "sirop pour toux sèche pour soigner une toux grasse ?",
        "userDefined": false
      }
    ],
    "isTemplate": false,
    "count": 0,
    "updated": 1522593570
  },
  {
    "id": "7a0d6e30-da58-49aa-91f8-43554a95e200",
    "data": [
      {
        "text": "Est ce que je peux arrêter le traitement à n\u0027importe quel moment si j\u0027observe une amélioration ? Je prends de l\u0027azithromycine.",
        "userDefined": false
      }
    ],
    "isTemplate": false,
    "count": 0,
    "updated": 1522593570
  },
  {
    "id": "9630d721-4c25-4c6a-9af2-849e200718b3",
    "data": [
      {
        "text": "Que faire si surdosage de doliprane ?",
        "userDefined": false
      }
    ],
    "isTemplate": false,
    "count": 0,
    "updated": 1522593570
  },
  {
    "id": "5c18e49e-52d3-4b86-a348-9d1b2d43367c",
    "data": [
      {
        "text": "dt polio oublie d\u0027un vaccin probleme? help",
        "userDefined": false
      }
    ],
    "isTemplate": false,
    "count": 0,
    "updated": 1522593570
  },
  {
    "id": "985cf4d3-24ae-4f15-9314-3d468b1b7c99",
    "data": [
      {
        "text": "j\u0027ai entamer ma nouvelle plaquette de leeloo gé en oubliant totalement les 7 jours sans. je le disais, vu que je n\u0027ai pris qu\u0027un seul comprimé de ma plaquette, je peux quand meme faire l\u0027arret de 7 jours ? dans ce cas ca modifierai juste la reprise d\u0027une journée non ?",
        "userDefined": false
      }
    ],
    "isTemplate": false,
    "count": 0,
    "updated": 1522593570
  },
  {
    "id": "2fb12bd0-5597-4d59-959d-a73459928d7c",
    "data": [
      {
        "text": "Samedi dernier, j\u0027ai fini ma plaquette d\u0027effiprev normalement et aujourd\u0027hui je n\u0027ai tjr pas mes règles, que dois-je faire?",
        "userDefined": false
      }
    ],
    "isTemplate": false,
    "count": 0,
    "updated": 1522593570
  },
  {
    "id": "87968ccf-dc6b-48ab-a480-4d32803f86b4",
    "data": [
      {
        "text": "je prends la pilule triella et je les ai prises dans nimporte quel ordre.  peut-il y avoir des conséquences ?",
        "userDefined": false
      }
    ],
    "isTemplate": false,
    "count": 0,
    "updated": 1522593570
  },
  {
    "id": "1bdb3084-d95b-4ef3-b495-8069ebd53b1e",
    "data": [
      {
        "text": "bonsoir, je prend la pilule trinordiol et aujourd\u0027hui j\u0027ai finis ma plaquette avec un jour d\u0027avance (jeudi donc au lieu de vendredi). je me suis rendue compte que hier j\u0027ai pris par inadvertence deux fois ma pilule en deux heures de temps. je suis donc un peu perdue: que faire pour mon jour qui me manque? comment reprendre normalement ma nouvelle plaquette? celà va-t-il décaler mon cycle? je vous remercie d\u0027avance pour vos réponses car c\u0027est la première fois que je me retrouve dans cette situation et je ne sais pas trop quoi faire.  °elfa°",
        "userDefined": false
      }
    ],
    "isTemplate": false,
    "count": 0,
    "updated": 1522593570
  },
  {
    "id": "e9c5bc2f-8bf9-475d-b0d7-bf66a248d014",
    "data": [
      {
        "text": "je prend mélodia depuis 15 jours, c la 1ere fois que je prend la pilule et je ne la prend pa a des heures fixes est ce que je sui bien protégé quand meme ?",
        "userDefined": false
      }
    ],
    "isTemplate": false,
    "count": 0,
    "updated": 1522593570
  },
  {
    "id": "e810a322-631c-4940-9b84-3dacdbf2cf2b",
    "data": [
      {
        "text": "je suis actuellement sous jasmine (21 comprimés)et entre 2 plaquettes j\u0027ai laissé 6 jours au lieu de 7. dois je continuer ma plaquette ? ou dois je retarder ma plaquette de quelques jours laisser un intervalle de plus de 9 jours au lieu de 7 afin de reprendre le rythme normal ?",
        "userDefined": false
      }
    ],
    "isTemplate": false,
    "count": 0,
    "updated": 1522593570
  },
  {
    "id": "ee35cb09-2abf-4929-8208-d4f2441fcd27",
    "data": [
      {
        "text": "je prends la méliane , hier j\u0027étais sensée recommencer ma plaquette après la semaine d\u0027interruption et j\u0027ai oublié..ce soir j\u0027ai pris le comprimé d\u0027hier plus aujourd\u0027hui mais pas en même temps (a 1h d\u0027intervalle environ) or il fallait prendre les 2 comprimés simultanément..est ce grave?",
        "userDefined": false
      }
    ],
    "isTemplate": false,
    "count": 0,
    "updated": 1522593570
  },
  {
    "id": "1cae0541-63e6-4848-89a9-5645335c275e",
    "data": [
      {
        "text": "j\u0027ai subi une greff il y a 9mois et je prend actuellement du neoral 50mg le matin et 25 le soir. hors pour le première fois je viens d\u0027inverser les deux et j\u0027ai pris 50mg le soir. je ne sais pas quoi faire.",
        "userDefined": false
      }
    ],
    "isTemplate": false,
    "count": 0,
    "updated": 1522593570
  },
  {
    "id": "ab55047f-fb5b-4851-8dbf-4a838c48de58",
    "data": [
      {
        "text": "Question pilule : patiente sous optilova qui la prend à 19h. Hier elle a pris son comprimé à 19h et à minuit croyant l\u0027avoir oubliée elle en a pris un 2eme. Est-ce qu’elle doit prendre le comprimé ou sauter la prise ?",
        "userDefined": false
      }
    ],
    "isTemplate": false,
    "count": 0,
    "updated": 1522593570
  },
  {
    "id": "ce5e670a-3ca1-4ac2-87eb-82964bc6cdd3",
    "data": [
      {
        "text": "Biceptine dans l\u0027œil, que faire ?",
        "userDefined": false
      }
    ],
    "isTemplate": false,
    "count": 0,
    "updated": 1522593570
  },
  {
    "id": "0e483542-e7b2-4bcb-a3f7-334c34877ff1",
    "data": [
      {
        "text": "Que faire si le nuvaring a été rompu?",
        "userDefined": false
      }
    ],
    "isTemplate": false,
    "count": 0,
    "updated": 1522593570
  },
  {
    "id": "fc5cb9fc-3989-49da-9ba9-b1ce6931ce16",
    "data": [
      {
        "text": "Que faire en cas de perte de mon nuvaring ?",
        "userDefined": false
      }
    ],
    "isTemplate": false,
    "count": 0,
    "updated": 1522593570
  },
  {
    "id": "ed766f68-6b15-463a-8d7b-f77a4d01d13e",
    "data": [
      {
        "text": "influenzinum, dose du mois oubliée que faire??",
        "userDefined": false
      }
    ],
    "isTemplate": false,
    "count": 0,
    "updated": 1522593570
  },
  {
    "id": "6d6a1628-32a4-49fc-920c-e45621479857",
    "data": [
      {
        "text": "je viens de me rendre compte que j\u0027ai commencé ma pause de 7 jours de ma plaquette leeloo trop tot. est-ce que je dois abréger ma pause de 7 jours ou faire comme si javais bien fini ma plaquette et compter 7 jours depuis le dernier comprimé ?",
        "userDefined": false
      }
    ],
    "isTemplate": false,
    "count": 0,
    "updated": 1522593570
  },
  {
    "id": "09cf1bee-38a3-46c9-8e94-a15aee6ee042",
    "data": [
      {
        "text": "Quelle est la conduite à tenir en cas de surdosage à la Primidone?",
        "userDefined": false
      }
    ],
    "isTemplate": false,
    "count": 0,
    "updated": 1522593570
  },
  {
    "id": "57fcf557-f9c7-4848-a8d4-e28269c14bd2",
    "data": [
      {
        "text": "Que faire si un patient sous Aubagio présente des ALAT supérieures à 3 fois la normale?",
        "userDefined": false
      }
    ],
    "isTemplate": false,
    "count": 0,
    "updated": 1522593570
  },
  {
    "id": "8b6ad248-e2a1-4d45-9aa0-d3a778006e06",
    "data": [
      {
        "text": "surdosade de uvedose : que faire ?",
        "userDefined": false
      }
    ],
    "isTemplate": false,
    "count": 0,
    "updated": 1522593570
  },
  {
    "id": "2fd89c80-8cc3-437e-ae0c-eb4c489eeffc",
    "data": [
      {
        "text": "je prends meliane depuis quelques mois seulement. j\u0027en suis à ma deuxieme plaquette. je commence le mardi donc jai commencé tout à fait normalement le mardi 30. jusqu\u0027au dimanche 5 pas de probleme. sauf que hier lundi au lieu de prendre à la suite, jai pris la dernière pillule de la plaquette. que dois je faire aujourdhui? je prends le sens normal et prends celle de lundi (hier)? ou? jespere avoir été à peu pres clair. jattends vos reponses merci",
        "userDefined": false
      }
    ],
    "isTemplate": false,
    "count": 0,
    "updated": 1522593570
  },
  {
    "id": "03bead26-579b-4724-845b-08adb6b21363",
    "data": [
      {
        "text": "Que faire si mon patient ne réalise pas régulièrement sa mesure de glycémie alors qu\u0027il prend de l\u0027insuline injectable ?",
        "userDefined": false
      }
    ],
    "isTemplate": false,
    "count": 0,
    "updated": 1522593570
  },
  {
    "id": "6a53bdfe-1fc6-4c8c-bfc2-e5dc0193436b",
    "data": [
      {
        "text": "je suis devenu accros au paracétamol et il y a deux jours j\u0027ai dépasser les 10g choses. j\u0027entendais mon ventre faire du bruit j\u0027ai vu que c\u0027était néfaste pour le foie .. et depuis ces 2 jours j\u0027ai une fatigue énorme , un mal de ventre et des nausée. dois je aller aux urgence ?",
        "userDefined": false
      }
    ],
    "isTemplate": false,
    "count": 0,
    "updated": 1522593570
  },
  {
    "id": "3423179e-c44f-48a9-b7f9-d4a572d96c69",
    "data": [
      {
        "text": "le gyneco m\u0027a prescrit minidril et 2 jours après, les saignements se sont arrêtés. Mais ayant enchainé une 2eme plaquette sans interruption, j\u0027ai aujourd hui mes regles. Comment ça se fait que j\u0027ai mes regles sans avoir arreté la pilule ? que faut il faire dans ce cas ?",
        "userDefined": false
      }
    ],
    "isTemplate": false,
    "count": 0,
    "updated": 1522593570
  },
  {
    "id": "9e4de120-5290-479b-b149-5845c2f5fb67",
    "data": [
      {
        "text": "j\u0027ai oublié de ramener ma plaquette de pillule daily gé. je suis allé en acheter une à la pharmacie et j\u0027ai ainsi pu continuer la prise de pillule la où j\u0027en étais, la 11ème pillule. le problème c\u0027est que je me suis trompé et j\u0027ai pris la 10ème au lieu de la 12ème et ce week end j\u0027ai fais l\u0027amour avec mon copain. est ce grave? comment dois je faire ?",
        "userDefined": false
      }
    ],
    "isTemplate": false,
    "count": 0,
    "updated": 1522593570
  },
  {
    "id": "f9561563-63e4-4e2d-b252-03c099828a35",
    "data": [
      {
        "text": "je dois avoir tous mes rappels de vaccin à jour. or je viens de me rendre compte que ma dernière injection dt polio remonte à 1996 et que mon rappel de 2001 m\u0027est passé au dessus de la tête. donc 2 ans aprés ce rappel loupé, que dois-je faire ? faire ce rappel malgré tout avec 2 ans de retard ou dois-je recommencer toute une série d\u0027injections??",
        "userDefined": false
      }
    ],
    "isTemplate": false,
    "count": 0,
    "updated": 1522593570
  },
  {
    "id": "8c3cc1c9-8b63-468e-a099-7447bfcb286d",
    "data": [
      {
        "text": "Est-ce que je dois reprendre une dose d’antibiotique si j’ai vomis environ 75 minutes après l’avoir prise ?",
        "userDefined": false
      }
    ],
    "isTemplate": false,
    "count": 0,
    "updated": 1522593570
  },
  {
    "id": "dbe18464-89cf-491b-bb73-143b8cbe5508",
    "data": [
      {
        "text": "Que faire en cas d oublis répétés de la prise d\u0027antibiotique ?",
        "userDefined": false
      }
    ],
    "isTemplate": false,
    "count": 0,
    "updated": 1522593570
  },
  {
    "id": "9df43217-dc3b-44f9-a4ac-823348378cf1",
    "data": [
      {
        "text": "je prends ludéal gé (générique de minidril) et hier, j\u0027ai eu des vomissements moins de 4 heures après avoir pris ma pilule. n\u0027ayant pas de plaquette de secours, j\u0027ai pris la pilule du jour suivant. dois-je me protéger d\u0027une autre façon jusqu\u0027à la fin de ma plaquette ?",
        "userDefined": false
      }
    ],
    "isTemplate": false,
    "count": 0,
    "updated": 1522593570
  },
  {
    "id": "344e147b-8745-4be0-aa87-ba9012bbdf59",
    "data": [
      {
        "text": "depuis 1 semaine je prend le patch evra. Il s\u0027est décoller plusieurs fois et je l\u0027ai recoller, que faire?",
        "userDefined": false
      }
    ],
    "isTemplate": false,
    "count": 0,
    "updated": 1522593570
  },
  {
    "id": "6cc247a7-cfc5-4158-b1fe-7d305385d85f",
    "data": [
      {
        "text": "Une patiente actuellement traitée par Escitalopram Cristers souhaite diminuer les doses pour progressivement arrêter son traitement, elle coupe donc les comprimés en deux, peut-elle continuer ?",
        "userDefined": false
      }
    ],
    "isTemplate": false,
    "count": 0,
    "updated": 1522593570
  },
  {
    "id": "452bb7c8-5f7b-4d8b-b759-c6e978c0d935",
    "data": [
      {
        "text": "je prends minesse et je l\u0027ai oublié mercredi soir et jeudi soir. je m\u0027en suis rendu compte vendredi matin. hier j\u0027ai pris une pilule le matin et une le soir, et pour aujourd\u0027hui pareil pour rattraper les 2 pilules. mais est ce que le corps peut supporter 4 pilules en 2 jours?",
        "userDefined": false
      }
    ],
    "isTemplate": false,
    "count": 0,
    "updated": 1522593570
  },
  {
    "id": "d351b178-49e4-4a9d-87d1-5b0a34d7862d",
    "data": [
      {
        "text": "A partir de combien de temps on peut avoir un rapport sexuel après l\u0027administration de Colpotrophine?",
        "userDefined": false
      }
    ],
    "isTemplate": false,
    "count": 0,
    "updated": 1522593570
  },
  {
    "id": "2684929b-3041-43eb-902f-bb8dd34c51a2",
    "data": [
      {
        "text": "hier soir j\u0027ai pris la pilule n°21 au lieu de la pilule n° 12. qu\u0027est-ce que je dois faire?",
        "userDefined": false
      }
    ],
    "isTemplate": false,
    "count": 0,
    "updated": 1522593570
  },
  {
    "id": "04c87096-6afb-4f3c-8988-f7c5bee6c42c",
    "data": [
      {
        "text": "bonjour,  j\u0027utilise la pilule daily gé et je me suis rendue compte en comptant la 2eme semaine que j\u0027avais oublier un comprimé. en panique j\u0027en ai pris 2 d\u0027affilé et j\u0027ai continuer ma plaquette jusqu\u0027a la fin mais là je ne sais pas si je dois effectuer ma semaine d\u0027arret ou non. de plus j\u0027ai eu des rapports non protégé ac mon chéri avec ejaculation avant l\u0027oubli de ce comrpimé. les risques sont ils important ? je pensais que malgre un oubli la pilule prise depuis ltp protegeait quand meme vu que certaine femme apres arret ne peuvent pas avoir d\u0027enfant et qu\u0027il faut un temps.j\u0027ai l\u0027impression que cette idee s\u0027avere fausse. merci d\u0027avance pour vos conseils",
        "userDefined": false
      }
    ],
    "isTemplate": false,
    "count": 0,
    "updated": 1522593570
  },
  {
    "id": "c3f5c78d-7844-43d0-b637-35be5d0d5ab3",
    "data": [
      {
        "text": "l\u0027une des pilules de ma plaquette de trinordiol était inutilisable. je ne sais que faire : prendre une pillule d\u0027une nouvelle plaquette ou bien arrêter un jour plus tôt ? y a-t-il des risques dans ce cas-là? faut-il que je recommence la plaquette suivante 7 jours plus tard ou le jour habituel?",
        "userDefined": false
      }
    ],
    "isTemplate": false,
    "count": 0,
    "updated": 1522593570
  },
  {
    "id": "64cfb0e7-5bb1-484f-9916-7540e479140b",
    "data": [
      {
        "text": "je me vaccine par l\u0027homéopathie contre la grippe, j\u0027ai loupé ma dose du mois dernier.  faut tout que je recommence ou non, je continu comme si de rien n\u0027etait?",
        "userDefined": false
      }
    ],
    "isTemplate": false,
    "count": 0,
    "updated": 1522593570
  },
  {
    "id": "99c6e928-620f-421e-9703-608dab08ba32",
    "data": [
      {
        "text": "vaccin: râter les rappels \u003d que faire ?",
        "userDefined": false
      }
    ],
    "isTemplate": false,
    "count": 0,
    "updated": 1522593570
  },
  {
    "id": "51047f4f-eabc-4bbc-a161-06aa23fcfec2",
    "data": [
      {
        "text": "que faire en cas de doses assez élevées d\u0027ibuprofene ?! (8 cp de 400gr)",
        "userDefined": false
      }
    ],
    "isTemplate": false,
    "count": 0,
    "updated": 1522593570
  },
  {
    "id": "552b7762-043e-42a3-bd96-fa3672463332",
    "data": [
      {
        "text": "J\u0027ai vomit ma pilule et en ai repris une autre, puis-je continuer ma plaquette normalement ?",
        "userDefined": false
      }
    ],
    "isTemplate": false,
    "count": 0,
    "updated": 1522593570
  },
  {
    "id": "ba1d239d-3b60-4747-9cdb-32e7a113f1f4",
    "data": [
      {
        "text": "je suis sous diane 35 depuis 5 mois, et faute d\u0027inattention hier soir j\u0027ai pris un comprimé adépal ! et ce matin j\u0027ai repris ma pilule diane 35. que dois je faire ?",
        "userDefined": false
      }
    ],
    "isTemplate": false,
    "count": 0,
    "updated": 1522593570
  },
  {
    "id": "304ab1ff-63db-45cd-a923-e7ddc823e907",
    "data": [
      {
        "text": "elle a commencé triella avec 1 semaine de retard et avec la pilule 8. que faire ?",
        "userDefined": false
      }
    ],
    "isTemplate": false,
    "count": 0,
    "updated": 1522593570
  },
  {
    "id": "2a9f22b3-180f-40ef-8172-c4cd1b33f3a6",
    "data": [
      {
        "text": "je prends la pilule adépal et j\u0027ai oublié de faire un arret de 7 jours cad que j\u0027ai pris ma pilule pendant 21 jours et le 22e jour j\u0027ai recommencé la nouvelle plaquette. est ce que tout mon cycle sera déréglé ?",
        "userDefined": false
      }
    ],
    "isTemplate": false,
    "count": 0,
    "updated": 1522593570
  },
  {
    "id": "7381de73-fa63-4d12-bd02-3aa76e83b155",
    "data": [
      {
        "text": "Quelle est la procédure d\u0027élimination accélérée de l\u0027Aubagio à suivre en cas de grossesse?",
        "userDefined": false
      }
    ],
    "isTemplate": false,
    "count": 0,
    "updated": 1522593570
  },
  {
    "id": "9051fce2-3f5d-4019-bade-e7d089e99b2f",
    "data": [
      {
        "text": "Que dois-je si j\u0027oublis la prise de ma pilule optimizette?",
        "userDefined": false
      }
    ],
    "isTemplate": false,
    "count": 0,
    "updated": 1522593570
  },
  {
    "id": "537ce019-6bdb-4aa6-bb8a-2015b38d3864",
    "data": [
      {
        "text": "Que faire si un patient sous Aubagio présente des ALAT entre 2 et 3 fois la normale?",
        "userDefined": false
      }
    ],
    "isTemplate": false,
    "count": 0,
    "updated": 1522593570
  }
]