[
  {
    "id": "21784267-82ae-451a-bf60-58814f22a8eb",
    "data": [
      {
        "text": "celebrex existe en quels dosages ?",
        "userDefined": false
      }
    ],
    "isTemplate": false,
    "count": 0,
    "updated": 1522593226
  },
  {
    "id": "4bb3a9c2-9fe2-44dc-b8b8-d1c859dacd73",
    "data": [
      {
        "text": "autre dosages possibles que glucophage 100 ?",
        "userDefined": false
      }
    ],
    "isTemplate": false,
    "count": 0,
    "updated": 1522593226
  },
  {
    "id": "f717f3e6-bca7-4734-8dee-8c259df7b6e0",
    "data": [
      {
        "text": "arestal existe-t-il en 1 mg ou 2 mg?",
        "userDefined": false
      }
    ],
    "isTemplate": false,
    "count": 0,
    "updated": 1522593226
  },
  {
    "id": "3d804139-2e0f-48b8-aaed-cdd169e35536",
    "data": [
      {
        "text": "Savez-vous combien il y a de gouttes dans une unidose de mydriaticum ?",
        "userDefined": false
      }
    ],
    "isTemplate": false,
    "count": 0,
    "updated": 1522593226
  },
  {
    "id": "0a96a776-a6bb-4dd1-addc-e446b512f017",
    "data": [
      {
        "text": "leponex, quels dosage sont disponibles en pharmacie ?",
        "userDefined": false
      }
    ],
    "isTemplate": false,
    "count": 0,
    "updated": 1522593226
  },
  {
    "id": "1c222b8d-2eda-4793-b833-10b073648505",
    "data": [
      {
        "text": "minidril, tous les comprimé sont dosé pareil ??",
        "userDefined": false
      }
    ],
    "isTemplate": false,
    "count": 1,
    "updated": 1522593226
  },
  {
    "id": "6f8cfcaa-8141-4906-aef5-231b32be1782",
    "data": [
      {
        "text": "gelsemium 9ph et igniaca 9ph : d\u0027autres dilutions existent ?",
        "userDefined": false
      }
    ],
    "isTemplate": false,
    "count": 0,
    "updated": 1522593226
  },
  {
    "id": "3862df12-dc97-41cd-a5bc-d77c7f52fc28",
    "data": [
      {
        "text": "Quels sont les différents dosages disponibles pour le Lamictal?",
        "userDefined": false
      }
    ],
    "isTemplate": false,
    "count": 0,
    "updated": 1522593226
  },
  {
    "id": "bc53536f-02f1-4095-a56a-73ad2266cd65",
    "data": [
      {
        "text": "y-a-t il plusieurs dosages du kardegic?",
        "userDefined": false
      }
    ],
    "isTemplate": false,
    "count": 0,
    "updated": 1522593226
  },
  {
    "id": "e0702401-3580-454d-a250-22c3acc91983",
    "data": [
      {
        "text": "phosphoricum acidum : quelles dilutions ?",
        "userDefined": false
      }
    ],
    "isTemplate": false,
    "count": 0,
    "updated": 1522593226
  },
  {
    "id": "03620009-1813-4d5e-8276-8f3df82f34b1",
    "data": [
      {
        "text": "Quels sont les différents dosages d\u0027infarix disponibles ?",
        "userDefined": false
      }
    ],
    "isTemplate": false,
    "count": 0,
    "updated": 1522593226
  },
  {
    "id": "4528abd1-52e6-496b-9671-c28591466e4a",
    "data": [
      {
        "text": "patch evra : même dosage ??",
        "userDefined": false
      }
    ],
    "isTemplate": false,
    "count": 0,
    "updated": 1522593226
  },
  {
    "id": "f6291abf-8cd4-4dfa-92ef-43bddc88b5cd",
    "data": [
      {
        "text": "cymbalta existe en 30mg ou 60 mg ?",
        "userDefined": false
      }
    ],
    "isTemplate": false,
    "count": 0,
    "updated": 1522593226
  },
  {
    "id": "52b913a5-aa8e-4553-ac8d-9f830f9749c7",
    "data": [
      {
        "text": "Pourquoi 2 injections de vaccin Havrix 720 ne sont pas équivalentes à une injection d\u0027Havrix 1440?",
        "userDefined": false
      }
    ],
    "isTemplate": false,
    "count": 0,
    "updated": 1522593226
  },
  {
    "id": "29fcd578-bec9-41e3-a662-45263135bf70",
    "data": [
      {
        "text": "existe t-il d\u0027autres dosages que le Xeroquel 400mg?",
        "userDefined": false
      }
    ],
    "isTemplate": false,
    "count": 0,
    "updated": 1522593226
  },
  {
    "id": "cc6b5554-952e-49a6-952b-206f41eb7062",
    "data": [
      {
        "text": "cymbalta 30 ou 60 mg ?",
        "userDefined": false
      }
    ],
    "isTemplate": false,
    "count": 0,
    "updated": 1522593226
  },
  {
    "id": "570faa1b-ce25-4bca-9dc5-d4879ad6090f",
    "data": [
      {
        "text": "Quel est le dosage minimal d\u0027abilify ?",
        "userDefined": false
      }
    ],
    "isTemplate": false,
    "count": 0,
    "updated": 1522593226
  },
  {
    "id": "c378dd07-1f8d-44c8-83a2-4504c0202153",
    "data": [
      {
        "text": "Une pharmacienne reçoit la prescription d\u0027Eporatio 40000 UI à faire par une IDE. Elle remarque que seul le dosage 20000UI existe, l\u0027infirmière devra-t-elle faire 2 injections ?",
        "userDefined": false
      }
    ],
    "isTemplate": false,
    "count": 0,
    "updated": 1522593226
  },
  {
    "id": "c9d1281c-6738-42f1-8335-0dea25eb86c3",
    "data": [
      {
        "text": "Quelle est  la quantité de doses poids dans le Debridat nourrisson?",
        "userDefined": false
      }
    ],
    "isTemplate": false,
    "count": 0,
    "updated": 1522593226
  },
  {
    "id": "831a6753-7b0c-4447-8ed9-2d2c355a6e3b",
    "data": [
      {
        "text": "quels sont les dosages existant du Xeroquel ?",
        "userDefined": false
      }
    ],
    "isTemplate": false,
    "count": 0,
    "updated": 1522593226
  },
  {
    "id": "b609e053-f4f7-4cff-b6a5-7b6d2d40daf2",
    "data": [
      {
        "text": "Existe-t\u0027il des comprimés de Sifrol LP 0,7 mg?",
        "userDefined": false
      }
    ],
    "isTemplate": false,
    "count": 0,
    "updated": 1522593226
  },
  {
    "id": "cae26f0e-96e9-41f8-9813-adf4abafc907",
    "data": [
      {
        "text": "risperdal ?? Quels dosages existent ?",
        "userDefined": false
      }
    ],
    "isTemplate": false,
    "count": 0,
    "updated": 1522593226
  },
  {
    "id": "123bffbf-eaf6-41c8-b2c8-d646e32ecf50",
    "data": [
      {
        "text": "quels sont les dosages du crestor?",
        "userDefined": false
      }
    ],
    "isTemplate": false,
    "count": 0,
    "updated": 1522593226
  },
  {
    "id": "b7ff2b7e-7ead-4f69-8880-5d8fefce19e2",
    "data": [
      {
        "text": "seroplex est-il en  5mg ?",
        "userDefined": false
      }
    ],
    "isTemplate": false,
    "count": 0,
    "updated": 1522593226
  },
  {
    "id": "b4938b89-9654-4984-92e0-7c081949b916",
    "data": [
      {
        "text": "je voudrais savoir quel sont les doses de thymuline granules pour ma fille alexandra 29 mois.?",
        "userDefined": false
      }
    ],
    "isTemplate": false,
    "count": 0,
    "updated": 1522593226
  },
  {
    "id": "ac902a5f-8752-491e-bf18-d2c43e606309",
    "data": [
      {
        "text": "Est-ce qu\u0027il existe de l\u0027augmentin en sirop dosé à 500mg ?",
        "userDefined": false
      }
    ],
    "isTemplate": false,
    "count": 0,
    "updated": 1522593226
  },
  {
    "id": "2eda6d84-58f1-44de-945d-08654af0486b",
    "data": [
      {
        "text": "dosage du seroplex ..10 mg ? ..20 mg.. ?",
        "userDefined": false
      }
    ],
    "isTemplate": false,
    "count": 0,
    "updated": 1522593226
  },
  {
    "id": "7296e4de-aa1b-4386-8e15-2008d3eedc2e",
    "data": [
      {
        "text": "effexor 50 mg dosage ?",
        "userDefined": false
      }
    ],
    "isTemplate": false,
    "count": 0,
    "updated": 1522593226
  },
  {
    "id": "48451b84-4b16-4e67-9c6d-2d5a01d2e1ff",
    "data": [
      {
        "text": "dose du deroxat  ?",
        "userDefined": false
      }
    ],
    "isTemplate": false,
    "count": 0,
    "updated": 1522593226
  }
]