[
  {
    "id": "2bde0173-2dee-4c41-8ebf-3bea0258f2d3",
    "data": [
      {
        "text": "On peut porter un patch evra en continu ?",
        "userDefined": false
      }
    ],
    "isTemplate": false,
    "count": 0,
    "updated": 1522593226
  },
  {
    "id": "c39fe448-6a60-457c-b876-6a5b685d43d0",
    "data": [
      {
        "text": "patch climara? Comment l\u0027utiliser ?",
        "userDefined": false
      }
    ],
    "isTemplate": false,
    "count": 0,
    "updated": 1522593226
  },
  {
    "id": "70ab2558-f7a9-4973-8c83-f220dee3bae9",
    "data": [
      {
        "text": "où mettez-vous le patch evra pour être sur qu\u0027il ne se décolle pas ?",
        "userDefined": false
      }
    ],
    "isTemplate": false,
    "count": 0,
    "updated": 1522593226
  },
  {
    "id": "70b1b7b7-6ecf-4cec-91dc-0dac73c24923",
    "data": [
      {
        "text": "patch evra : sparadrap?",
        "userDefined": false
      }
    ],
    "isTemplate": false,
    "count": 0,
    "updated": 1522593226
  },
  {
    "id": "4a19a30f-c050-4996-a758-3a29012ffe03",
    "data": [
      {
        "text": "Peut-on couper le patch de Neupro pour obtenir des demi-doses?",
        "userDefined": false
      }
    ],
    "isTemplate": false,
    "count": 0,
    "updated": 1522593226
  },
  {
    "id": "d2bd1937-ef4b-4bc1-86fa-a651eb62a414",
    "data": [
      {
        "text": "j\u0027ai voulu mettre mon patch evra en haut de la fesse. cependant, je l\u0027ai mis plutôt en bas du dos. faut-il que j\u0027en mette un autre ?",
        "userDefined": false
      }
    ],
    "isTemplate": false,
    "count": 0,
    "updated": 1522593226
  },
  {
    "id": "1af06a82-63c9-40b9-b87e-606614b048c4",
    "data": [
      {
        "text": "patch evra : est ce qu\u0027on peut mettre un sparadrap?",
        "userDefined": false
      }
    ],
    "isTemplate": false,
    "count": 1,
    "updated": 1522593226
  },
  {
    "id": "24284719-f494-4162-9a4b-8120e3027c9f",
    "data": [
      {
        "text": "Comment éviter que le patch de Neupro se décolle?",
        "userDefined": false
      }
    ],
    "isTemplate": false,
    "count": 0,
    "updated": 1522593226
  },
  {
    "id": "d0aab2a8-ed32-4869-a684-b3afd139ee3f",
    "data": [
      {
        "text": "patch evra : conseil pour le mettre ?",
        "userDefined": false
      }
    ],
    "isTemplate": false,
    "count": 0,
    "updated": 1522593226
  },
  {
    "id": "0e78d4da-a0de-490a-9986-aae447cf0d61",
    "data": [
      {
        "text": "Est-ce qu’il est déconseillé de mettre un patch emla avant les vaccins?",
        "userDefined": false
      }
    ],
    "isTemplate": false,
    "count": 0,
    "updated": 1522593226
  },
  {
    "id": "e38736a0-d1b5-455e-871c-657d4a808dad",
    "data": [
      {
        "text": "patch evra je me pose plein de questions",
        "userDefined": false
      }
    ],
    "isTemplate": false,
    "count": 0,
    "updated": 1522593226
  },
  {
    "id": "9a456592-8106-4565-9991-5f445e3745ea",
    "data": [
      {
        "text": "evra : conseil pour mettre le patch ?",
        "userDefined": false
      }
    ],
    "isTemplate": false,
    "count": 0,
    "updated": 1522593226
  },
  {
    "id": "06a214ac-05e9-4cc7-b5df-d896d2442b38",
    "data": [
      {
        "text": "patch evra doit-il être mouillé ?",
        "userDefined": false
      }
    ],
    "isTemplate": false,
    "count": 0,
    "updated": 1522593226
  },
  {
    "id": "a2e67bf7-4741-4305-bbb2-ba8767f687be",
    "data": [
      {
        "text": "Un patch de fentanyl s\u0027est décollé au bout de 2 jours d\u0027utilisation, que doit-on faire ?",
        "userDefined": false
      }
    ],
    "isTemplate": false,
    "count": 0,
    "updated": 1522593226
  },
  {
    "id": "cbaf003e-5b6c-4137-90cd-81cd64260909",
    "data": [
      {
        "text": "patch emla s\u0027applique combien de temps avant le vaccin ?",
        "userDefined": false
      }
    ],
    "isTemplate": false,
    "count": 0,
    "updated": 1522593226
  },
  {
    "id": "20f474c4-e732-4fea-926d-86efaa82ec2d",
    "data": [
      {
        "text": "j\u0027ai voulu mettre mon patch evra en haut de la fesse. cependant, je l\u0027ai mis plutôt en bas du dos. est-ce que ça peut poser problème ?",
        "userDefined": false
      }
    ],
    "isTemplate": false,
    "count": 0,
    "updated": 1522593226
  },
  {
    "id": "4f0f1360-bafe-4de9-a8fc-8a17776c6c88",
    "data": [
      {
        "text": "pouvez vous m\u0027éclairer sur l\u0027endroit où je dois coller le patch emla anesthésiant au niveau de la cuisse de mon bébé avant sa vaccination ?",
        "userDefined": false
      }
    ],
    "isTemplate": false,
    "count": 0,
    "updated": 1522593226
  },
  {
    "id": "1bffdf5e-056f-45fc-bc1e-dd1781041e18",
    "data": [
      {
        "text": "le femseptcombi le patch qui se décolle comment faire?",
        "userDefined": false
      }
    ],
    "isTemplate": false,
    "count": 0,
    "updated": 1522593226
  },
  {
    "id": "37f266d5-bca9-4292-9c47-cea308bddcd6",
    "data": [
      {
        "text": "patch evra : à appliquer soit-même ?",
        "userDefined": false
      }
    ],
    "isTemplate": false,
    "count": 0,
    "updated": 1522593226
  },
  {
    "id": "340e3513-5b0e-40b5-ad59-188167547ec5",
    "data": [
      {
        "text": "j\u0027utilise le patch evra. je souhaite le mettre la ou il ne va pas se voir. pouvez vous me donner vos conseils !",
        "userDefined": false
      }
    ],
    "isTemplate": false,
    "count": 0,
    "updated": 1522593226
  },
  {
    "id": "cadc2334-32f4-4cfc-8cdd-613758acc52e",
    "data": [
      {
        "text": "Ou poser le patch d\u0027emla avant un vaccin ?",
        "userDefined": false
      }
    ],
    "isTemplate": false,
    "count": 0,
    "updated": 1522593226
  },
  {
    "id": "e42cd716-3948-4635-915c-aa91bcc2c952",
    "data": [
      {
        "text": "Peut on prendre une douche ou un bain avec un patch de Neupro?",
        "userDefined": false
      }
    ],
    "isTemplate": false,
    "count": 0,
    "updated": 1522593226
  }
]