[
  {
    "id": "bb00c98a-2f38-4ce4-b540-12836307625c",
    "data": [
      {
        "text": "Quelle est la durée de conservation du Tégrétol?",
        "userDefined": false
      }
    ],
    "isTemplate": false,
    "count": 0,
    "updated": 1522593225
  },
  {
    "id": "93f44ec6-3c54-4c15-94cf-46676f7416da",
    "data": [
      {
        "text": "j\u0027ai l\u0027intention de commander de la teinture mère (arnica et callendula) sans alcool  pour mon bébé. si je ne l\u0027ouvre pas est-ce que je peux le garder plus longtemps?",
        "userDefined": false
      }
    ],
    "isTemplate": false,
    "count": 0,
    "updated": 1522593225
  },
  {
    "id": "e6d9fbff-fbfa-489a-916d-ee0792493f9a",
    "data": [
      {
        "text": "on ma prescris l\u0027antibiotique birodogyl. est ce ke cet antibiotique est à conserver au frigidaire?",
        "userDefined": false
      }
    ],
    "isTemplate": false,
    "count": 0,
    "updated": 1522593225
  },
  {
    "id": "7a0d9442-410f-459b-9700-ec140e08a534",
    "data": [
      {
        "text": "nuvaring dans le frigo?",
        "userDefined": false
      }
    ],
    "isTemplate": false,
    "count": 0,
    "updated": 1522593225
  },
  {
    "id": "df53ef2e-8550-4a07-8dbe-d83ef42ee8aa",
    "data": [
      {
        "text": "bonjour j\u0027ai un vaccin boostrixterra depuis 6 mois dans le frigo. est il encore utilisable ?",
        "userDefined": false
      }
    ],
    "isTemplate": false,
    "count": 0,
    "updated": 1522593225
  },
  {
    "id": "27be9977-aba4-4ed0-9b8c-cdbb113f5237",
    "data": [
      {
        "text": "Une externe en pharmacie souhaite connaître les conditions particulières de conservation de Oxaliplatine Mylan 5mg/mL, Mitoxantrone Mylan 20mg/10mL et Trisenox 1mg/mL",
        "userDefined": false
      }
    ],
    "isTemplate": false,
    "count": 0,
    "updated": 1522593225
  },
  {
    "id": "da39050e-9673-4f65-b3b9-1ecc265763b4",
    "data": [
      {
        "text": "amoxicilline mylan 500 mg/5 ml au frigo ?",
        "userDefined": false
      }
    ],
    "isTemplate": false,
    "count": 0,
    "updated": 1522593225
  },
  {
    "id": "1b4ca017-f340-40fe-ad3a-ec6fdeb3e95e",
    "data": [
      {
        "text": "je viens d\u0027acheter le vaccin contre l\u0027hépatite a. entre le départ, la route, l\u0027attente sur place etc..  je vais être près de 5 heures sans le mettre au frais.. y a-t-il un risque pour l\u0027efficacité du vaccin?",
        "userDefined": false
      }
    ],
    "isTemplate": false,
    "count": 0,
    "updated": 1522593225
  },
  {
    "id": "f8dbb8b3-a454-4620-a956-ec313c0d8368",
    "data": [
      {
        "text": "bétadine réutilisable ?",
        "userDefined": false
      }
    ],
    "isTemplate": false,
    "count": 0,
    "updated": 1522593225
  },
  {
    "id": "33db8ddb-bee3-43d2-ab8c-0fff098a7bbe",
    "data": [
      {
        "text": "Un pharmacien souhaite connaître les données de stabilité de Cisplatine Pfizer 100mg",
        "userDefined": false
      }
    ],
    "isTemplate": false,
    "count": 0,
    "updated": 1522593225
  },
  {
    "id": "199a6d5d-8134-4548-a206-fbd9a57e9702",
    "data": [
      {
        "text": "lorsqu\u0027on lit la notice de nuvaring, il est écrit qu\u0027après délivrance la température ne doit pas excéder 30°. cela signifie donc qu\u0027on peut le laisser en dehors du frigo, non? dans ce cas, est-il mieux de le laisser au frigo autant que possible, ou faut-il le sortir?",
        "userDefined": false
      }
    ],
    "isTemplate": false,
    "count": 0,
    "updated": 1522593225
  },
  {
    "id": "0d6ced96-9900-4a43-a95d-0a27ae6f291e",
    "data": [
      {
        "text": "combien de temps peut on conserver un vaccin au frigo?",
        "userDefined": false
      }
    ],
    "isTemplate": false,
    "count": 1,
    "updated": 1522593225
  },
  {
    "id": "4999b667-6ea6-4a74-a9f4-f5c3396994e0",
    "data": [
      {
        "text": "comment ranger ses tubes de granules homéo ??",
        "userDefined": false
      }
    ],
    "isTemplate": false,
    "count": 0,
    "updated": 1522593225
  },
  {
    "id": "03479f02-8e83-43f2-ab2f-c825038669a2",
    "data": [
      {
        "text": "Quelles sont les règles de conservation du Plegridy?",
        "userDefined": false
      }
    ],
    "isTemplate": false,
    "count": 0,
    "updated": 1522593225
  },
  {
    "id": "393b0b2f-4bbe-4abb-902c-c152c38a5849",
    "data": [
      {
        "text": "Une préparatrice à l\u0027hôpital souhaiterai savoir s\u0027il faut conserver à l\u0027abri de la lumière les spécialités suivantes : Doxorubicine Teva Solution injectable, Methotrexate Teva Solution injectable, Mitoxantrone Teva solution a diluer pour perfusion.",
        "userDefined": false
      }
    ],
    "isTemplate": false,
    "count": 0,
    "updated": 1522593225
  },
  {
    "id": "7150c2d8-7471-4e95-95d5-7ccb224dc8ed",
    "data": [
      {
        "text": "conservation amoxicilline 250mg sirop ?",
        "userDefined": false
      }
    ],
    "isTemplate": false,
    "count": 0,
    "updated": 1522593225
  },
  {
    "id": "4b593253-3e00-47a4-b227-2fde975ebd92",
    "data": [
      {
        "text": "j\u0027ai fait mon vaccin hier, le problème c\u0027est le vaccin est resté au frigo environ un mois et demi ! après pas de problème de température, ni de date ( expire en 2010) le vaccin était-il valable ou je dois en refaire un autre?",
        "userDefined": false
      }
    ],
    "isTemplate": false,
    "count": 0,
    "updated": 1522593225
  },
  {
    "id": "1b2ea255-6191-4bbf-9606-0b144af6eda8",
    "data": [
      {
        "text": "doliprane enfant (liquide): durée de conservation ?",
        "userDefined": false
      }
    ],
    "isTemplate": false,
    "count": 0,
    "updated": 1522593225
  },
  {
    "id": "3a204002-7ca6-4b99-b1a9-95e3708e4d83",
    "data": [
      {
        "text": "combien de temps se conserve le vaccin twinrix (hépatites), au frigo?",
        "userDefined": false
      }
    ],
    "isTemplate": false,
    "count": 0,
    "updated": 1522593225
  }
]