[
  {
    "id": "672a382a-cce1-4618-ad88-3ae19ebaf330",
    "data": [
      {
        "text": "je voudrai savoir si bétaserc, serc et lectil ont la même molécule ?",
        "userDefined": false
      }
    ],
    "isTemplate": false,
    "count": 0,
    "updated": 1522593226
  },
  {
    "id": "1140f1d8-b130-4195-9476-ac1a9effb9ab",
    "data": [
      {
        "text": "De quoi est composé le doliprane ?",
        "userDefined": false
      }
    ],
    "isTemplate": false,
    "count": 0,
    "updated": 1522593226
  },
  {
    "id": "73866179-3a65-4e7c-abf8-16ed6bc2394e",
    "data": [
      {
        "text": "est-ce que jasminelle c\u0027est la meme pillule que yasminelle ?",
        "userDefined": false
      }
    ],
    "isTemplate": false,
    "count": 0,
    "updated": 1522593226
  },
  {
    "id": "b972bdf3-53ff-4e24-a712-192f25c00879",
    "data": [
      {
        "text": "qu\u0027elle est la différence de dosage d\u0027hormone entre méliane et mirena ou implanon ?",
        "userDefined": false
      }
    ],
    "isTemplate": false,
    "count": 0,
    "updated": 1522593226
  },
  {
    "id": "be4448fc-3869-4748-ba13-b777e6b18a17",
    "data": [
      {
        "text": "est-ce que le cialis generique a la meme composition que le cialis original ?",
        "userDefined": false
      }
    ],
    "isTemplate": false,
    "count": 0,
    "updated": 1522593226
  },
  {
    "id": "dd87843b-96fe-429a-9bfc-63a6f2fbf4b9",
    "data": [
      {
        "text": "Une préparatrice en pharmacie nous demande quelle est la quantité de lactose contenue dans le Letrozole EG",
        "userDefined": false
      }
    ],
    "isTemplate": false,
    "count": 0,
    "updated": 1522593226
  },
  {
    "id": "66e89411-8c14-49ae-91d5-3a3e882c02b7",
    "data": [
      {
        "text": "qu\u0027y a-t-il dans le vaccin priorix ?",
        "userDefined": false
      }
    ],
    "isTemplate": false,
    "count": 0,
    "updated": 1522593226
  },
  {
    "id": "f355c966-f724-429c-a10a-97d1877b994a",
    "data": [
      {
        "text": "Quels sont les principes actifs du Stalevo?",
        "userDefined": false
      }
    ],
    "isTemplate": false,
    "count": 0,
    "updated": 1522593226
  },
  {
    "id": "865ecbea-ce44-4b25-9a20-d717f57280b1",
    "data": [
      {
        "text": "le gel kine prestige ? C\u0027est quoi dedans ?",
        "userDefined": false
      }
    ],
    "isTemplate": false,
    "count": 0,
    "updated": 1522593226
  },
  {
    "id": "1303546a-3bbb-44a9-8421-3e831be690a0",
    "data": [
      {
        "text": "Quelle est la composition du Pneumovax ?",
        "userDefined": false
      }
    ],
    "isTemplate": false,
    "count": 0,
    "updated": 1522593226
  },
  {
    "id": "e349e2a6-66e4-4298-a6d6-2f68eace340a",
    "data": [
      {
        "text": "je cherche une marque de metformine 1000 sans macrogol en excipient, pouvez-vous m’en indiquer ?",
        "userDefined": false
      }
    ],
    "isTemplate": false,
    "count": 0,
    "updated": 1522593226
  },
  {
    "id": "adcae32a-66d0-45e6-906c-b15e5e50a44c",
    "data": [
      {
        "text": "actonel contient du gluten ?",
        "userDefined": false
      }
    ],
    "isTemplate": false,
    "count": 0,
    "updated": 1522593226
  },
  {
    "id": "2296ead3-a726-462f-a271-28ae4eb726c9",
    "data": [
      {
        "text": "quelqu\u0027un pourrait il m\u0027aider et me dire si y\u0027a une difference entre minidril et son générique ludeal gé ?",
        "userDefined": false
      }
    ],
    "isTemplate": false,
    "count": 0,
    "updated": 1522593226
  },
  {
    "id": "c6a8715a-12b2-4de2-bcae-994706ffbc1a",
    "data": [
      {
        "text": "arkopharma vend des extraits de feuilles de myrtille : combien d\u0027anthocyanosides de myrtille il y a dedans?",
        "userDefined": false
      }
    ],
    "isTemplate": false,
    "count": 0,
    "updated": 1522593226
  },
  {
    "id": "2bf94835-4c49-48b1-9681-4d060c7eac62",
    "data": [
      {
        "text": "Quelle est la composition du vaccin contre l\u0027hépatite B ?",
        "userDefined": false
      }
    ],
    "isTemplate": false,
    "count": 0,
    "updated": 1522593226
  },
  {
    "id": "71edf666-d4a3-4695-a282-b423f3888f2b",
    "data": [
      {
        "text": "Est-ce que le propranolol Teva contient du dioxyde de titane ?",
        "userDefined": false
      }
    ],
    "isTemplate": false,
    "count": 0,
    "updated": 1522593226
  },
  {
    "id": "00d2d9e1-317c-45ba-9d6c-d9083da400f6",
    "data": [
      {
        "text": "je voudrais savoir également poukoi y a t il 7 comprimés roses et les autres blancs dans la plaquette d\u0027adépal?",
        "userDefined": false
      }
    ],
    "isTemplate": false,
    "count": 0,
    "updated": 1522593226
  },
  {
    "id": "6d255cf3-e35f-4a2f-affe-ac0ef78d52b1",
    "data": [
      {
        "text": "qu\u0027y at-il dans le vaccin de l\u0027hépatite b?",
        "userDefined": false
      }
    ],
    "isTemplate": false,
    "count": 0,
    "updated": 1522593226
  },
  {
    "id": "f517b699-d9f7-4088-ae2b-9ce6e7727f4d",
    "data": [
      {
        "text": "est ce que neo codion contient de l\u0027heroine?",
        "userDefined": false
      }
    ],
    "isTemplate": false,
    "count": 0,
    "updated": 1522593226
  },
  {
    "id": "cd8a80f3-c6ae-4171-bb39-c457a1a50fd0",
    "data": [
      {
        "text": "est ce que cerazette et mercillon ont les meme ingrédients?",
        "userDefined": false
      }
    ],
    "isTemplate": false,
    "count": 0,
    "updated": 1522593226
  },
  {
    "id": "f6b2edaf-f4f8-48bd-8be5-e6b5496ed953",
    "data": [
      {
        "text": "Composition de METEOXANE ?",
        "userDefined": false
      }
    ],
    "isTemplate": false,
    "count": 0,
    "updated": 1522593226
  },
  {
    "id": "5e1ccb0f-8d1b-4713-95ad-6b75c03f0b5d",
    "data": [
      {
        "text": "l’oestradiol dans leeloo est-elle naturelle ?",
        "userDefined": false
      }
    ],
    "isTemplate": false,
    "count": 0,
    "updated": 1522593226
  },
  {
    "id": "20b36b10-5e1e-4423-bc72-45faadd91cb4",
    "data": [
      {
        "text": "différence entre citalopram et paroxetine ?",
        "userDefined": false
      }
    ],
    "isTemplate": false,
    "count": 0,
    "updated": 1522593226
  },
  {
    "id": "b6b9e8e2-e1f9-4e20-bca9-8459f118418f",
    "data": [
      {
        "text": "Quelle différence y a-t-il entre l\u0027adrigyl et le zymaD ?",
        "userDefined": false
      }
    ],
    "isTemplate": false,
    "count": 0,
    "updated": 1522593226
  },
  {
    "id": "7b010b4f-a7a5-4718-be7a-73c1b755f0f2",
    "data": [
      {
        "text": "dtvax :  ce vaccin contient du mercure et de l\u0027aluminium ?",
        "userDefined": false
      }
    ],
    "isTemplate": false,
    "count": 0,
    "updated": 1522593226
  },
  {
    "id": "a29e2cbc-876d-4648-96c9-cfee327f90cd",
    "data": [
      {
        "text": "Quelle dose d\u0027acide fusidique est retrouvée dans fucidine léo ?",
        "userDefined": false
      }
    ],
    "isTemplate": false,
    "count": 0,
    "updated": 1522593226
  },
  {
    "id": "02aa5ef5-ae4c-4404-8b3c-3c2aef8a37d6",
    "data": [
      {
        "text": "ror et priopix la meme chose ou pas?",
        "userDefined": false
      }
    ],
    "isTemplate": false,
    "count": 0,
    "updated": 1522593226
  },
  {
    "id": "b888826a-952e-4c86-bd2e-af47657c3b98",
    "data": [
      {
        "text": "Est-ce que le Naproxène Sodique EG contient de la cortisone ?",
        "userDefined": false
      }
    ],
    "isTemplate": false,
    "count": 0,
    "updated": 1522593226
  },
  {
    "id": "10cefc21-89ad-4d71-8f1b-50493b78e75c",
    "data": [
      {
        "text": "Le vaccin ror est il mélangé avec d\u0027autres vaccins ?",
        "userDefined": false
      }
    ],
    "isTemplate": false,
    "count": 0,
    "updated": 1522593226
  },
  {
    "id": "010260b7-b899-4756-a57d-cac650d11213",
    "data": [
      {
        "text": "ma fille prend prednisolone. je me dde pourwquoi c mis corticoide sur le médic, y a t il a un rapport avec le corticoide??",
        "userDefined": false
      }
    ],
    "isTemplate": false,
    "count": 0,
    "updated": 1522593226
  },
  {
    "id": "375c07ff-9216-4ed5-a4a9-93b7efdccee0",
    "data": [
      {
        "text": "vaccin hepatite b sans alluminium : ca existe ?",
        "userDefined": false
      }
    ],
    "isTemplate": false,
    "count": 0,
    "updated": 1522593226
  },
  {
    "id": "fe1e6150-8657-441e-a17e-e781179d5f5e",
    "data": [
      {
        "text": "A cause de l’allergie d’une patiente, je cherche un antihypertenseur sans dioxyde de titane mais aussi sans magnésium, pouvez-vous m’en suggérer ?",
        "userDefined": false
      }
    ],
    "isTemplate": false,
    "count": 0,
    "updated": 1522593226
  },
  {
    "id": "10f7b282-f7e2-408f-903f-854d192458b1",
    "data": [
      {
        "text": "Une patiente traitée par Létrozole Mylan ressent des douleurs abdominales depuis que Mylan a changé la composition du produit. Elle pense donc ne pas supporter les nouveaux composants : Oxyde de fer Rouge, Polydextrose, Triacétine, Jaune de quinoléine. Elle souhaite savoir la composition du Letrozole Sandoz.",
        "userDefined": false
      }
    ],
    "isTemplate": false,
    "count": 0,
    "updated": 1522593226
  },
  {
    "id": "11e6a890-d648-481b-a6e1-ecc296f351e8",
    "data": [
      {
        "text": "différence entre le mildac et le procalmil ?",
        "userDefined": false
      }
    ],
    "isTemplate": false,
    "count": 0,
    "updated": 1522593226
  },
  {
    "id": "e0356a9f-8f11-4cd6-9931-8f689515f228",
    "data": [
      {
        "text": "Est-ce que fucidine léo est composée d\u0027acide fusidique ?",
        "userDefined": false
      }
    ],
    "isTemplate": false,
    "count": 0,
    "updated": 1522593226
  },
  {
    "id": "64380285-1cab-4300-8cd1-46c1761ec4fd",
    "data": [
      {
        "text": "quel vaccin anti-grippe sans aluminium ?",
        "userDefined": false
      }
    ],
    "isTemplate": false,
    "count": 0,
    "updated": 1522593226
  },
  {
    "id": "b0c8fd62-e20f-432a-80a9-83a42d8b8c8e",
    "data": [
      {
        "text": "infanrix quinta contient-il plus d\u0027aluminium que pentavac ?",
        "userDefined": false
      }
    ],
    "isTemplate": false,
    "count": 0,
    "updated": 1522593226
  },
  {
    "id": "5c67a5a5-927f-4ba4-8179-e2355637e70e",
    "data": [
      {
        "text": "quelle est la DCI de spasfon?",
        "userDefined": false
      }
    ],
    "isTemplate": false,
    "count": 0,
    "updated": 1522593226
  },
  {
    "id": "44f63d9c-1a7d-4cc0-a260-d1c164de9ddb",
    "data": [
      {
        "text": "infanrixtetra et le tétravac, lequel est le moins chargé en alu?",
        "userDefined": false
      }
    ],
    "isTemplate": false,
    "count": 0,
    "updated": 1522593226
  },
  {
    "id": "4b7aca32-1dae-41aa-8dc1-3ba7822a931f",
    "data": [
      {
        "text": "Est ce que vous avez des informations sur la composition du générique de la biseptine ?",
        "userDefined": false
      }
    ],
    "isTemplate": false,
    "count": 0,
    "updated": 1522593226
  },
  {
    "id": "331c101a-15a8-4c6c-b2d8-cd57846505af",
    "data": [
      {
        "text": "quel est le principe actif du xanax retard et du xanax ?",
        "userDefined": false
      }
    ],
    "isTemplate": false,
    "count": 0,
    "updated": 1522593226
  },
  {
    "id": "db45dfa4-5e9e-46d5-afe8-8c47f6939039",
    "data": [
      {
        "text": "quelle dose d\u0027aluminium dans un infarix tetra ?",
        "userDefined": false
      }
    ],
    "isTemplate": false,
    "count": 0,
    "updated": 1522593226
  },
  {
    "id": "cdb4199d-5b09-4ef6-a9c0-4fb6df13e341",
    "data": [
      {
        "text": "Quelle est la raison médicale qui explique le nombre important de \"non substituable\" qui accompagnent l\u0027Inexium ?",
        "userDefined": false
      }
    ],
    "isTemplate": false,
    "count": 0,
    "updated": 1522593226
  },
  {
    "id": "91461cb8-1c67-4230-b2a1-9f66865a0391",
    "data": [
      {
        "text": "lactulose contient-il du lactose ?",
        "userDefined": false
      }
    ],
    "isTemplate": false,
    "count": 0,
    "updated": 1522593226
  },
  {
    "id": "02b3ff0b-f98d-4e02-ad92-f45d592f42b7",
    "data": [
      {
        "text": "Quel est le principe actif de Mercilon?",
        "userDefined": false
      }
    ],
    "isTemplate": false,
    "count": 0,
    "updated": 1522593226
  },
  {
    "id": "8cc07c47-ffc6-4e22-acd8-4947326d0ec9",
    "data": [
      {
        "text": "je voudrai donc savoir si vous savez si des protéines d’œufs et même n\u0027importe qu\u0027elle trace d’œuf sont preséntent dans le vaccin de l\u0027hépatite b ?",
        "userDefined": false
      }
    ],
    "isTemplate": false,
    "count": 0,
    "updated": 1522593226
  },
  {
    "id": "f2890222-089b-422f-b51f-c81db98e28b5",
    "data": [
      {
        "text": "pénicilline dans du séroquel?",
        "userDefined": false
      }
    ],
    "isTemplate": false,
    "count": 1,
    "updated": 1522593226
  },
  {
    "id": "c1041511-86f8-4642-a87d-fba0514b5a87",
    "data": [
      {
        "text": "je dois faire le vaccin de l\u0027hépatite b, mais je suis allergique aux oeufs, je voudrai donc savoir si n\u0027importe qu\u0027elle trace d’œuf sont preséntent dans ce vaccin?",
        "userDefined": false
      }
    ],
    "isTemplate": false,
    "count": 0,
    "updated": 1522593226
  },
  {
    "id": "405913a8-780d-4211-a046-effb8f03d27f",
    "data": [
      {
        "text": "principe actif de rocgel ?",
        "userDefined": false
      }
    ],
    "isTemplate": false,
    "count": 0,
    "updated": 1522593226
  },
  {
    "id": "605a0932-4462-492c-a907-e78dc9e76206",
    "data": [
      {
        "text": "est ce qu\u0027il y a de la pénicilinne dans le quétiapin?",
        "userDefined": false
      }
    ],
    "isTemplate": false,
    "count": 0,
    "updated": 1522593226
  },
  {
    "id": "0804126a-7933-4f6e-9f50-6f17abcab7e7",
    "data": [
      {
        "text": "evepar 35 generique de diane 35 a-t-il les mêmes excipients ?",
        "userDefined": false
      }
    ],
    "isTemplate": false,
    "count": 0,
    "updated": 1522593226
  },
  {
    "id": "79e9579e-ce56-462e-96ed-a531c5826dff",
    "data": [
      {
        "text": "depakote et dépakine ont les mêmes ingrédients ?",
        "userDefined": false
      }
    ],
    "isTemplate": false,
    "count": 0,
    "updated": 1522593226
  },
  {
    "id": "f29e1125-5350-4ca0-828c-e6ca86baea2d",
    "data": [
      {
        "text": "bonjour tout le monde, je voulais juste savoir si il y avait une grosse difference entre le sertalia et le ut380 short, qui sont tous les deux des sterilets au cuivre recommandés pour les nullipares? danke schoen et bon w-e d\u0027avance!",
        "userDefined": false
      }
    ],
    "isTemplate": false,
    "count": 0,
    "updated": 1522593226
  },
  {
    "id": "600823f6-a164-46dc-8628-6056f7fc54f1",
    "data": [
      {
        "text": "Quels sont les substances contenues dans le climaxol ?",
        "userDefined": false
      }
    ],
    "isTemplate": false,
    "count": 0,
    "updated": 1522593226
  },
  {
    "id": "24cbb6e3-5a73-41f0-be46-bb0f4eff1830",
    "data": [
      {
        "text": "Lactulose contient-il du lactose ?",
        "userDefined": false
      }
    ],
    "isTemplate": false,
    "count": 0,
    "updated": 1522593226
  },
  {
    "id": "f7b106dd-2b9e-404c-a212-97f97bc1e2e4",
    "data": [
      {
        "text": "pouvez-vous me dire lequel des deux et le plus riches en fer tardyferon ou gynéfam tout laisse croire que c\u0027est tardyferon .. c\u0027est le cas ? merci d\u0027avance !",
        "userDefined": false
      }
    ],
    "isTemplate": false,
    "count": 0,
    "updated": 1522593226
  },
  {
    "id": "fa80c1e8-a8dc-4c6e-baff-594787d1f711",
    "data": [
      {
        "text": "je devais prendre trinordiol comme c\u0027était indiqué sur mon ordonnance mais la pharmacienne m\u0027a donné daily gé : ce sont les mêmes constituants non?",
        "userDefined": false
      }
    ],
    "isTemplate": false,
    "count": 0,
    "updated": 1522593226
  },
  {
    "id": "b03d1e4e-0a9e-4969-97c3-706ffdfe7fc7",
    "data": [
      {
        "text": "revaxis : quel adjuvant ?",
        "userDefined": false
      }
    ],
    "isTemplate": false,
    "count": 0,
    "updated": 1522593226
  },
  {
    "id": "5b5e5497-a75e-4b54-9b1e-e060f78b409e",
    "data": [
      {
        "text": "salut mon medecin ma prescrit du caffea cruda 15ch pour des trouble du sommeil pourtant je lis de partout que pour cette cause ces du 9 ch qu\u0027il faut, qu\u0027elle est la difference, ? merci",
        "userDefined": false
      }
    ],
    "isTemplate": false,
    "count": 0,
    "updated": 1522593226
  },
  {
    "id": "1813e0ce-2634-4e36-b4c7-66937d625a0d",
    "data": [
      {
        "text": "je suis allergique a la morphine et je voulais savoir si quelqu\u0027un connaissait une liste de tous les medicaments avec de la morphine ou ses derives ?",
        "userDefined": false
      }
    ],
    "isTemplate": false,
    "count": 0,
    "updated": 1522593226
  },
  {
    "id": "3d9985a2-57d5-4f8e-8017-ca5786460328",
    "data": [
      {
        "text": "izalgi contient il de la caféine ?",
        "userDefined": false
      }
    ],
    "isTemplate": false,
    "count": 0,
    "updated": 1522593226
  },
  {
    "id": "15197670-312a-4426-80bb-7768b2b33dac",
    "data": [
      {
        "text": "varnoline continu , placebo pendant les 7 jours?",
        "userDefined": false
      }
    ],
    "isTemplate": false,
    "count": 0,
    "updated": 1522593226
  },
  {
    "id": "418d339c-6183-47ef-84c0-2fd17a60855e",
    "data": [
      {
        "text": "ludéal gé : pillule microdosée  ?",
        "userDefined": false
      }
    ],
    "isTemplate": false,
    "count": 0,
    "updated": 1522593226
  },
  {
    "id": "9828ebf1-d756-4c5e-9d5e-f95b4eb540d0",
    "data": [
      {
        "text": "différence entre la sérotonine et la noradrénaline ?",
        "userDefined": false
      }
    ],
    "isTemplate": false,
    "count": 0,
    "updated": 1522593226
  },
  {
    "id": "5b91d731-c624-4e5c-9fcc-47a4a80a211a",
    "data": [
      {
        "text": "substances actives de luteran et lutenyl ?",
        "userDefined": false
      }
    ],
    "isTemplate": false,
    "count": 0,
    "updated": 1522593226
  },
  {
    "id": "2663191b-a593-4958-bbfe-294aaf6c0a5a",
    "data": [
      {
        "text": "composition gelée royale",
        "userDefined": false
      }
    ],
    "isTemplate": false,
    "count": 0,
    "updated": 1522593226
  },
  {
    "id": "d506735a-088d-4d7b-94a2-5dc0f36b40ea",
    "data": [
      {
        "text": "seropram et deroxat ont-il le même principe actif ?",
        "userDefined": false
      }
    ],
    "isTemplate": false,
    "count": 0,
    "updated": 1522593226
  },
  {
    "id": "ae908779-14dd-4b3c-b25d-9b6e906a533f",
    "data": [
      {
        "text": "Quelle est la composition du valdoxan ?",
        "userDefined": false
      }
    ],
    "isTemplate": false,
    "count": 0,
    "updated": 1522593226
  },
  {
    "id": "0d6137c3-676e-4944-b7ab-ea79113a01c9",
    "data": [
      {
        "text": "Y-a-t-il une différence entre l\u0027Advil et l\u0027Ibuprofène Sirop ?",
        "userDefined": false
      }
    ],
    "isTemplate": false,
    "count": 0,
    "updated": 1522593226
  },
  {
    "id": "0d9b4da6-6f63-44f3-82c7-4f6891b3cccc",
    "data": [
      {
        "text": "Est-ce que le spasfon comprimé est plus fort que le spasfon lyoc ?",
        "userDefined": false
      }
    ],
    "isTemplate": false,
    "count": 0,
    "updated": 1522593226
  },
  {
    "id": "cf1c3009-807e-483f-84e0-8d9ea08b196a",
    "data": [
      {
        "text": "alcool dans gouttes homeopathiques?",
        "userDefined": false
      }
    ],
    "isTemplate": false,
    "count": 0,
    "updated": 1522593226
  },
  {
    "id": "0e80bc92-9263-4a0b-ba06-ef7f06cb0977",
    "data": [
      {
        "text": "infanrix tetra ou quinta ? Quelle différence de composition ?",
        "userDefined": false
      }
    ],
    "isTemplate": false,
    "count": 0,
    "updated": 1522593226
  },
  {
    "id": "8dd9a039-3da4-4415-8547-63988260f83a",
    "data": [
      {
        "text": "bonjour, ce matin j\u0027ai ete a la pharmacie pour chercher ma pilule et habituellement je prend trinordiol et la il m\u0027a donné daily, est ce pareil ou pas?? car je veux pas avoir de souci..  merci par avance",
        "userDefined": false
      }
    ],
    "isTemplate": false,
    "count": 0,
    "updated": 1522593226
  },
  {
    "id": "b0c9ebdc-f9d1-42a4-92cd-58f295064fb8",
    "data": [
      {
        "text": "Adartrel et Requip ont-ils le même principe actif?",
        "userDefined": false
      }
    ],
    "isTemplate": false,
    "count": 0,
    "updated": 1522593226
  },
  {
    "id": "bb534917-5e5d-47f5-8961-054eda0f023a",
    "data": [
      {
        "text": "y a t il du fer dans spiruline?",
        "userDefined": false
      }
    ],
    "isTemplate": false,
    "count": 0,
    "updated": 1522593226
  },
  {
    "id": "21f651c7-9d30-4f9e-903b-61fe9871fbba",
    "data": [
      {
        "text": "dans tous les codoliprane, y a-t-il toujours de la codéine?",
        "userDefined": false
      }
    ],
    "isTemplate": false,
    "count": 0,
    "updated": 1522593226
  },
  {
    "id": "8fb4138e-cb9e-4f2a-ab1d-628c5f3cc855",
    "data": [
      {
        "text": "differrence compo vaccins prevenar et meninvact??",
        "userDefined": false
      }
    ],
    "isTemplate": false,
    "count": 0,
    "updated": 1522593226
  },
  {
    "id": "bc86bc9a-2bd8-4501-9c86-558e71b71604",
    "data": [
      {
        "text": "pilule jasminelle peu dosée ??",
        "userDefined": false
      }
    ],
    "isTemplate": false,
    "count": 0,
    "updated": 1522593226
  },
  {
    "id": "353cd00a-57cb-4839-87ee-370a875238d4",
    "data": [
      {
        "text": "il y a des protéines d\u0027œuf dans le vaccin ROR ?",
        "userDefined": false
      }
    ],
    "isTemplate": false,
    "count": 0,
    "updated": 1522593226
  },
  {
    "id": "89cfef11-0dd7-4b90-9138-74a8f265e3b2",
    "data": [
      {
        "text": "Fucidine léo contient-elle de l\u0027acide fusidique ?",
        "userDefined": false
      }
    ],
    "isTemplate": false,
    "count": 0,
    "updated": 1522593226
  },
  {
    "id": "3e485e3d-5246-4d59-abb2-9cf562fe28a2",
    "data": [
      {
        "text": "différence entre le xanax et le lexotanil?",
        "userDefined": false
      }
    ],
    "isTemplate": false,
    "count": 0,
    "updated": 1522593226
  },
  {
    "id": "7819fc34-ac3d-4691-91d6-36b4db5a8a67",
    "data": [
      {
        "text": "quels sont les vitamines sans iode?",
        "userDefined": false
      }
    ],
    "isTemplate": false,
    "count": 0,
    "updated": 1522593226
  },
  {
    "id": "ccdaa7b2-86ac-49c4-8174-60bb7429a70b",
    "data": [
      {
        "text": "quel est la composition du saltrate sels de bain?",
        "userDefined": false
      }
    ],
    "isTemplate": false,
    "count": 0,
    "updated": 1522593226
  },
  {
    "id": "008c88a6-c64e-4359-b40e-e4c719a522fd",
    "data": [
      {
        "text": "Les comprimés de Rivotril contiennent-ils du lactose?",
        "userDefined": false
      }
    ],
    "isTemplate": false,
    "count": 0,
    "updated": 1522593226
  },
  {
    "id": "27f68f2e-05da-40d7-af2e-ee415aeb2b67",
    "data": [
      {
        "text": "Une pharmacienne se demande qu\u0027est ce que le tosilate dans le Périndopril tosilate 2,5mg TEVA ?",
        "userDefined": false
      }
    ],
    "isTemplate": false,
    "count": 0,
    "updated": 1522593226
  },
  {
    "id": "5da344f2-e176-4ec9-9af4-771480715b27",
    "data": [
      {
        "text": "composition de ludeal g?",
        "userDefined": false
      }
    ],
    "isTemplate": false,
    "count": 0,
    "updated": 1522593226
  },
  {
    "id": "a13e764e-5f56-44f0-9f55-376dffe35980",
    "data": [
      {
        "text": "j\u0027ai entamé les injections du vaccin gardasil. le neurologue me soupçonne une maladie auto-immune. je voulais savoir s\u0027il y a une \"particularité\" dans la vaccination quand on a peut-être un problème auto-immun ?",
        "userDefined": false
      }
    ],
    "isTemplate": false,
    "count": 0,
    "updated": 1522593226
  },
  {
    "id": "3d667926-8b74-40cf-aad7-07d00e499dec",
    "data": [
      {
        "text": "la personne dit que ce vaccin contient de l\u0027alu.. peut on avoir une reponse claire svp ?",
        "userDefined": false
      }
    ],
    "isTemplate": false,
    "count": 0,
    "updated": 1522593226
  },
  {
    "id": "cb916d36-ec5c-492f-80a5-dc6f49cf32b1",
    "data": [
      {
        "text": "lamaline contient il de la caféine ?",
        "userDefined": false
      }
    ],
    "isTemplate": false,
    "count": 0,
    "updated": 1522593226
  },
  {
    "id": "3fa6cef2-1057-415f-8e2d-b38a392ca75e",
    "data": [
      {
        "text": "Une patiente allergique au talc souhaite savoir si l\u0027Atorvastatine Biogaran 40mg en contient ?",
        "userDefined": false
      }
    ],
    "isTemplate": false,
    "count": 0,
    "updated": 1522593226
  },
  {
    "id": "faaa1087-0f54-4d5a-83d2-75909ac4e5a8",
    "data": [
      {
        "text": "Qu\u0027y a-t-il dans les pilules de trinordiol?",
        "userDefined": false
      }
    ],
    "isTemplate": false,
    "count": 0,
    "updated": 1522593226
  },
  {
    "id": "f95844e7-5787-4f0b-a003-9bf6060e4a4f",
    "data": [
      {
        "text": "je voudrai savoir si la cystine b6 contient du sucre",
        "userDefined": false
      }
    ],
    "isTemplate": false,
    "count": 0,
    "updated": 1522593226
  },
  {
    "id": "d4353aec-6d3e-45da-8e77-1f8db9d51ee0",
    "data": [
      {
        "text": "Est-ce que le Spasfon comprimé contient du gluten ?",
        "userDefined": false
      }
    ],
    "isTemplate": false,
    "count": 0,
    "updated": 1522593226
  },
  {
    "id": "f519d21e-475f-4d7d-8748-13d8acd2383d",
    "data": [
      {
        "text": "je prenais varnoline generique mais j\u0027ai demander a ma gyneco de me prescrire diane 35 car j\u0027ai un peu trop de poils histoire de limiter la pousse. cependant il y a deux ans je la prenais et j\u0027avais toujours faim. je voudrai savoir si jasmine et diane 35 ont a peu pres les meme composant?",
        "userDefined": false
      }
    ],
    "isTemplate": false,
    "count": 0,
    "updated": 1522593226
  },
  {
    "id": "27a12e7e-0c7d-4e5e-8fef-144c60185e0c",
    "data": [
      {
        "text": "Quels médicaments contiennent de l\u0027eucalyptus",
        "userDefined": false
      }
    ],
    "isTemplate": false,
    "count": 0,
    "updated": 1522593226
  },
  {
    "id": "5a5babab-0c13-430e-a5bd-ba9dc2d76ab7",
    "data": [
      {
        "text": "bonjour j ai bcq de poids a perdre mon medecin m a prescrit pour ma constipation du lactulose ( je crois que c est le generique de duphalac) le gout est trés trés sucré,malgrés mes recherches je ne sais pas si il contient du sucre et fait donc grossir. ?? merci",
        "userDefined": false
      }
    ],
    "isTemplate": false,
    "count": 0,
    "updated": 1522593226
  },
  {
    "id": "f4091297-687f-4ca0-9cc4-9f791b0f9cf1",
    "data": [
      {
        "text": "cycléane 20 a la même composition que lutéran ?",
        "userDefined": false
      }
    ],
    "isTemplate": false,
    "count": 0,
    "updated": 1522593226
  },
  {
    "id": "a9259706-aaef-42ce-a307-3b2df737554e",
    "data": [
      {
        "text": "Quel est la différence entre mercilon et son générique?",
        "userDefined": false
      }
    ],
    "isTemplate": false,
    "count": 0,
    "updated": 1522593226
  },
  {
    "id": "32761d8f-e38a-4550-aede-234c15b8cb6c",
    "data": [
      {
        "text": "bonjour, je sais que l\u0027on peut prendre 2 tablettes de pillules a la suite mais j\u0027aurais une question. en fait je prend lumalia (generique de diane 35) seulement j\u0027arrive a la fin et mon pharmacien m\u0027a donné une autre pillule, generique de diane aussi, appelé cyproterone/ethinylestradiol et y-a-il des risques a enchainé deux pillules \u0027differente\u0027 ou ca ne pose pas probleme?! question peut etre un peu bete mais on sait jamais",
        "userDefined": false
      }
    ],
    "isTemplate": false,
    "count": 0,
    "updated": 1522593226
  },
  {
    "id": "544ee1c4-8594-4117-908c-c447fdac626d",
    "data": [
      {
        "text": "Le dosage de mélatonine dans les produits conseil peut-il dépasser 1mg ?",
        "userDefined": false
      }
    ],
    "isTemplate": false,
    "count": 0,
    "updated": 1522593226
  },
  {
    "id": "0798a8c0-1ae6-4a99-9b7d-ccaa3dff894d",
    "data": [
      {
        "text": "La composition SPASFON comprimés et SPASFON lyoc est-elle la même ?",
        "userDefined": false
      }
    ],
    "isTemplate": false,
    "count": 0,
    "updated": 1522593226
  }
]