[
  {
    "id": "529fc913-6ab7-4ca0-927d-1d3179ceaf0b",
    "data": [
      {
        "text": "j\u0027ai oublié il y a deux semaines un donormyl sur ma table de chevet : périmé ?",
        "userDefined": false
      }
    ],
    "isTemplate": false,
    "count": 0,
    "updated": 1522593225
  },
  {
    "id": "f33200da-2d61-433d-988d-36c127d57eb4",
    "data": [
      {
        "text": "lamisil conservation après ouverture ?",
        "userDefined": false
      }
    ],
    "isTemplate": false,
    "count": 0,
    "updated": 1522593225
  },
  {
    "id": "5616d449-3a1a-4288-a7cd-55a7140cb2fb",
    "data": [
      {
        "text": "Est-ce que le pulmicort peut être inhalé 3 mois après la première utilisation?",
        "userDefined": false
      }
    ],
    "isTemplate": false,
    "count": 0,
    "updated": 1522593225
  },
  {
    "id": "a96ba441-1cec-4653-a123-3277d03cc854",
    "data": [
      {
        "text": "ça se conserve longtemps la ventoline si déjà utilisée ?",
        "userDefined": false
      }
    ],
    "isTemplate": false,
    "count": 0,
    "updated": 1522593225
  },
  {
    "id": "84ea4b0b-78df-420d-a2ca-f5807e0bff86",
    "data": [
      {
        "text": "Une pharmacienne de l\u0027Hôpital d\u0027Instruction des Armées de Saint Anne souhaite savoir si un flacon de Vincristine resté environ 1h30 entre +8°C et +25°C après reconstitution est toujours utilisable ?",
        "userDefined": false
      }
    ],
    "isTemplate": false,
    "count": 0,
    "updated": 1522593225
  },
  {
    "id": "59fea5e2-887f-40ba-80be-727c663443af",
    "data": [
      {
        "text": "Puis-je réutiliser un voltarène gel ouvert il y a 2 mois?",
        "userDefined": false
      }
    ],
    "isTemplate": false,
    "count": 0,
    "updated": 1522593225
  },
  {
    "id": "62b33e2c-2c86-43d6-92e6-e60e04c8aa6e",
    "data": [
      {
        "text": "peut on conserver le zinc une fois la capsule ouverte ?",
        "userDefined": false
      }
    ],
    "isTemplate": false,
    "count": 0,
    "updated": 1522593225
  },
  {
    "id": "21ff1c15-8b03-4a63-b673-d6a16cf2ce11",
    "data": [
      {
        "text": "Une pharmacienne souhaite avoir confirmation de la durée de conservation des comprimés de Cabergoline Sandoz après ouverture car elle souhaite savoir si elle peut dire à ses clients qu\u0027ils peuvent les utiliser au-delà de 30jours après ouverture",
        "userDefined": false
      }
    ],
    "isTemplate": false,
    "count": 0,
    "updated": 1522593225
  },
  {
    "id": "dde6d0a2-6b5b-4cff-b487-5f826754a0f7",
    "data": [
      {
        "text": "puis-je prendre un comprimé de crestor sorti de son blister depuis 1 semaine?",
        "userDefined": false
      }
    ],
    "isTemplate": false,
    "count": 0,
    "updated": 1522593225
  },
  {
    "id": "5b0d2da7-58f4-4723-a858-e18d5ca8ccf0",
    "data": [
      {
        "text": "doliprane enfant (liquide): durée de conservation après ouverture ?",
        "userDefined": false
      }
    ],
    "isTemplate": false,
    "count": 0,
    "updated": 1522593225
  },
  {
    "id": "8e04c848-92c3-4447-b410-14f59a4cc93c",
    "data": [
      {
        "text": "j\u0027utilise rarement la ventoline. Puis-je quand même conserver le même tube plusieurs mois?",
        "userDefined": false
      }
    ],
    "isTemplate": false,
    "count": 0,
    "updated": 1522593225
  },
  {
    "id": "e25a11a8-f8f0-4a61-8741-4336e2147064",
    "data": [
      {
        "text": "Une pharmacienne souhaite savoir combien de temps peut-on conserver la Doxorubicine après reconstitution ?",
        "userDefined": false
      }
    ],
    "isTemplate": false,
    "count": 0,
    "updated": 1522593225
  },
  {
    "id": "7a704304-2666-4c0f-9be3-6e9b06474281",
    "data": [
      {
        "text": "Combien de temps peut-on utiliser le duoresp une fois la première dose administrée?",
        "userDefined": false
      }
    ],
    "isTemplate": false,
    "count": 0,
    "updated": 1522593225
  },
  {
    "id": "216d7e7b-4f83-4646-aff2-bb404be3df96",
    "data": [
      {
        "text": "Quelle est la durée de conservation du sirop maxilase une fois ouvert?",
        "userDefined": false
      }
    ],
    "isTemplate": false,
    "count": 0,
    "updated": 1522593225
  },
  {
    "id": "4529d723-2b80-4db6-bc75-eb36825be77f",
    "data": [
      {
        "text": "Combien de temps puis-je utiliser nasonex après l\u0027avoir ouvert?",
        "userDefined": false
      }
    ],
    "isTemplate": false,
    "count": 0,
    "updated": 1522593225
  },
  {
    "id": "0aa1f910-a1d4-4017-8039-c5de08bdea26",
    "data": [
      {
        "text": "La pharmacienne souhaiterai connaître la durée de conservation après ouverture de Colpotrophine crème 1%",
        "userDefined": false
      }
    ],
    "isTemplate": false,
    "count": 0,
    "updated": 1522593225
  },
  {
    "id": "94178f04-dff1-4e96-b58e-a8800050d37e",
    "data": [
      {
        "text": "peut-on utiliser du Flector ouvert 3 mois avant ?",
        "userDefined": false
      }
    ],
    "isTemplate": false,
    "count": 0,
    "updated": 1522593225
  }
]