[
  {
    "id": "270288a2-db16-458e-a150-4211dc51574d",
    "data": [
      {
        "text": "je viens de commencer le traitement cystine b6 depuis 3 jours et j\u0027ai des gaz que puis-je faire ?",
        "userDefined": false
      }
    ],
    "isTemplate": false,
    "count": 0,
    "updated": 1522593569
  },
  {
    "id": "5415b1f2-9df0-421a-916a-ba0d57f65213",
    "data": [
      {
        "text": "le medecin spécialiste gastro m\u0027a préscrit lansoprazole. mon médecin traitant m\u0027a préscit olmetec 20 mg pour hypertension, et depuis qiue je les prends ensemble une réaction se forme. des petits points rouges très demengeant et ambetant sont apparus sur ma quisse droite. j\u0027ai arreté l\u0027olmetec , mais les points ne sont pas encore partis après 3 jours.. que faire ou prendre ?",
        "userDefined": false
      }
    ],
    "isTemplate": false,
    "count": 0,
    "updated": 1522593569
  },
  {
    "id": "4d5439ff-72ef-43bd-9c3a-7942ee9dce22",
    "data": [
      {
        "text": "help! dépendance ixprim?",
        "userDefined": false
      }
    ],
    "isTemplate": false,
    "count": 1,
    "updated": 1522593569
  },
  {
    "id": "10a17438-0219-48fd-8a2a-e6cf3eb3324a",
    "data": [
      {
        "text": "j\u0027ai utilisé l\u0027elavil, le naxproxen a petites doses pour des problèmes de dos. avec le celebrex c\u0027était beaucoup de spasme dans le haut du dos, entre les côtes. le problème de dos à dégénéré en problèmes d\u0027anxiété et je prends en ce moment du rivotril au soir et au couché et du desyrel aussi au coucheé. toujours ses courbatures, bien sûr elle passe facilement au levée, je crois que c\u0027est les médicaments, mais j\u0027en ai pas la certitude. Que faire?",
        "userDefined": false
      }
    ],
    "isTemplate": false,
    "count": 0,
    "updated": 1522593569
  },
  {
    "id": "993fb0c1-10f9-4a95-80d5-6e5d210bc53e",
    "data": [
      {
        "text": "j\u0027ai pris minesse pour la 1ere fois mais au bout de 15 jours, j\u0027ai toujours mes règles!! cela veut dire que cette pilule ne me convient pas ou dois-je encore attendre 1 mois ou 2 avant de le savoir?",
        "userDefined": false
      }
    ],
    "isTemplate": false,
    "count": 0,
    "updated": 1522593569
  },
  {
    "id": "3c3a9179-20c4-4b4b-9028-860999559137",
    "data": [
      {
        "text": "J\u0027ai de l\u0027eczema suite à la prise d\u0027extranaze, que dois-je faire ?",
        "userDefined": false
      }
    ],
    "isTemplate": false,
    "count": 0,
    "updated": 1522593569
  },
  {
    "id": "857eb039-b7e0-454e-9fd3-1232e0b74fbd",
    "data": [
      {
        "text": "depuis que j\u0027ai pris la pillule jasminelle y a quelques mois j\u0027avais des petites taches de sang ou marron sans gravité. aujourd\u0027hui j\u0027ai des saignements comme le début des règles assez léger. je ne sais pas ce qu\u0027il faut que je fasse.",
        "userDefined": false
      }
    ],
    "isTemplate": false,
    "count": 0,
    "updated": 1522593569
  },
  {
    "id": "7a3bdc03-8592-4d04-a8ed-4d69a1791159",
    "data": [
      {
        "text": "je suis passée sous diu cuivre, j\u0027ai maintenant des plaques rouges de boutons sur les deux joues. Que faire?",
        "userDefined": false
      }
    ],
    "isTemplate": false,
    "count": 0,
    "updated": 1522593569
  },
  {
    "id": "abfc1302-f6c9-46ad-ad1b-1b5c74179c67",
    "data": [
      {
        "text": "Mon gygy m\u0027a donné une pillule daily gé que j\u0027ai prise 3 jours apres le retrait du sterilet mirena. arrivée a la fin de ma plaquette, pas de regles durant l\u0027arret et j\u0027ai repris normalement ma deuxieme plaquette, mais rien ni regles, ni ovulation. que dois-je faire ?",
        "userDefined": false
      }
    ],
    "isTemplate": false,
    "count": 0,
    "updated": 1522593569
  },
  {
    "id": "206705ef-e15c-49d3-a908-ad0480ef9834",
    "data": [
      {
        "text": "qlaira et sécheresse vaginale, changer pour un sterilet?",
        "userDefined": false
      }
    ],
    "isTemplate": false,
    "count": 1,
    "updated": 1522593569
  },
  {
    "id": "46b42767-4c4d-4656-8b95-38c9c9e58b52",
    "data": [
      {
        "text": "j ai mis mon 3eme patch evra du mois hier et depuis 3j j ai des perte marront foncé. je voudrai aussi savoir ce qui pourrais reduire les effet du patch ?",
        "userDefined": false
      }
    ],
    "isTemplate": false,
    "count": 0,
    "updated": 1522593569
  },
  {
    "id": "402f50aa-563f-483b-a103-a97da12aceda",
    "data": [
      {
        "text": "Je fais une réaction après avoir pris repevax. Que dois je faire?",
        "userDefined": false
      }
    ],
    "isTemplate": false,
    "count": 0,
    "updated": 1522593569
  },
  {
    "id": "4ad36b96-3387-41ee-8c3b-9d91f753954c",
    "data": [
      {
        "text": "j ai commence optimisette en novembre 2015 mais depuis que j ai commence la 2eme boite en fevrier soit la 4eme plaquette c est l horreur! j ai des frissons toute la journee. que faire ?",
        "userDefined": false
      }
    ],
    "isTemplate": false,
    "count": 0,
    "updated": 1522593569
  },
  {
    "id": "6c8fa6b1-b4ea-4158-87f1-071f042833b1",
    "data": [
      {
        "text": "après 2 comprimés de minesse, voilà que depuis ce matin j\u0027ai une sorte d\u0027engourdissement de la jambe gauche.. que faire ?",
        "userDefined": false
      }
    ],
    "isTemplate": false,
    "count": 0,
    "updated": 1522593569
  },
  {
    "id": "66030b2f-1e75-4af7-84b4-47bf153db0da",
    "data": [
      {
        "text": "8 jrs avant la fin de ma plaquette d\u0027evepar j\u0027ai eu des saignement et des douleurs au bas ventre et au bas du dos dois je m\u0027inquiéter car la douleur est plus importante que d\u0027habitude ?",
        "userDefined": false
      }
    ],
    "isTemplate": false,
    "count": 0,
    "updated": 1522593569
  },
  {
    "id": "d22c1d6e-7964-4e71-9970-1e7a92906fa6",
    "data": [
      {
        "text": "j\u0027ai fait le vaccin gerdazil (le premier) il y a environ un moi , mais depuis hier jai un sorte de plaque sous la peau tres douloureuze a l\u0027endroit ou j\u0027ai fait le vaccin . quelqu\u0027un pourrais me dire si je doit consulter?",
        "userDefined": false
      }
    ],
    "isTemplate": false,
    "count": 0,
    "updated": 1522593569
  },
  {
    "id": "f54486cd-4044-4e0f-8927-c13ac70c4f99",
    "data": [
      {
        "text": "Mes règles sont très longues depuis le retrait de mirena et la pose de ut380, que dois-je faire ?",
        "userDefined": false
      }
    ],
    "isTemplate": false,
    "count": 0,
    "updated": 1522593569
  },
  {
    "id": "62e69b4e-1781-4903-9737-36d59a5858ec",
    "data": [
      {
        "text": "Le buspirone me fatigue, que faire ?",
        "userDefined": false
      }
    ],
    "isTemplate": false,
    "count": 0,
    "updated": 1522593569
  },
  {
    "id": "841fe6eb-6306-4e17-a112-5f169afa0ada",
    "data": [
      {
        "text": "j\u0027ai pris mon dernier comprime de luteran et depuis avant hier j\u0027ai tres mal au seins, ces derniers gonflent pas mal , nausee et tout.  comment les diminuer ?",
        "userDefined": false
      }
    ],
    "isTemplate": false,
    "count": 0,
    "updated": 1522593569
  },
  {
    "id": "cb939318-28e0-4d2f-b4d8-ae8eca58084d",
    "data": [
      {
        "text": "Comment diminuer la fatigue dûe à la prise de seroplex ?",
        "userDefined": false
      }
    ],
    "isTemplate": false,
    "count": 0,
    "updated": 1522593569
  },
  {
    "id": "61222111-15e1-4d7e-ad06-b8849c42129e",
    "data": [
      {
        "text": "Depuis que je prend effexor je n\u0027ai plus d\u0027orgasmes et mon clitoris est devenu insemsible, que faire ?",
        "userDefined": false
      }
    ],
    "isTemplate": false,
    "count": 0,
    "updated": 1522593569
  },
  {
    "id": "7b661336-9e13-4b9c-8755-aa029518ebf4",
    "data": [
      {
        "text": "depo provera, baisse de libido faut-il faire une pause?",
        "userDefined": false
      }
    ],
    "isTemplate": false,
    "count": 0,
    "updated": 1522593569
  },
  {
    "id": "16ac0175-adaa-449f-a1cc-bcc2c1327c0f",
    "data": [
      {
        "text": "sous puregon et ovitrelle, j\u0027ai mes cheveux plus fins et qui ne bouclent plus du tout et je sens mauvais sous les aisselles ! quelles solutions vous pouvez m\u0027apporter ?",
        "userDefined": false
      }
    ],
    "isTemplate": false,
    "count": 0,
    "updated": 1522593569
  },
  {
    "id": "f3fc2dc9-d716-47c0-ab69-f951611980a1",
    "data": [
      {
        "text": "Que faire en cas d\u0027intolérance au timoferol ?",
        "userDefined": false
      }
    ],
    "isTemplate": false,
    "count": 0,
    "updated": 1522593569
  },
  {
    "id": "41cf6017-e070-4695-a3b0-595e46dc6c4e",
    "data": [
      {
        "text": "deroxat 1 an et tous le temps crevé , que faire ?",
        "userDefined": false
      }
    ],
    "isTemplate": false,
    "count": 0,
    "updated": 1522593569
  },
  {
    "id": "7bcff149-281a-4fc8-9b2d-9c8d80abdd38",
    "data": [
      {
        "text": "dépendant à l\u0027immovane que faire ?? changer ?",
        "userDefined": false
      }
    ],
    "isTemplate": false,
    "count": 0,
    "updated": 1522593569
  },
  {
    "id": "b8984d2e-cb08-4512-a4df-c74e5218efa5",
    "data": [
      {
        "text": "j\u0027utilise un anneau vaginal. je suis sensée l\u0027enlever mais il se trouve que j\u0027ai de nouveau mes règles.. que dois-je faire ? l\u0027enlever, en remettre un directement le 1er juin?",
        "userDefined": false
      }
    ],
    "isTemplate": false,
    "count": 0,
    "updated": 1522593569
  },
  {
    "id": "7b2a2d1e-bcd1-4310-8e50-7befd3f72365",
    "data": [
      {
        "text": "j\u0027ai fait une grosse crise d\u0027angoisse. avant, le léxomil me calmait, maintenant, il ne fait plus d\u0027effet ! pouvez-vous me dire comment réagir dans ces cas là ?",
        "userDefined": false
      }
    ],
    "isTemplate": false,
    "count": 0,
    "updated": 1522593569
  },
  {
    "id": "8ee7225f-921d-4980-8d45-f55804fd1235",
    "data": [
      {
        "text": "je viens de toucher mon bras après mon vaccin contre le tétanos , et je sens des bulles se déplacer dans mon épaule, dois-je faire quelque chose ?",
        "userDefined": false
      }
    ],
    "isTemplate": false,
    "count": 0,
    "updated": 1522593569
  },
  {
    "id": "d497a3ea-2dcb-478d-8c5c-c8cc27ff2f79",
    "data": [
      {
        "text": "je prend minesse depuis 1 mois et demi. je ressens des effets indésirables, est ce que je peux l arreter en plein milieu de plaquette?",
        "userDefined": false
      }
    ],
    "isTemplate": false,
    "count": 0,
    "updated": 1522593569
  },
  {
    "id": "d49c87b7-f4b3-4f46-9fdb-5b070c18a592",
    "data": [
      {
        "text": "je me suis faite vaccinée contre la grippe. j\u0027ai eu une petite allergie, du sens que quand je m\u0027endors c\u0027est comme si je perdais connaissance. que faire?",
        "userDefined": false
      }
    ],
    "isTemplate": false,
    "count": 0,
    "updated": 1522593569
  },
  {
    "id": "7acd1126-065c-4cf6-b9ff-93556bece784",
    "data": [
      {
        "text": "J\u0027ai des crises de panique sous sertaline, que faire ?",
        "userDefined": false
      }
    ],
    "isTemplate": false,
    "count": 0,
    "updated": 1522593569
  },
  {
    "id": "54579fe0-636c-4d93-b834-c2f1fc69846e",
    "data": [
      {
        "text": "je suis sous ludéal gé depuis environ 1 an et j\u0027ai constaté une baisse de libido.  que me conseillez vous?",
        "userDefined": false
      }
    ],
    "isTemplate": false,
    "count": 0,
    "updated": 1522593569
  },
  {
    "id": "0908c701-f91a-4393-9920-bea263099227",
    "data": [
      {
        "text": "j ai fait un test urinaire et il y a infection donc mon médecin m a donné du monuril. 24h après j ai vraiment des troubles intestinaux comme écrit sur la notice: nausées et diarrhés. si qqu a eu egalement cer effet, qu avez vous pris? j ai bu du coca mais c est pas encore le top",
        "userDefined": false
      }
    ],
    "isTemplate": false,
    "count": 0,
    "updated": 1522593569
  },
  {
    "id": "1ce2f41d-f260-45ce-b670-6dbae26252e3",
    "data": [
      {
        "text": "effet avec lutenyl -que dois-je faire?",
        "userDefined": false
      }
    ],
    "isTemplate": false,
    "count": 0,
    "updated": 1522593569
  },
  {
    "id": "415ce0ff-370b-4d55-a174-84990306e4c1",
    "data": [
      {
        "text": "Comment avez vous fait lorsque vous avez une allergie à c\u0027ause d\u0027un stérilet?",
        "userDefined": false
      }
    ],
    "isTemplate": false,
    "count": 0,
    "updated": 1522593569
  },
  {
    "id": "0bbbdeae-05a6-4edd-8683-e101cbdb0c5d",
    "data": [
      {
        "text": "J\u0027ai arrêté seroplex, maintenant j\u0027ai de la fatigue monstrueuse. quelqu\u0027un peut m\u0027aider?",
        "userDefined": false
      }
    ],
    "isTemplate": false,
    "count": 0,
    "updated": 1522593569
  },
  {
    "id": "edd62c8b-26e9-4c5f-890c-ce551ceb7747",
    "data": [
      {
        "text": "Depuis que je prend zoloft, j\u0027ai des nausées et des vertiges au réveil quoi faire ?",
        "userDefined": false
      }
    ],
    "isTemplate": false,
    "count": 0,
    "updated": 1522593569
  },
  {
    "id": "386a566a-a5d0-45ba-bc8c-b547323cbd76",
    "data": [
      {
        "text": "j\u0027ai lu que l\u0027haldol crée de l\u0027ennuie et des impatiences, mais je n\u0027en prend que 5 mg par jour, je ne sais pas trop quoi faire",
        "userDefined": false
      }
    ],
    "isTemplate": false,
    "count": 0,
    "updated": 1522593569
  },
  {
    "id": "7f5be528-c2fd-4a0b-a5c2-5d5bd9509d5f",
    "data": [
      {
        "text": "mon fils s\u0027est fait vacciné hier. c\u0027est rouge et gonflé maintenant.que dois je faire?",
        "userDefined": false
      }
    ],
    "isTemplate": false,
    "count": 0,
    "updated": 1522593569
  },
  {
    "id": "68f0bd0f-8e3f-456f-b4fa-1ff24121a29b",
    "data": [
      {
        "text": "je prends trinordiol depuis 8 jours et je ne fais que pleurer et déprimer + spotting de pire en pire chaque jour. Que dois faire?",
        "userDefined": false
      }
    ],
    "isTemplate": false,
    "count": 0,
    "updated": 1522593569
  },
  {
    "id": "483c24fe-2dd8-4b87-aa93-c443d720eff9",
    "data": [
      {
        "text": "j\u0027utilise nuvaring depuis 6 mois.  j\u0027ai constaté progressivement une diminution de mes règles (en quantité et en durée) et un délai de plus en plus long avant leur commencement.  devrais-je faire un test de grossesse tous les mois??",
        "userDefined": false
      }
    ],
    "isTemplate": false,
    "count": 0,
    "updated": 1522593569
  },
  {
    "id": "95ea7b70-2f0b-4ab2-8646-99c8fdaa1a10",
    "data": [
      {
        "text": "je prends du deroxat depuis deux mois. je vais mieux dans la tête.par contre j\u0027ai des démangeaisons sur tout le corps, qu\u0027est ce qu\u0027on peut prendre pour se soulager?",
        "userDefined": false
      }
    ],
    "isTemplate": false,
    "count": 0,
    "updated": 1522593569
  },
  {
    "id": "567d619a-3315-42de-9ab5-1cdc9a6852de",
    "data": [
      {
        "text": "je prenais diane 35 et androcur. j\u0027ai arrêté androcur depuis un mois., j\u0027ai maintenant du spotting. c\u0027est désagréable. donc pour palier à ce spotting, j\u0027arrête définitivement diane 35 en fin de plaquette ou je recommence après mes 7 jours de pause?",
        "userDefined": false
      }
    ],
    "isTemplate": false,
    "count": 0,
    "updated": 1522593569
  },
  {
    "id": "12c2c48e-9b64-4143-a8c4-ccb932ed561e",
    "data": [
      {
        "text": "ma fille de 6ans  a été vacciné avec le dtp vendredi 28.le lendemain et le surlendemain son épaule était vraiment très dure et enflée , aujourd\u0027hui , une plaque d\u0027 urticaire est apparue et ne cèsse de grossir, que faire?",
        "userDefined": false
      }
    ],
    "isTemplate": false,
    "count": 0,
    "updated": 1522593569
  },
  {
    "id": "9d744fcf-a469-40a1-94b8-1c1aff5fe626",
    "data": [
      {
        "text": "Que faire en cas d\u0027augmentation du potassium suite à la prise d\u0027effexor ?",
        "userDefined": false
      }
    ],
    "isTemplate": false,
    "count": 0,
    "updated": 1522593569
  },
  {
    "id": "0bb5f0a1-b878-46df-8c1f-e1a91f6e5351",
    "data": [
      {
        "text": "je prends du xanax contre l\u0027anxiété mais je crois que ça fait rien du tout, peut être même que ça empire. je trouve que je suis tres agitée, et je tremblais de partout, j\u0027avais même des fasciculations rapides dans les fesses. j\u0027aimerais savoir si ça peut venir du xanax car j\u0027ai vu sur la notice qu\u0027il peut arriver que les effets soient contraire aux effets recherchés c\u0027est à dire agitation,tension.. dois-je stopper le xanax?",
        "userDefined": false
      }
    ],
    "isTemplate": false,
    "count": 0,
    "updated": 1522593569
  },
  {
    "id": "d69b7400-a148-4efd-bd01-c66197b02d46",
    "data": [
      {
        "text": "je ne suis pas bien avec mon médicament, devrais-je revenir à Effexor?",
        "userDefined": false
      }
    ],
    "isTemplate": false,
    "count": 1,
    "updated": 1522593569
  },
  {
    "id": "48ab3ff8-7c71-43e8-9c4f-fb86dcff5de7",
    "data": [
      {
        "text": "je prends la pilule triafémi ts les jours à 19h30 j\u0027ai eu une diarrhée il y a environ 20 min. voici mes questions: que dois je faire ?",
        "userDefined": false
      }
    ],
    "isTemplate": false,
    "count": 0,
    "updated": 1522593569
  },
  {
    "id": "dd45932c-c0cf-4e1c-a0d4-a7d3ad4acbad",
    "data": [
      {
        "text": "je suis dépendante de la codeine, comment arrêter?",
        "userDefined": false
      }
    ],
    "isTemplate": false,
    "count": 0,
    "updated": 1522593569
  },
  {
    "id": "52977dd3-68c5-4018-b603-6659b4b84910",
    "data": [
      {
        "text": "j\u0027utilise le collyre \"travatan\". maux de tête, douleurs dans les yeux, toux, aphtes, acouphènes, que dois je faire?",
        "userDefined": false
      }
    ],
    "isTemplate": false,
    "count": 0,
    "updated": 1522593569
  },
  {
    "id": "59be1a58-38e6-4ece-a822-ff0a2f012c46",
    "data": [
      {
        "text": "Mon épouse prend abilyfy. depuis, elle n\u0027a plus d\u0027humeur, ni bonne, ni mauvaise mais toujours l\u0027impression de tristesse et de fatigue. de plus, elle cligne énormément des yeux. savez-vous si il est possible que la dose soit trop élevé ?",
        "userDefined": false
      }
    ],
    "isTemplate": false,
    "count": 0,
    "updated": 1522593569
  },
  {
    "id": "e94c5076-9078-4b46-a05f-d1098c5105aa",
    "data": [
      {
        "text": "solutions contre les ejaculations retardés induies par la prise d\u0027antidépresseurs ?",
        "userDefined": false
      }
    ],
    "isTemplate": false,
    "count": 0,
    "updated": 1522593569
  },
  {
    "id": "617a6a20-7a73-4181-b808-95d112fdccb6",
    "data": [
      {
        "text": "vomissement 3h après prise de pilule minesse, que faire?",
        "userDefined": false
      }
    ],
    "isTemplate": false,
    "count": 1,
    "updated": 1522593569
  },
  {
    "id": "da677a47-eb4c-4be4-812d-9dc51d04eb0a",
    "data": [
      {
        "text": "Enchainer les plaquettes de minesse, fait il disparaitre le spotting ?",
        "userDefined": false
      }
    ],
    "isTemplate": false,
    "count": 0,
    "updated": 1522593569
  },
  {
    "id": "e356cfec-1061-422e-ad7f-0379d11da3d0",
    "data": [
      {
        "text": "mes gynécos successives m\u0027ont prescrit lutenyl car aucune pillule ne me convenait alors. un jour, ma nouvelle gynéco m\u0027a represcrit une pillule soit disant minidosée, cerazette. seulement, au bout d\u0027une seule plaquette, les effets secondaires ont commencé (prise de poids, seins lourds, maux de tête..). j\u0027ai changé de gynéco qui m\u0027a prescrit minesse. les effets secondaires persistent.. dois-je encore essayer un nouveau traitement ou envisager la pose d\u0027un stérilet ?",
        "userDefined": false
      }
    ],
    "isTemplate": false,
    "count": 0,
    "updated": 1522593569
  },
  {
    "id": "3e5057b4-2d46-4f13-a141-62f8ed676802",
    "data": [
      {
        "text": "j\u0027ai associé le deroxat 50 mg avec du xeroquel 50 mg. arrivé à la 2ème semaine, mon état s\u0027est dégradé voire empiré. si cet état est dû au xeroquel, est-il préférable de l\u0027arrêter ?",
        "userDefined": false
      }
    ],
    "isTemplate": false,
    "count": 0,
    "updated": 1522593569
  },
  {
    "id": "dff12b3c-d074-4981-837b-7f101475c2b4",
    "data": [
      {
        "text": "Comment faire pour être plus zen, et ne pas avoir des idées angoissantes sous norset ?",
        "userDefined": false
      }
    ],
    "isTemplate": false,
    "count": 0,
    "updated": 1522593569
  },
  {
    "id": "a0592ed9-87a2-438c-a876-2208f2460f11",
    "data": [
      {
        "text": "Je prends dafalgan codéine tous les jours, 5 a la fois, mais depuis quelques temps, je ne plane presque plus, je deviens enervee et sur les nerfs et pourtant, j\u0027arrive pas a ne pas prendre cette dose tous les soirs!! que dois je faire?",
        "userDefined": false
      }
    ],
    "isTemplate": false,
    "count": 0,
    "updated": 1522593569
  },
  {
    "id": "34ac4058-40e6-4160-8035-694b08666500",
    "data": [
      {
        "text": "j\u0027ai eu une infection urinaire et le médecin m\u0027a prescrit du norofloxacine. j\u0027ai vraiment mal du côté droit maintenant juste en dessous des côtes, en plus depuis que je le prends je me sens nauséeuse tout le temps. il faut stopper ?",
        "userDefined": false
      }
    ],
    "isTemplate": false,
    "count": 0,
    "updated": 1522593569
  },
  {
    "id": "650e063f-3ad5-4e80-9a57-110030882181",
    "data": [
      {
        "text": "sevrage laroxyl 40mg/ml . que faire?",
        "userDefined": false
      }
    ],
    "isTemplate": false,
    "count": 0,
    "updated": 1522593569
  },
  {
    "id": "99910b00-b8bf-4f50-8e03-fd58fe4a97c0",
    "data": [
      {
        "text": "Je suis traitée par lévothyrox, j\u0027ai des plaques de boutons rouges et des picotements. Que dois-je faire ?",
        "userDefined": false
      }
    ],
    "isTemplate": false,
    "count": 0,
    "updated": 1522593569
  },
  {
    "id": "e7c8edd4-99c7-4450-9123-c728438177a9",
    "data": [
      {
        "text": "je suis actuellement sous mélodia.  j\u0027ai des symptômes : mon poids joue au yoyo, douleurs dans le bas du ventre, des pertes blanches quasi quotidiennes assez génantes, un mal de tête énorme avec vomissement..  que me conseillez-vous?",
        "userDefined": false
      }
    ],
    "isTemplate": false,
    "count": 0,
    "updated": 1522593569
  },
  {
    "id": "61d0701a-60d8-4573-8b55-d9db0552f00a",
    "data": [
      {
        "text": "je suis sous traitement xyzall. j\u0027ai entendu dire que les antihistaminiques en général, et le xyzall en particulier, sont des facteurs de prise de poids. est-ce qu\u0027il existe un moyen d\u0027empêcher cette réaction ?",
        "userDefined": false
      }
    ],
    "isTemplate": false,
    "count": 0,
    "updated": 1522593569
  },
  {
    "id": "29e1d929-1b97-45c6-95f4-e30c8f128f48",
    "data": [
      {
        "text": "je prends de la paroxétine seulement depuis 3 jours, et les maux de tête sont infernaux. quel anti douleur puis-je prendre ?",
        "userDefined": false
      }
    ],
    "isTemplate": false,
    "count": 0,
    "updated": 1522593569
  },
  {
    "id": "0f066e84-56bb-45f9-b1e1-821bb03bbd3c",
    "data": [
      {
        "text": "Je ressent les effets inverses à ceux attendu par seroplex, est-ce normal ?",
        "userDefined": false
      }
    ],
    "isTemplate": false,
    "count": 0,
    "updated": 1522593569
  },
  {
    "id": "9f285a0e-c7c6-47ad-a859-07838dba1346",
    "data": [
      {
        "text": "enervée avec deroxat, faut-il continuer ?",
        "userDefined": false
      }
    ],
    "isTemplate": false,
    "count": 0,
    "updated": 1522593569
  },
  {
    "id": "b1d29a4b-2861-40f7-b6d4-a2807bbea048",
    "data": [
      {
        "text": "Comment traiter l\u0027exanthème apparu à la suite de ma prise de pyostacine ?",
        "userDefined": false
      }
    ],
    "isTemplate": false,
    "count": 0,
    "updated": 1522593569
  },
  {
    "id": "9233472f-5c7e-4b95-95af-4a59f3140674",
    "data": [
      {
        "text": "je reprends 100 mg de floxyfral par jour mais j\u0027ai l\u0027imression que les effets du médicament ne sont pas ceux que j\u0027attendais. j\u0027ai quelques idées sombres qui reviennent, faut-il envisager une augmentation de dose ?",
        "userDefined": false
      }
    ],
    "isTemplate": false,
    "count": 0,
    "updated": 1522593569
  },
  {
    "id": "48a94f15-81ff-4a07-a637-151479fd99ba",
    "data": [
      {
        "text": "Je n\u0027arrête pas de prendre du poids depuis que je prends norset, que dois-je faire ?",
        "userDefined": false
      }
    ],
    "isTemplate": false,
    "count": 0,
    "updated": 1522593569
  },
  {
    "id": "9431c681-5ca4-4358-8509-84ef8cf7f9c5",
    "data": [
      {
        "text": "comment faire pour ne pas avoir des soucis durant le sevrage de cet ordre (hallucinations et voix par exemple) ou autres ?",
        "userDefined": false
      }
    ],
    "isTemplate": false,
    "count": 0,
    "updated": 1522593569
  },
  {
    "id": "6e9a4a53-b62d-4150-9961-a46298326ee5",
    "data": [
      {
        "text": "Je tremble souvent depuis que je prend des antidépresseurs. Y a-t-il un moyen des ne pas trembler ?",
        "userDefined": false
      }
    ],
    "isTemplate": false,
    "count": 0,
    "updated": 1522593569
  },
  {
    "id": "1b607a35-f55d-42fd-a751-d62c11aa856c",
    "data": [
      {
        "text": "après mon traitement au duphaston me sont apparus des poils dans le cou. j\u0027aimerais savoir s\u0027il existe des traitements, des solutions pour les faire disparaitre ?",
        "userDefined": false
      }
    ],
    "isTemplate": false,
    "count": 0,
    "updated": 1522593569
  },
  {
    "id": "eee4f077-1954-4ce0-beff-6f6ea046d2f2",
    "data": [
      {
        "text": "je suis sous miness, le mois dernier j\u0027ai commencé ma plaquette avec deux jours ou trois d\u0027avance. mes règles durent plus logntemps que prévu . Que faire?",
        "userDefined": false
      }
    ],
    "isTemplate": false,
    "count": 0,
    "updated": 1522593569
  },
  {
    "id": "200db2cc-c0a3-47e7-9815-57aeaaeef0e7",
    "data": [
      {
        "text": "Que faire en cas d\u0027allergie à la mébéverine ?",
        "userDefined": false
      }
    ],
    "isTemplate": false,
    "count": 0,
    "updated": 1522593569
  },
  {
    "id": "ba613e5d-e66c-4f95-ae8c-3fba6e6ea1ba",
    "data": [
      {
        "text": "j ai été opéré d\u0027une double hernie discales. j\u0027ai toujours mal au lombaire et au nerfs sciatique. mon chirurgien m a dit de baisser les gouttes de rivotril. j etais a 20.. aujourd hui j en suis a 6 !! il m a prescrit un anti depresseur anafranil.. vu la fatigue ect.. j ai arreté seul. le fait d arreté a redeclenché la sciatique, la deprime. mon médecin traitant m a prescrit du cymbalta 30 mg. le probleme c est que je me reveille a 1h du matin avec de gros vertiges, nausée, bouffée de chaleur.. est ce normal ?",
        "userDefined": false
      }
    ],
    "isTemplate": false,
    "count": 0,
    "updated": 1522593569
  },
  {
    "id": "8fcbd94b-0e57-43dc-8dce-80faf44fb50c",
    "data": [
      {
        "text": "j\u0027ai pris beaucoup de poids en prenant du Zoloft depuis presque an. Que faire ?",
        "userDefined": false
      }
    ],
    "isTemplate": false,
    "count": 0,
    "updated": 1522593569
  },
  {
    "id": "89572f68-bea2-48d0-a248-a3b0e1a792b8",
    "data": [
      {
        "text": "je prend la pilule cilest et là j\u0027avais un peu mal au ventre. j\u0027ai également mes régles, alors que j\u0027aurai dû les avoir dimanche 29 ou lundi 30 janvier. que dois-je faire?",
        "userDefined": false
      }
    ],
    "isTemplate": false,
    "count": 0,
    "updated": 1522593569
  },
  {
    "id": "265bb334-28fb-4dbc-b5b8-5a340fec9afd",
    "data": [
      {
        "text": "bonjours, je suis sous mercilon depuis 4mois; mais j\u0027ai un problème de perte de cheveux; qui ce que je dois faire? merci d\u0027avance.",
        "userDefined": false
      }
    ],
    "isTemplate": false,
    "count": 0,
    "updated": 1522593569
  },
  {
    "id": "15c550d8-e736-43de-b0c0-d4445365e4e2",
    "data": [
      {
        "text": "je prenais jusqu\u0027alors 100 mg de floxyfral par jour, soit 2 comprimés, et depuis 15 jours, je suis passée à 75 mg. j\u0027ai l\u0027impression aujourd\u0027hui de me sentir \"mal\" . que faire?",
        "userDefined": false
      }
    ],
    "isTemplate": false,
    "count": 0,
    "updated": 1522593569
  },
  {
    "id": "aa3d12b2-0e76-45b9-99bb-bbfc44dede1f",
    "data": [
      {
        "text": "mon traitement au skenan et au acti skenan c\u0027est arrêter. depuis je vie un enfer vomissement et l\u0027impression d\u0027avoir un troue dans l\u0027estomac, des tremblement des insomnies des palpitation. doit je consulté un médecin aller au urgence ?",
        "userDefined": false
      }
    ],
    "isTemplate": false,
    "count": 0,
    "updated": 1522593569
  },
  {
    "id": "525a6262-d82c-4d1b-8cdf-c8a6e65908bc",
    "data": [
      {
        "text": "mon xanax me rend malheureuse en ce moment. je n\u0027arrive plus a diminuer. dès que je diminue j\u0027ai des vertiges,mal de tete au ventre je suis pas bien du tout. que dois je faire?",
        "userDefined": false
      }
    ],
    "isTemplate": false,
    "count": 0,
    "updated": 1522593569
  },
  {
    "id": "9530b7b9-e49a-47e3-8016-5ef100e55bef",
    "data": [
      {
        "text": "plus de libido sous diane 35--\u003e jasmine?",
        "userDefined": false
      }
    ],
    "isTemplate": false,
    "count": 0,
    "updated": 1522593569
  },
  {
    "id": "fba09f64-1204-41cf-b2d6-beb1cc66aa15",
    "data": [
      {
        "text": "je prenais seroplex 10mg le soir, mais je souffre d\u0027insomnie.  ce matin donc, j\u0027ai pris le seroplex d\u0027hier soir, mais voilà que j\u0027ai l\u0027impression d\u0027être complètement ramollie. Dois-je persévérer quelques jours (prise du matin) avant d\u0027être mieux ?",
        "userDefined": false
      }
    ],
    "isTemplate": false,
    "count": 0,
    "updated": 1522593569
  },
  {
    "id": "99a90261-a7f1-46d2-9747-37beab21c2e9",
    "data": [
      {
        "text": "je prends de la pénicilline depuis quatre jours pour soigner une angine et depuis aujourd\u0027hui, j\u0027ai beaucoup de mal à supporter ce médicament. est ce que je continue le médicament jusqu\u0027à demain (j\u0027ai encore 3 prises à prendre)? ou est ce que je le stoppe net tout de suite?",
        "userDefined": false
      }
    ],
    "isTemplate": false,
    "count": 0,
    "updated": 1522593569
  },
  {
    "id": "1fa14403-a2c8-4ef2-b38c-9b50b82eca5b",
    "data": [
      {
        "text": "J\u0027ai du solian 100mg et j\u0027ai des soucis : -rigidités -spasmes musculaires -hyper sensibilité -difficulté supplémentaire avec la chaleur, etc. Que faire ?",
        "userDefined": false
      }
    ],
    "isTemplate": false,
    "count": 0,
    "updated": 1522593569
  },
  {
    "id": "a8b41706-5e50-489c-af0b-30bba8ef2a1d",
    "data": [
      {
        "text": "Enervée avec deroxat, faut-il continuer ?",
        "userDefined": false
      }
    ],
    "isTemplate": false,
    "count": 0,
    "updated": 1522593569
  },
  {
    "id": "e2f09946-a0af-4a78-bd24-1266cb23b2aa",
    "data": [
      {
        "text": "Comment soulager les maux d\u0027estomac provoqués par le Celebrex ?",
        "userDefined": false
      }
    ],
    "isTemplate": false,
    "count": 0,
    "updated": 1522593569
  },
  {
    "id": "b146eabf-29b1-4d8d-80c8-5e9a1395a7f0",
    "data": [
      {
        "text": "evra et effets secondaires nombreux: continuer?",
        "userDefined": false
      }
    ],
    "isTemplate": false,
    "count": 0,
    "updated": 1522593569
  },
  {
    "id": "67a132e3-f0ea-49ec-8f4e-9ebede028300",
    "data": [
      {
        "text": "je prends la pilule leeloo gé , mais j\u0027ai décidé de ne pas faire l\u0027arrêt d une semaine pour ne pas avoir mes règles. sauf problème je les ai quand même eu et cette semaine j\u0027ai encore des saignements que faire ?",
        "userDefined": false
      }
    ],
    "isTemplate": false,
    "count": 0,
    "updated": 1522593569
  },
  {
    "id": "86e8b2a0-33b2-440f-b428-ba797c8945d3",
    "data": [
      {
        "text": "cycles irrégulier avec microval : dois-je refaire un test prise de sang?",
        "userDefined": false
      }
    ],
    "isTemplate": false,
    "count": 0,
    "updated": 1522593569
  },
  {
    "id": "3346db7a-5e63-4b10-aa03-772315f61ffd",
    "data": [
      {
        "text": "mon fils de 2 mois a eu son vaccin mardi il m\u0027as fait une monte de fievre (38.8) puis c\u0027est redescendu aujourd\u0027hui jeudi il est remonter a 38   que faire ?",
        "userDefined": false
      }
    ],
    "isTemplate": false,
    "count": 0,
    "updated": 1522593569
  },
  {
    "id": "af2ed8c8-7748-43ab-8b41-1ecee71094f5",
    "data": [
      {
        "text": "Comment lutter contre la perte de poids entrainé par la paroxétine ?",
        "userDefined": false
      }
    ],
    "isTemplate": false,
    "count": 0,
    "updated": 1522593569
  },
  {
    "id": "e90154e2-a465-4392-a44f-8a51fc230cfa",
    "data": [
      {
        "text": "je suis a mon troisième sevrage de codeine. que dois-je faire pour calmer mes migraines?",
        "userDefined": false
      }
    ],
    "isTemplate": false,
    "count": 0,
    "updated": 1522593569
  },
  {
    "id": "046770e2-e163-4de7-8310-d50e29b768e7",
    "data": [
      {
        "text": "Cela fait deux ans que j\u0027ai le miréna, je n\u0027ai plus ou presque de libido.  Que faire ?",
        "userDefined": false
      }
    ],
    "isTemplate": false,
    "count": 0,
    "updated": 1522593569
  },
  {
    "id": "87d35b3a-010d-4f14-a93f-4edebcb512ba",
    "data": [
      {
        "text": "je suis réglée malgré nuvaring. alors que dois je faire,le garder ou le retire?",
        "userDefined": false
      }
    ],
    "isTemplate": false,
    "count": 0,
    "updated": 1522593569
  },
  {
    "id": "595c581b-51d1-401d-a9b1-cc333a8ec0f0",
    "data": [
      {
        "text": "J\u0027ai une infection urinaire et le médecin m a donné du monuril. 24h après j ai vraiment des troubles intestinaux comme écrit sur la notice: nausées et diarrhés.  Que prendre contre ces effets?",
        "userDefined": false
      }
    ],
    "isTemplate": false,
    "count": 0,
    "updated": 1522593569
  },
  {
    "id": "0a4d28cc-70ea-4faf-b40b-c63de08372e1",
    "data": [
      {
        "text": "Que faire en cas de prise de poids sous effexor ?",
        "userDefined": false
      }
    ],
    "isTemplate": false,
    "count": 0,
    "updated": 1522593569
  },
  {
    "id": "b0b8f7e2-9dcc-462e-ad37-6324c1d4d004",
    "data": [
      {
        "text": "je suis dépendant au supeudol, aide s.v.p. êtes-vous dépendant au supeudol et oxycontin ?",
        "userDefined": false
      }
    ],
    "isTemplate": false,
    "count": 0,
    "updated": 1522593569
  },
  {
    "id": "5f14b070-dd45-4b2f-a587-d306a23f14b7",
    "data": [
      {
        "text": "angoisse, prevenar : faire ou ne pas faire??",
        "userDefined": false
      }
    ],
    "isTemplate": false,
    "count": 0,
    "updated": 1522593569
  },
  {
    "id": "3fbf66db-3919-448e-ae50-881481629f14",
    "data": [
      {
        "text": "règles anormales..puis-je commencer nuvaring?",
        "userDefined": false
      }
    ],
    "isTemplate": false,
    "count": 0,
    "updated": 1522593569
  },
  {
    "id": "4a019da4-3340-41c6-a592-37c41f9fd25c",
    "data": [
      {
        "text": "Que faire en cas de sécheresse ou mycoses sous méliane ?",
        "userDefined": false
      }
    ],
    "isTemplate": false,
    "count": 0,
    "updated": 1522593569
  },
  {
    "id": "04d31fa2-2cb4-4158-9487-aa9acde6d9b1",
    "data": [
      {
        "text": "Je n\u0027ai pas d\u0027effet avec le seropram, que faire ?",
        "userDefined": false
      }
    ],
    "isTemplate": false,
    "count": 0,
    "updated": 1522593569
  },
  {
    "id": "a66b1aa9-040b-4527-9e3f-1271067225a3",
    "data": [
      {
        "text": "sous efferalgan codéiné pour des douleurs rhumatismales assez sévères. mais je crois etre \"accro\" et j\u0027ai beaucoup de mal à m\u0027en passer désormais. que puis-faire?",
        "userDefined": false
      }
    ],
    "isTemplate": false,
    "count": 0,
    "updated": 1522593569
  },
  {
    "id": "8502f3d2-ebb0-4f73-816b-511e1df4b20e",
    "data": [
      {
        "text": "je prend la pilule diane 35 et très souvent au début de mes règles j\u0027ai des pertes marron/brunâtre, que faire ?",
        "userDefined": false
      }
    ],
    "isTemplate": false,
    "count": 0,
    "updated": 1522593569
  },
  {
    "id": "2eafa5fe-7cbf-48c9-abd0-8e4f22dcf221",
    "data": [
      {
        "text": "je prend cérazette j\u0027avais toujours mes règles quasiment tous les mois. le plus long cycle était de 51 jours. là, je les ai eu le 2 juillet et depuis plus rien. j\u0027ai pleins de boutons qui poussent sur la figure et dans le coup, j\u0027ai parfois mal an bas du ventre comme si mon utérus se contractait. ?(comme mon cycle le plus long est de 51 jours) où alors à votre avis que doi-je faire??qu\u0027est-ce que vous en pensez?",
        "userDefined": false
      }
    ],
    "isTemplate": false,
    "count": 0,
    "updated": 1522593569
  },
  {
    "id": "4c53a472-6489-48ee-9c81-77331abd2d9d",
    "data": [
      {
        "text": "Je suis sous deroxat depuis 1 an et suis tous le temps crevé , que faire ?",
        "userDefined": false
      }
    ],
    "isTemplate": false,
    "count": 0,
    "updated": 1522593569
  },
  {
    "id": "e06d5297-e93d-4ba5-a3db-e246d7902e45",
    "data": [
      {
        "text": "j\u0027ai comme contraception le patch evra et voilà depuis hier j\u0027ai des saignements. à votre avis, qu\u0027est ce que je dois faire ?",
        "userDefined": false
      }
    ],
    "isTemplate": false,
    "count": 0,
    "updated": 1522593569
  },
  {
    "id": "afc2dfc1-11e3-4b28-9773-9cdc1e4b03fa",
    "data": [
      {
        "text": "mycose et infection urinaire à cause de antibios, un conseil?",
        "userDefined": false
      }
    ],
    "isTemplate": false,
    "count": 0,
    "updated": 1522593569
  },
  {
    "id": "982621bb-d6ef-4302-8b8b-6a9b572202cf",
    "data": [
      {
        "text": "j\u0027ai pris un comprimé de stillnox et ce matin j\u0027ai envie de vomir, je tremblotte, j\u0027ai du mal à me tenir debout. que dois je faire?",
        "userDefined": false
      }
    ],
    "isTemplate": false,
    "count": 0,
    "updated": 1522593569
  },
  {
    "id": "1ac8ac52-3728-4dad-bbc0-94b9fc77be78",
    "data": [
      {
        "text": "j\u0027ai pris du dafalgan, j\u0027avais tellement mal, quelque heures plus tard je me sens pas bien du tout. Que faire?",
        "userDefined": false
      }
    ],
    "isTemplate": false,
    "count": 0,
    "updated": 1522593569
  },
  {
    "id": "a6bbca10-1de3-4655-81f1-07488ed44e2e",
    "data": [
      {
        "text": "j\u0027ai oublier trois jours de suite de prendre ma pillule et je l\u0027ai prise hier et aujourd\u0027hui et la j\u0027ai des saignements, je pense bien que ce sont mes regles, mais je ne sais pas quoi faire demain matin, je reprends ma pillule ou j\u0027attends la fin et je la reprends normalment  ?",
        "userDefined": false
      }
    ],
    "isTemplate": false,
    "count": 0,
    "updated": 1522593569
  },
  {
    "id": "6ce82e2d-b260-462c-83a0-2b5e609eda60",
    "data": [
      {
        "text": "comment baisser la fatigue donnée par seroplex?",
        "userDefined": false
      }
    ],
    "isTemplate": false,
    "count": 0,
    "updated": 1522593569
  },
  {
    "id": "34f65556-8cb2-4c9e-8fdf-0cf484514643",
    "data": [
      {
        "text": "solian : prise de poids, que faire ?",
        "userDefined": false
      }
    ],
    "isTemplate": false,
    "count": 0,
    "updated": 1522593569
  },
  {
    "id": "69997b7a-d565-4b23-8691-6fad5b4ced85",
    "data": [
      {
        "text": "Apparition d\u0027une boule à l\u0027endroit du vaccin, que faire ?",
        "userDefined": false
      }
    ],
    "isTemplate": false,
    "count": 0,
    "updated": 1522593569
  },
  {
    "id": "f97bd3ea-123b-4b58-b985-63c9b400d6d1",
    "data": [
      {
        "text": "j\u0027ai toujours eu des cycles ultra réguliers avec nova-t mais là j\u0027ai eu cycle qui a été  ultra court et j\u0027en suis à 33j avec un spotting. Je fais un test ou pas ??",
        "userDefined": false
      }
    ],
    "isTemplate": false,
    "count": 0,
    "updated": 1522593569
  },
  {
    "id": "d260e37e-8445-4248-a71e-c69145ead81a",
    "data": [
      {
        "text": "je me suis fait poser un implant (nexplanon). mes règles étaient régulières et depuis 2 mois plus rien!! est ce normal ou est ce que je dois m\u0027inquiéter ?",
        "userDefined": false
      }
    ],
    "isTemplate": false,
    "count": 0,
    "updated": 1522593569
  },
  {
    "id": "b78ebe04-fbd9-4054-9267-c0b1ee8ea92a",
    "data": [
      {
        "text": "mon petit bout a eu son vaccin ror. depuis deux jours il a une tres forte fievre (parfois + de 39.5..). savez-vous ce qu\u0027on peut faire pour contenir la fievre?",
        "userDefined": false
      }
    ],
    "isTemplate": false,
    "count": 0,
    "updated": 1522593569
  },
  {
    "id": "3908808f-793f-4a22-8896-be5596c6d096",
    "data": [
      {
        "text": "je pratique du football depuis trs jeune et depuis la prise du lysanxia ou ad j\u0027ai l\u0027impression de m\u0027evanouir a moitié sur le terrain est ce que vous avez ces problemes et avez vous des astuces ?",
        "userDefined": false
      }
    ],
    "isTemplate": false,
    "count": 0,
    "updated": 1522593569
  },
  {
    "id": "0cc601c1-39fd-4d1c-90c0-344fd8f196e6",
    "data": [
      {
        "text": "spotting avec pillule \"daily gé\": quelle solution ?",
        "userDefined": false
      }
    ],
    "isTemplate": false,
    "count": 0,
    "updated": 1522593569
  },
  {
    "id": "086a9256-c26c-40ff-aec3-fb6a6b6992f6",
    "data": [
      {
        "text": "j\u0027ai fais le vaccin du papillomavirus, j\u0027ai une boule très douloureuse à l\u0027endroit ou il m\u0027a piqué qui ne disparait pas. . que dois je faire ?",
        "userDefined": false
      }
    ],
    "isTemplate": false,
    "count": 0,
    "updated": 1522593569
  },
  {
    "id": "d9224316-f5a7-4a9a-bd37-355aa3207d94",
    "data": [
      {
        "text": "je prends deroxat, je suis naze tous le temps surtout en debut d aprem  et en se moments c\u0027est de plus en plus dure   si je baisse un peu le deroxat , vous pensez que j aurai moin de fatigue ?",
        "userDefined": false
      }
    ],
    "isTemplate": false,
    "count": 0,
    "updated": 1522593569
  },
  {
    "id": "21aba6ff-c155-4cf3-899b-1d80346edcc6",
    "data": [
      {
        "text": "je prend une nouvelle pilule microval et jai eu un rapport non protèger. jai pris la pilule du lendemain,et continuer normalement la quotidienne microval et maintenant j\u0027ai des sortes de \"règles\". cela fait deux jours ke je perd \"très très peu et marron la couleur\".  que dois je faire?",
        "userDefined": false
      }
    ],
    "isTemplate": false,
    "count": 0,
    "updated": 1522593569
  },
  {
    "id": "6f9fa51c-82b9-41c9-a962-b192a728c522",
    "data": [
      {
        "text": "sevrage deroxat comment atténuer les douleurs musculaires?",
        "userDefined": false
      }
    ],
    "isTemplate": false,
    "count": 0,
    "updated": 1522593569
  },
  {
    "id": "3b79b573-4e5f-4ab6-b557-df50674dc345",
    "data": [
      {
        "text": "je ne me suis pas grattée dès le début des prises de cymbalta mais depuis 1 semaine c\u0027est l\u0027enfer. je me réveille toutes les nuits vers 2 heures et je me frictionne avec violence de la tête au pied. dois-je arrêter ?",
        "userDefined": false
      }
    ],
    "isTemplate": false,
    "count": 0,
    "updated": 1522593569
  },
  {
    "id": "204cfc96-14e6-4b0f-935c-54f64d39bcc7",
    "data": [
      {
        "text": "Mes règles ne s\u0027arrêtes pas sous mélodia, que faire ?",
        "userDefined": false
      }
    ],
    "isTemplate": false,
    "count": 0,
    "updated": 1522593569
  },
  {
    "id": "1b713d99-c900-4403-a3fb-11f0984cbe6b",
    "data": [
      {
        "text": "je prend du mag b6 en dragée et ça me donne la diarrée et des mots de ventre. peut etre il faut que je le prenne sous une autre forme?",
        "userDefined": false
      }
    ],
    "isTemplate": false,
    "count": 0,
    "updated": 1522593569
  },
  {
    "id": "8aaa5a4e-9ff9-4b51-a4d7-c24ab39ecb07",
    "data": [
      {
        "text": "arrêt cerazette, plus de règle, quand recommencer à la reprendre ?!",
        "userDefined": false
      }
    ],
    "isTemplate": false,
    "count": 1,
    "updated": 1522593569
  },
  {
    "id": "d6820751-511a-4187-9b2a-0de96ae4fa49",
    "data": [
      {
        "text": "Quelle solution pour la baisse de libido sous cyprotérone ?",
        "userDefined": false
      }
    ],
    "isTemplate": false,
    "count": 0,
    "updated": 1522593569
  },
  {
    "id": "63e1206e-820b-492e-a9e5-fec05f39992b",
    "data": [
      {
        "text": "je prends le patch evra depuis deux semaines et j\u0027ai des tas d\u0027effets secondaires, que faire?",
        "userDefined": false
      }
    ],
    "isTemplate": false,
    "count": 0,
    "updated": 1522593569
  },
  {
    "id": "f881d038-e871-4480-8d35-85ed673057d5",
    "data": [
      {
        "text": "j\u0027ai des problème avec cerazette : dois-je changer de pillule ?",
        "userDefined": false
      }
    ],
    "isTemplate": false,
    "count": 0,
    "updated": 1522593569
  },
  {
    "id": "12f266e5-4505-4b05-af6b-c7f1c0121e68",
    "data": [
      {
        "text": "Mon frère prend du tercian, du risperdal, du depakote et 3 à 4 xanax 0,5 par jour. Je trouve qu\u0027il est trés ralenti et il dort de plus en plus , dois je faire quelque chose ?",
        "userDefined": false
      }
    ],
    "isTemplate": false,
    "count": 0,
    "updated": 1522593569
  },
  {
    "id": "5b28f02c-c61f-42cd-9057-e503c2b707b7",
    "data": [
      {
        "text": "Que faire si j\u0027ai des nausées après avoir pris de l\u0027imovane?",
        "userDefined": false
      }
    ],
    "isTemplate": false,
    "count": 0,
    "updated": 1522593569
  },
  {
    "id": "c6679ac3-6163-4bf8-8177-4b2d973008ee",
    "data": [
      {
        "text": "seropram depuis, 3/4 semaines et effets bizarre, que faire ?",
        "userDefined": false
      }
    ],
    "isTemplate": false,
    "count": 0,
    "updated": 1522593569
  },
  {
    "id": "b5ecac7f-65c0-4158-adb8-c68f67691bfb",
    "data": [
      {
        "text": "problèmes sous jasminelle? help!!",
        "userDefined": false
      }
    ],
    "isTemplate": false,
    "count": 0,
    "updated": 1522593569
  },
  {
    "id": "84750eac-8c04-468b-9f72-3cc4636da1da",
    "data": [
      {
        "text": "Stabilisé par du lithium (téralithe) je ne dors plus.Que faire ?",
        "userDefined": false
      }
    ],
    "isTemplate": false,
    "count": 0,
    "updated": 1522593569
  },
  {
    "id": "c9520bcd-74e6-412f-98c6-a17d1ca162c1",
    "data": [
      {
        "text": "je me suis fait opéré d\u0027une luxation de la machoire. je suis sous l72. mais je l\u0027ai arrêté, car je dort très mal, j\u0027ai du mal à m\u0027endormir. je me lève encore plus fatigué ! que dois-je faire?",
        "userDefined": false
      }
    ],
    "isTemplate": false,
    "count": 0,
    "updated": 1522593569
  },
  {
    "id": "92c7f56a-eba1-4f92-b36a-1cb298cb9f2e",
    "data": [
      {
        "text": "J\u0027ai des palpitations avec l\u0027actifed, que dois-je faire ?",
        "userDefined": false
      }
    ],
    "isTemplate": false,
    "count": 0,
    "updated": 1522593569
  },
  {
    "id": "184420d3-df3e-49b8-8f76-07a7947ea1a1",
    "data": [
      {
        "text": "j\u0027ai la langue enflée quand je prend du paracétamol .qui peu m\u0027aider ?",
        "userDefined": false
      }
    ],
    "isTemplate": false,
    "count": 0,
    "updated": 1522593569
  },
  {
    "id": "ceb1a28f-0350-4360-93b9-105a2e34878c",
    "data": [
      {
        "text": "j\u0027ai déja fait deux injections du vaccin gardasil et depuis mon état moral s\u0027est dégradé.  que me conseilleriez vous ?",
        "userDefined": false
      }
    ],
    "isTemplate": false,
    "count": 0,
    "updated": 1522593569
  },
  {
    "id": "0fe704c8-f161-4ba7-a968-9411d7740a4f",
    "data": [
      {
        "text": "regles trés abondantes avec l\u0027implanon. j\u0027aimerais savoir quelle est la solution",
        "userDefined": false
      }
    ],
    "isTemplate": false,
    "count": 0,
    "updated": 1522593569
  },
  {
    "id": "b357f521-b184-479e-85ac-83c7c688e286",
    "data": [
      {
        "text": "Plus d\u0027effets avec le dexorat, que faire ?",
        "userDefined": false
      }
    ],
    "isTemplate": false,
    "count": 0,
    "updated": 1522593569
  },
  {
    "id": "ec470e41-4073-457f-ad64-4dc6ca9dda53",
    "data": [
      {
        "text": "Que faire en cas d\u0027effet secondaires avec la tolexine ?",
        "userDefined": false
      }
    ],
    "isTemplate": false,
    "count": 0,
    "updated": 1522593569
  },
  {
    "id": "53cd953f-3275-4626-8d68-4e4a120d114a",
    "data": [
      {
        "text": "mon médecin traitant m\u0027a prescrit l\u0027antibiotique \"monuril\". seulement, +- 2h après la prise de cet antibiotique, j\u0027ai eu une diahree assez sévère puis j\u0027ai vomi quelques heures après.. est-ce que l\u0027éfficacité de l\u0027antibiotique va se voir diminuer ?",
        "userDefined": false
      }
    ],
    "isTemplate": false,
    "count": 0,
    "updated": 1522593569
  },
  {
    "id": "2ed9ac79-d0c9-4cba-9e5d-0e6a3c8ba474",
    "data": [
      {
        "text": "Comment perdre le poids pris avec duphaston ?",
        "userDefined": false
      }
    ],
    "isTemplate": false,
    "count": 0,
    "updated": 1522593569
  },
  {
    "id": "af46c628-df54-4849-bfa6-0582dd6c7772",
    "data": [
      {
        "text": "y\u0027a t-il des effets en général qui suivent la prise de norlevo? et si elle provoque des vomissements ou saignements, que faire?..",
        "userDefined": false
      }
    ],
    "isTemplate": false,
    "count": 0,
    "updated": 1522593569
  },
  {
    "id": "6777afa2-f3a4-41c5-b881-6f559029c620",
    "data": [
      {
        "text": "je suis sous effexor et j\u0027ai des plaque et rouge avec des boutons qui me demange enormement , malgres plusieurs traitement pour l\u0027allergie ça continue que faire ?",
        "userDefined": false
      }
    ],
    "isTemplate": false,
    "count": 0,
    "updated": 1522593569
  },
  {
    "id": "b5baa038-8a99-4ea6-a5fe-f3b0bc2f7c32",
    "data": [
      {
        "text": "La sertaline 100 me provoque des gaz, y a-t-il une solution ?",
        "userDefined": false
      }
    ],
    "isTemplate": false,
    "count": 0,
    "updated": 1522593569
  },
  {
    "id": "e82e7cd2-3ebb-40be-8c5a-727ce54b1775",
    "data": [
      {
        "text": "mal de ventre a 7dpo sous utrogestan pouvez vous m\u0027aidez?",
        "userDefined": false
      }
    ],
    "isTemplate": false,
    "count": 0,
    "updated": 1522593569
  },
  {
    "id": "37a1747c-4da7-4ba5-a52e-4cfe3e50947c",
    "data": [
      {
        "text": "comment fait t\u0027on pour se desintoxiquer?",
        "userDefined": false
      }
    ],
    "isTemplate": false,
    "count": 0,
    "updated": 1522593569
  },
  {
    "id": "0d882e7d-d083-474c-b1e1-44f4643a886b",
    "data": [
      {
        "text": "ofloxacine + tendinite + voyage dans 2 jours  ?",
        "userDefined": false
      }
    ],
    "isTemplate": false,
    "count": 0,
    "updated": 1522593569
  },
  {
    "id": "3aac60f7-a6d7-4a38-8847-e6bcec55007a",
    "data": [
      {
        "text": "j\u0027ai nexplanon. depuis 3 semaines j\u0027ai des pertes de colostrum et depuis quelque jour très mal au sein mais qu\u0027a un seul. existe t il un traitement approprié ?",
        "userDefined": false
      }
    ],
    "isTemplate": false,
    "count": 0,
    "updated": 1522593569
  },
  {
    "id": "a87d8cc6-10b4-4e77-99b6-9199f4ec018b",
    "data": [
      {
        "text": "j\u0027ai commencé daily gé au début de mon cycle. depusi j\u0027ai pas mal d\u0027effets secondaires (nausées, mal aux seins, mal au bas du ventre, mal au crane, je dors mal alors que j\u0027ai jamais eu de probleme, je suis fatiguée et angoissée..) dois je l\u0027arreter, demander a en essayer une autre ou continuer et les effets vont disparaitre?",
        "userDefined": false
      }
    ],
    "isTemplate": false,
    "count": 0,
    "updated": 1522593569
  },
  {
    "id": "b389e4de-cbb2-421f-ab09-539dc90fa528",
    "data": [
      {
        "text": "je prends la pilule diane 35 et après un rdv a l\u0027ophtalmo, javais une tension de 19,4/20 dans un oeil. je sais que la pilule peut causer des troubles de la vision. dois-je l\u0027arreter?",
        "userDefined": false
      }
    ],
    "isTemplate": false,
    "count": 0,
    "updated": 1522593569
  },
  {
    "id": "8c169334-5389-4cf6-943c-d22b650becb9",
    "data": [
      {
        "text": "je prenais deroxat et j\u0027ai entamé le sevrage très lent aucun soucis de manque. mais vendredi l\u0027angoisse est reaparue ! dois je reprendre si je veux de nouveau vivre sans ça ?",
        "userDefined": false
      }
    ],
    "isTemplate": false,
    "count": 0,
    "updated": 1522593569
  },
  {
    "id": "97a27983-bd53-4560-9b84-c4b0459671b4",
    "data": [
      {
        "text": "j\u0027ai pris duphaston pour provoquer les règles. et malgré duphaston rien. je devrais les avoirs depuis plus de 48 h. que dois-jre faire??",
        "userDefined": false
      }
    ],
    "isTemplate": false,
    "count": 0,
    "updated": 1522593569
  },
  {
    "id": "6ca612eb-c5fe-4073-b260-6b1f03ff97b5",
    "data": [
      {
        "text": "prise de poids paroxétine- seroplex ?? aidez moi :\u0027(",
        "userDefined": false
      }
    ],
    "isTemplate": false,
    "count": 0,
    "updated": 1522593569
  },
  {
    "id": "45c81653-bb21-4e9f-9dc7-d821c012bf33",
    "data": [
      {
        "text": "avec des saignements avec l\u0027anneau contraceptif nuvaring, que faire dans ce cas là ?",
        "userDefined": false
      }
    ],
    "isTemplate": false,
    "count": 0,
    "updated": 1522593569
  },
  {
    "id": "0286b5e7-bf2d-4537-8c42-278c7cea2f66",
    "data": [
      {
        "text": "norset et hallucinations??help!!",
        "userDefined": false
      }
    ],
    "isTemplate": false,
    "count": 0,
    "updated": 1522593569
  },
  {
    "id": "ec08d546-bc88-49ad-ab71-4d0447712d9c",
    "data": [
      {
        "text": "Que faire en cas de fatigue sous deroxat ?",
        "userDefined": false
      }
    ],
    "isTemplate": false,
    "count": 0,
    "updated": 1522593569
  },
  {
    "id": "4cc2e380-ee83-43d2-969e-9180904c0a8c",
    "data": [
      {
        "text": "ça fait 10 jours que jai commencer la pilule (varnoline continue) et mes regles ne sont toujours pas finies. C\u0027est ma 1ere pilule.. ça vous est deja arrivé au debut?",
        "userDefined": false
      }
    ],
    "isTemplate": false,
    "count": 0,
    "updated": 1522593569
  },
  {
    "id": "fdaf87ac-5430-4941-a206-a480ce098546",
    "data": [
      {
        "text": "arrêt brutal deroxat \u003d vertiges, ça va durer encore longtemps ?? help!",
        "userDefined": false
      }
    ],
    "isTemplate": false,
    "count": 0,
    "updated": 1522593569
  },
  {
    "id": "a832ee8d-c7df-4aa8-8d33-3c43c6f261d0",
    "data": [
      {
        "text": "Que faire en cas de boutons à la suite d\u0027un vaccin ?",
        "userDefined": false
      }
    ],
    "isTemplate": false,
    "count": 0,
    "updated": 1522593569
  },
  {
    "id": "45aefe28-6528-44a2-a124-2c79749d6386",
    "data": [
      {
        "text": "j\u0027ai commencé une otite il y a huit jours j\u0027ai été mise sous amoclane eg (875mg amoxilline et 125 mg acide clavunique). mon otite a disparu mais j\u0027ai une infection au niveau des gencives et des sinus. que faire ?",
        "userDefined": false
      }
    ],
    "isTemplate": false,
    "count": 0,
    "updated": 1522593569
  },
  {
    "id": "6e6980ad-35dc-4b7c-b668-92e7656b1ad7",
    "data": [
      {
        "text": "solutions contre les ejaculations retardés induies par la prise d\u0027antidépresseur ?",
        "userDefined": false
      }
    ],
    "isTemplate": false,
    "count": 0,
    "updated": 1522593569
  },
  {
    "id": "58626a90-229b-4b40-a412-921867e8e828",
    "data": [
      {
        "text": "Que faire si la libido est en baisse sous pilule?",
        "userDefined": false
      }
    ],
    "isTemplate": false,
    "count": 0,
    "updated": 1522593569
  },
  {
    "id": "e1d54002-5ff1-4b85-a659-79aa99bff34e",
    "data": [
      {
        "text": "je viens de suivre un traitement antibiotique. j\u0027ai pris du spiramycine/métronidazole deux fois par jour en association avec des bains de bouche eludril. plus de 48 heures après l\u0027arrêt de ce traitement, j\u0027avais un horrible goût amer en bouche. est-ce le traitement que j\u0027ai pris qui a provoqué ceci? que faire?",
        "userDefined": false
      }
    ],
    "isTemplate": false,
    "count": 0,
    "updated": 1522593569
  },
  {
    "id": "12a6dc09-d7ec-4e5a-9041-c0e15130cde4",
    "data": [
      {
        "text": "Pas d\u0027imagination après prise de risperdal. Pouvez vou m\u0027aider?",
        "userDefined": false
      }
    ],
    "isTemplate": false,
    "count": 0,
    "updated": 1522593569
  },
  {
    "id": "e983444a-d8a3-4860-b945-679c5d158236",
    "data": [
      {
        "text": "je prend la pillule cerazette depuis plus de 2 mois et sa fait un bon mois que j\u0027ai des saignement tous les jours comme si javais mes régles maiss de couleur marron. Que faire pour que sa s\u0027arréte?",
        "userDefined": false
      }
    ],
    "isTemplate": false,
    "count": 0,
    "updated": 1522593569
  },
  {
    "id": "49759de4-9f7f-44b6-a43b-003fa397bafc",
    "data": [
      {
        "text": "De nombreux effets indésirables avec le patch evra, faut-il continuer ?",
        "userDefined": false
      }
    ],
    "isTemplate": false,
    "count": 0,
    "updated": 1522593569
  },
  {
    "id": "1fc3ad13-9600-4462-abca-b3d43dede724",
    "data": [
      {
        "text": "j\u0027ai 27 ans et mes ovaires sont polykystiques,mon gynéco m\u0027a prescrit surgestone pendant 21 jours avec pause de 8 jours, au début du traitement j\u0027ai eu de grosse bouffées de chaleur au visage et maintenant 6 mois après je remarque que ma pilosité a augmenté sur le visage,si j\u0027arrète le traitement ma pilosité va elle redevenir normale?",
        "userDefined": false
      }
    ],
    "isTemplate": false,
    "count": 0,
    "updated": 1522593569
  },
  {
    "id": "728d797d-330e-4d2f-bda6-01a3a22a96fb",
    "data": [
      {
        "text": "perte de poids avec epitomax: dois j m\u0027inquièter?",
        "userDefined": false
      }
    ],
    "isTemplate": false,
    "count": 0,
    "updated": 1522593569
  },
  {
    "id": "32f84606-d1f6-4c1a-9557-a3568fbc18af",
    "data": [
      {
        "text": "je suis sous champix depuis 2 semaines, je ne dors plus , que faire?",
        "userDefined": false
      }
    ],
    "isTemplate": false,
    "count": 0,
    "updated": 1522593569
  },
  {
    "id": "0e9741c5-25f8-47ab-8b6e-a301e5b3ec3d",
    "data": [
      {
        "text": "depuis 2 jours je prends du gelsemium 9, 12, 15 ch + poumon histamine 7ch pour traiter des pbms d\u0027allergie aux acariens mais j\u0027ai des effets indésirables : migraine,sensation de chaleur sur tout le corps irritation de la gorge..de type allergique. que conseillez-vous ?",
        "userDefined": false
      }
    ],
    "isTemplate": false,
    "count": 0,
    "updated": 1522593569
  },
  {
    "id": "6142a688-7660-443a-bcd1-74efd33e1fb6",
    "data": [
      {
        "text": "Je ressent une grande fatigue et des bouffées de chaleur sous androcur, est-ce normal ?",
        "userDefined": false
      }
    ],
    "isTemplate": false,
    "count": 0,
    "updated": 1522593569
  },
  {
    "id": "752f12d7-2813-439c-992e-2c42c55f46fa",
    "data": [
      {
        "text": "je prends melodia depuis 2 ans et là j\u0027ai ce qui ressemble à des règles qui arrivent en milieu de cycle.  dois-je continuer la plaquette?",
        "userDefined": false
      }
    ],
    "isTemplate": false,
    "count": 0,
    "updated": 1522593569
  },
  {
    "id": "9cd7723e-0202-4693-b638-91cc7f105b7e",
    "data": [
      {
        "text": "cérazette et saignements, arrêt??",
        "userDefined": false
      }
    ],
    "isTemplate": false,
    "count": 1,
    "updated": 1522593569
  },
  {
    "id": "f42b75bd-ae8b-41c1-917b-1f1d1bfb97bf",
    "data": [
      {
        "text": "Dois-je arrêter roaccutane si mon patient se plaint de perte de moral ?",
        "userDefined": false
      }
    ],
    "isTemplate": false,
    "count": 0,
    "updated": 1522593569
  },
  {
    "id": "f8fd041e-849e-4950-be6e-3d15de792677",
    "data": [
      {
        "text": "est-ce que le fait que je perde du sang signifie que ma pillule n\u0027a plus d effet contraceptif ?",
        "userDefined": false
      }
    ],
    "isTemplate": false,
    "count": 0,
    "updated": 1522593569
  },
  {
    "id": "87bede82-be37-4908-81a4-ea77df64bd82",
    "data": [
      {
        "text": "j ai pris du rhinadvil +du pivalone mais depuis ce matin j ai mes levres qui picote et la gorge qui gratte  !!. que faire ?",
        "userDefined": false
      }
    ],
    "isTemplate": false,
    "count": 0,
    "updated": 1522593569
  },
  {
    "id": "cb71122d-4bc2-4269-a1af-3f941d0e869f",
    "data": [
      {
        "text": "mon fils a eu le rappel du prévenar hier, je vois une plaque rouge dépasser, enflée , sous la piqure une plaque dur de 5-6 cm de diamètre, que dois-je faire ?",
        "userDefined": false
      }
    ],
    "isTemplate": false,
    "count": 0,
    "updated": 1522593569
  },
  {
    "id": "227a8fce-df43-42b0-a5f9-04b3c507fdef",
    "data": [
      {
        "text": "je prends la pilule trinordiol. depuis une semaine j\u0027ai des vertiges. dois-je attendre de voir si ça passe ou consulter ma gynéco maintenant ??",
        "userDefined": false
      }
    ],
    "isTemplate": false,
    "count": 0,
    "updated": 1522593569
  },
  {
    "id": "9a27b48b-0918-4ba7-8591-636731973b99",
    "data": [
      {
        "text": "norset et fatigue après trois semaines de traitement, que faire ?",
        "userDefined": false
      }
    ],
    "isTemplate": false,
    "count": 0,
    "updated": 1522593569
  },
  {
    "id": "605cb87b-fc22-4e7b-a1a6-3d079fa2b509",
    "data": [
      {
        "text": "je commence a prendre \"oflocet\" depuis hier j\u0027ai de grosses douleurs musculaires!! que dois j\u0027faire ?",
        "userDefined": false
      }
    ],
    "isTemplate": false,
    "count": 0,
    "updated": 1522593569
  },
  {
    "id": "22aedf09-469c-41ec-a62a-51f1213b3fa8",
    "data": [
      {
        "text": "j\u0027ai mirena et perte de sang régulière maux de ventre et surtout au dos, j\u0027ai pris 4 kg. dois je faire un test de grossesse",
        "userDefined": false
      }
    ],
    "isTemplate": false,
    "count": 0,
    "updated": 1522593569
  },
  {
    "id": "2bc9ea3e-97ad-46da-9398-7b5e364a3163",
    "data": [
      {
        "text": "impossible de perdre le poids pris avec norset?",
        "userDefined": false
      }
    ],
    "isTemplate": false,
    "count": 0,
    "updated": 1522593569
  },
  {
    "id": "3c558e55-20f7-4d1f-9f84-c95b4f57a672",
    "data": [
      {
        "text": "problèmes avec solian, que faire ?",
        "userDefined": false
      }
    ],
    "isTemplate": false,
    "count": 0,
    "updated": 1522593569
  }
]