[
  {
    "id": "59fb080d-5a0a-42f1-b0ea-0f05f6653f80",
    "data": [
      {
        "text": "ou se procurer la vitamine c4?",
        "userDefined": false
      }
    ],
    "isTemplate": false,
    "count": 0,
    "updated": 1522593226
  },
  {
    "id": "584392a9-4b1a-42cf-b740-4ef0226ab1f6",
    "data": [
      {
        "text": "je suis sous lovenox 0.4  et ce médicament est en rupture. avez-vous des info quant à sa disponibilité?",
        "userDefined": false
      }
    ],
    "isTemplate": false,
    "count": 0,
    "updated": 1522593226
  },
  {
    "id": "659dc02d-f4f0-42ed-9409-502deb98502c",
    "data": [
      {
        "text": "vaccin dtp, enfin disponible??",
        "userDefined": false
      }
    ],
    "isTemplate": false,
    "count": 1,
    "updated": 1522593226
  },
  {
    "id": "7d1eb6e2-c161-4285-a549-621d91ec6164",
    "data": [
      {
        "text": "essence de marron d\u0027inde..où en trouver?",
        "userDefined": false
      }
    ],
    "isTemplate": false,
    "count": 0,
    "updated": 1522593226
  },
  {
    "id": "020a2830-e34a-40d0-9d96-09cb41601ede",
    "data": [
      {
        "text": "cialis disponible au québec??",
        "userDefined": false
      }
    ],
    "isTemplate": false,
    "count": 0,
    "updated": 1522593226
  },
  {
    "id": "6c5ba533-1420-49b3-8637-67d420e368c4",
    "data": [
      {
        "text": "diu en cuive disponible au planning familiale ?",
        "userDefined": false
      }
    ],
    "isTemplate": false,
    "count": 0,
    "updated": 1522593226
  },
  {
    "id": "1d3b53ef-8b10-489e-8ab9-0a7c66855b64",
    "data": [
      {
        "text": "où trouver du gel échographique sur paris ?",
        "userDefined": false
      }
    ],
    "isTemplate": false,
    "count": 0,
    "updated": 1522593226
  },
  {
    "id": "66e90f80-43c6-4911-b2e5-c70795d06fdf",
    "data": [
      {
        "text": "le vaccin gardasil®  retiré du marché ?",
        "userDefined": false
      }
    ],
    "isTemplate": false,
    "count": 0,
    "updated": 1522593226
  },
  {
    "id": "9517b629-de43-41e8-860b-32cdc053bb2c",
    "data": [
      {
        "text": "je souhaiterai acheter de la spiruline accompagné d\u0027acerola afin de mieux fixer le fer. où les acheter ?",
        "userDefined": false
      }
    ],
    "isTemplate": false,
    "count": 0,
    "updated": 1522593226
  },
  {
    "id": "b81b1dae-5110-4e80-94e2-c64659f86b5b",
    "data": [
      {
        "text": "quelqu\u0027un saurait il si l\u0027on peut se procurer ce gel estradiol hémihydraté 0.1 % ou équivalent en europe car en rupture de stock en france depuis 6 mois ?",
        "userDefined": false
      }
    ],
    "isTemplate": false,
    "count": 0,
    "updated": 1522593226
  },
  {
    "id": "0c73c3e4-dfdc-4bac-9583-f5c019d6e29a",
    "data": [
      {
        "text": "Une pharmacienne souhaite savoir si la spécialité Estreva comprimés est toujours commercialisée, elle n\u0027arrive plus à en avoir",
        "userDefined": false
      }
    ],
    "isTemplate": false,
    "count": 0,
    "updated": 1522593226
  },
  {
    "id": "4ebd1892-de34-4477-9338-528cceffbe74",
    "data": [
      {
        "text": "ou acheter des arkogellules de lamier blanc?",
        "userDefined": false
      }
    ],
    "isTemplate": false,
    "count": 0,
    "updated": 1522593226
  },
  {
    "id": "a1efc73c-30ed-478a-8f88-6cc6411d406f",
    "data": [
      {
        "text": "Où trouver le baume du commandeur ?",
        "userDefined": false
      }
    ],
    "isTemplate": false,
    "count": 1,
    "updated": 1522593226
  },
  {
    "id": "b730dfd3-a77f-45cd-a5d9-801f358f1b5d",
    "data": [
      {
        "text": "Est-ce qu’il y a rupture de Doliprane 1gr comprimé sec ou gélule?",
        "userDefined": false
      }
    ],
    "isTemplate": false,
    "count": 0,
    "updated": 1522593226
  },
  {
    "id": "03f5229a-5fca-4039-9daa-9fc391946bd6",
    "data": [
      {
        "text": "mepronizine retiré ?",
        "userDefined": false
      }
    ],
    "isTemplate": false,
    "count": 0,
    "updated": 1522593226
  },
  {
    "id": "54718e94-fe03-449d-a68c-8b03e6eedabb",
    "data": [
      {
        "text": "quelqu\u0027un est au courant si le cialis est disponible au québec?",
        "userDefined": false
      }
    ],
    "isTemplate": false,
    "count": 0,
    "updated": 1522593226
  },
  {
    "id": "3d97f14b-52e0-4415-b887-790e3845a1f8",
    "data": [
      {
        "text": "mon medecin m\u0027a dit que ça fit 1 mois qu\u0027on ne trouve plus le vaccins contre le dtp en france.  savez-vous où je pourrais tout de même le trouver (mais sans la coqueluche) ?? même dans un autre pays ??",
        "userDefined": false
      }
    ],
    "isTemplate": false,
    "count": 0,
    "updated": 1522593226
  },
  {
    "id": "181d6897-9372-47bc-8cea-29659055887a",
    "data": [
      {
        "text": "ou trouver du gel de carbopol?",
        "userDefined": false
      }
    ],
    "isTemplate": false,
    "count": 0,
    "updated": 1522593226
  },
  {
    "id": "4a6bcb41-f503-47aa-a52d-38379940e03c",
    "data": [
      {
        "text": "champix ?  Encore disponible ?",
        "userDefined": false
      }
    ],
    "isTemplate": false,
    "count": 0,
    "updated": 1522593226
  },
  {
    "id": "5d01f510-f00a-49f3-9cd9-6ef104181639",
    "data": [
      {
        "text": "ou acheter le millepertuis ?",
        "userDefined": false
      }
    ],
    "isTemplate": false,
    "count": 0,
    "updated": 1522593226
  },
  {
    "id": "8de7ca1a-cfac-4acd-ae01-f58513fb9cc5",
    "data": [
      {
        "text": "ou trouver la griffonia ?",
        "userDefined": false
      }
    ],
    "isTemplate": false,
    "count": 0,
    "updated": 1522593226
  },
  {
    "id": "95a8a56c-e869-48c2-9210-71c94858f8a5",
    "data": [
      {
        "text": "bonjour, savez-vous si le vaccin contre la grippe est disponible? je dois dire que j\u0027hésite toujours avec mes enfants. il y a certaines années où on ne les a pas vacciné et ils ne s\u0027en portaient pas plus mal..je suis toujours un peu sceptique..",
        "userDefined": false
      }
    ],
    "isTemplate": false,
    "count": 0,
    "updated": 1522593226
  },
  {
    "id": "2d91a4a7-79f5-4638-87d8-c1abb05014e9",
    "data": [
      {
        "text": "PAS DE QUESTION SUR UN MEDICAMENT",
        "userDefined": false
      }
    ],
    "isTemplate": false,
    "count": 0,
    "updated": 1522593226
  },
  {
    "id": "b5ef0089-e744-4f36-b1c3-0604758109ce",
    "data": [
      {
        "text": "Une personne travaillant pour un prestataire d\u0027hospitalisation à domicile voudrait savoir si le BiProfénid en ampoule injectable est disponible",
        "userDefined": false
      }
    ],
    "isTemplate": false,
    "count": 0,
    "updated": 1522593226
  },
  {
    "id": "e7a30f31-a6b2-4fb1-9e9a-a62c9d4441e9",
    "data": [
      {
        "text": "dafalgan codéïné en rupture de stock??",
        "userDefined": false
      }
    ],
    "isTemplate": false,
    "count": 0,
    "updated": 1522593226
  },
  {
    "id": "e7a33bc8-b176-49f5-ac3d-0c049be8961d",
    "data": [
      {
        "text": "Est-ce que la pilule alli est encore commercialisée?",
        "userDefined": false
      }
    ],
    "isTemplate": false,
    "count": 0,
    "updated": 1522593226
  },
  {
    "id": "9aa75533-8573-4135-a1cd-75dfaef84d53",
    "data": [
      {
        "text": "Synthol decontractyl est il autorisé en France ?",
        "userDefined": false
      }
    ],
    "isTemplate": false,
    "count": 0,
    "updated": 1522593226
  },
  {
    "id": "3afe84fc-7132-4885-b3cd-1f9c3aecbe6a",
    "data": [
      {
        "text": "est ce que dafalgan est toujours en vente?",
        "userDefined": false
      }
    ],
    "isTemplate": false,
    "count": 0,
    "updated": 1522593226
  },
  {
    "id": "6110f357-37f9-42a1-ae90-27020f484ccd",
    "data": [
      {
        "text": "quand la rupture de monoprost va t\u0027elle s\u0027arreter?",
        "userDefined": false
      }
    ],
    "isTemplate": false,
    "count": 0,
    "updated": 1522593226
  },
  {
    "id": "0f742f75-be68-4548-848a-f1b7e728ca52",
    "data": [
      {
        "text": "j\u0027ai vu ke le noctram etait en cours d actualisation.vont ils le remettre sur le marche?",
        "userDefined": false
      }
    ],
    "isTemplate": false,
    "count": 0,
    "updated": 1522593226
  },
  {
    "id": "91783aef-253a-4418-af54-6455cd0926cb",
    "data": [
      {
        "text": "Est ce qu’il  y’a une rupture sur Nurofen ?",
        "userDefined": false
      }
    ],
    "isTemplate": false,
    "count": 0,
    "updated": 1522593226
  },
  {
    "id": "af5be8e3-ac21-49d8-a900-f6fe745ebcc8",
    "data": [
      {
        "text": "A partir de quand le pneumovax sera disponible ?",
        "userDefined": false
      }
    ],
    "isTemplate": false,
    "count": 0,
    "updated": 1522593226
  },
  {
    "id": "cb78d4c6-2fd0-4ce4-b1e7-8d8586b97b34",
    "data": [
      {
        "text": "Le vaccin dtp est il disponible en pharmacie ?",
        "userDefined": false
      }
    ],
    "isTemplate": false,
    "count": 0,
    "updated": 1522593226
  },
  {
    "id": "6464d2e4-8f6f-4b03-81ac-6bfa9076349f",
    "data": [
      {
        "text": "Les vaccins anti-grippe sont-ils disponibles chez les grossistes ?",
        "userDefined": false
      }
    ],
    "isTemplate": false,
    "count": 0,
    "updated": 1522593226
  },
  {
    "id": "b6a8b23e-b4e7-49ee-ac66-e4823999d61c",
    "data": [
      {
        "text": "Une médecin dermatologue à la retraite souhaite connaître la date de retour de Daivobet crème",
        "userDefined": false
      }
    ],
    "isTemplate": false,
    "count": 0,
    "updated": 1522593226
  },
  {
    "id": "f5c4c15d-0025-465d-befc-b4a8bbed944c",
    "data": [
      {
        "text": "vicks babybalm retiré du marché ?",
        "userDefined": false
      }
    ],
    "isTemplate": false,
    "count": 0,
    "updated": 1522593226
  },
  {
    "id": "71568632-0673-402c-9be6-52df7530f6e5",
    "data": [
      {
        "text": "Bricanyl n\u0027existe plus ?",
        "userDefined": false
      }
    ],
    "isTemplate": false,
    "count": 0,
    "updated": 1522593226
  },
  {
    "id": "4e672f5a-43de-4af9-86df-673bfbce8c0a",
    "data": [
      {
        "text": "baume du tigre : en pharmacie ??",
        "userDefined": false
      }
    ],
    "isTemplate": false,
    "count": 0,
    "updated": 1522593226
  },
  {
    "id": "c45dd427-bb7f-4285-b5d9-4d96def24a23",
    "data": [
      {
        "text": "Pourquoi le vaccin BCG es-il en rupture de stock?",
        "userDefined": false
      }
    ],
    "isTemplate": false,
    "count": 0,
    "updated": 1522593226
  },
  {
    "id": "31cbade7-6a14-44ed-811c-dfeac5e08502",
    "data": [
      {
        "text": "où trouver le vaccin tp ou dtp ??",
        "userDefined": false
      }
    ],
    "isTemplate": false,
    "count": 0,
    "updated": 1522593226
  },
  {
    "id": "1c5c3a04-2ed6-4fbf-9bad-fdbdf7275760",
    "data": [
      {
        "text": "Cialis est il disponible en pharmacie ?",
        "userDefined": false
      }
    ],
    "isTemplate": false,
    "count": 0,
    "updated": 1522593226
  },
  {
    "id": "09f3d092-d598-4ddc-ab88-1f90888c4211",
    "data": [
      {
        "text": "Avez-vous notion d\u0027une rupture de Plaquenil ?",
        "userDefined": false
      }
    ],
    "isTemplate": false,
    "count": 0,
    "updated": 1522593226
  },
  {
    "id": "90a5e718-9405-4be6-bfe3-a4f68b348ca0",
    "data": [
      {
        "text": "Le Myambutol 400  et le Dexambutol 500 sont disponibles ?",
        "userDefined": false
      }
    ],
    "isTemplate": false,
    "count": 0,
    "updated": 1522593226
  },
  {
    "id": "af074d47-71b0-4482-a174-751a5c53ecec",
    "data": [
      {
        "text": "le vaccin dtpolio est il de nouveau dispo en france?",
        "userDefined": false
      }
    ],
    "isTemplate": false,
    "count": 0,
    "updated": 1522593226
  },
  {
    "id": "41d321fe-4cb4-443d-8d5b-bdb07121f8af",
    "data": [
      {
        "text": "j\u0027aimerais savoir si l\u0027influenzinum nouveau est disponible en pharmacie actuellement ?",
        "userDefined": false
      }
    ],
    "isTemplate": false,
    "count": 0,
    "updated": 1522593226
  },
  {
    "id": "c27ad848-d660-4039-b4c2-c2288d550c33",
    "data": [
      {
        "text": "quand revient le infanrix quinta?",
        "userDefined": false
      }
    ],
    "isTemplate": false,
    "count": 0,
    "updated": 1522593226
  },
  {
    "id": "a895b0ef-0c8f-4de5-ab13-2304d5f76291",
    "data": [
      {
        "text": "Les éponges pharmatex sont elles disponibles quelque part ?",
        "userDefined": false
      }
    ],
    "isTemplate": false,
    "count": 0,
    "updated": 1522593226
  },
  {
    "id": "381b983d-16b3-49bf-bbda-a90e41ff7c7d",
    "data": [
      {
        "text": "dafalgan codéïné en rupture de stock ?",
        "userDefined": false
      }
    ],
    "isTemplate": false,
    "count": 0,
    "updated": 1522593226
  },
  {
    "id": "68fc4425-ca77-494a-86db-267c7149fcb4",
    "data": [
      {
        "text": "je suis a la recherche de prepulsid",
        "userDefined": false
      }
    ],
    "isTemplate": false,
    "count": 0,
    "updated": 1522593226
  },
  {
    "id": "d41e2489-50e1-4eec-9055-c633c39c9e8a",
    "data": [
      {
        "text": "la personne dit que ce vaccin n\u0027est plus dispo.. peut on avoir une reponse claire svp ?",
        "userDefined": false
      }
    ],
    "isTemplate": false,
    "count": 0,
    "updated": 1522593226
  },
  {
    "id": "72c9354d-29de-4343-9429-9449ebb27b37",
    "data": [
      {
        "text": "roaccutane interdit aux usa ?",
        "userDefined": false
      }
    ],
    "isTemplate": false,
    "count": 0,
    "updated": 1522593226
  },
  {
    "id": "9083d832-e192-44d2-a1fb-a2c1de3a30ab",
    "data": [
      {
        "text": "en attente de immucyst 81mg ?",
        "userDefined": false
      }
    ],
    "isTemplate": false,
    "count": 0,
    "updated": 1522593226
  },
  {
    "id": "becc44cf-86dc-4864-93ec-c86879950382",
    "data": [
      {
        "text": "Mepronizine a-t-il été retiré du marché ?",
        "userDefined": false
      }
    ],
    "isTemplate": false,
    "count": 0,
    "updated": 1522593226
  },
  {
    "id": "63647d23-d184-4dcd-985d-38ea0a948014",
    "data": [
      {
        "text": "Quand le Nocertone sera de nouveau disponible ?",
        "userDefined": false
      }
    ],
    "isTemplate": false,
    "count": 0,
    "updated": 1522593226
  },
  {
    "id": "50d994cd-53cd-4e8d-bee9-7280f4f35a4c",
    "data": [
      {
        "text": "Une patiente souhaite savoir si le Cimétidine Biogaran est disponible",
        "userDefined": false
      }
    ],
    "isTemplate": false,
    "count": 0,
    "updated": 1522593226
  },
  {
    "id": "a94ff696-2c18-4746-9618-72656ce782a1",
    "data": [
      {
        "text": "Est-ce que le deroxat est toujours commercialisé ?",
        "userDefined": false
      }
    ],
    "isTemplate": false,
    "count": 0,
    "updated": 1522593226
  },
  {
    "id": "b5eb114a-ea38-4bd2-a24f-f56e3d167be7",
    "data": [
      {
        "text": "quand monoprost revient sur le marché? pas avant septembre 2017",
        "userDefined": false
      }
    ],
    "isTemplate": false,
    "count": 0,
    "updated": 1522593226
  },
  {
    "id": "cbe6a6e6-97c3-440f-9a57-e7270286d69d",
    "data": [
      {
        "text": "Date de retour des génériques de Atarax ?",
        "userDefined": false
      }
    ],
    "isTemplate": false,
    "count": 0,
    "updated": 1522593226
  },
  {
    "id": "ce797872-36b5-42bf-a917-a0350c078168",
    "data": [
      {
        "text": "je voudrais savoir où trouver le chitosan ?",
        "userDefined": false
      }
    ],
    "isTemplate": false,
    "count": 0,
    "updated": 1522593226
  },
  {
    "id": "f94ddd58-dbce-4f2c-9325-d6448885dd7a",
    "data": [
      {
        "text": "Meliodia est-il encore sur le marché ?",
        "userDefined": false
      }
    ],
    "isTemplate": false,
    "count": 0,
    "updated": 1522593226
  },
  {
    "id": "9ac2d19b-e955-4804-adcd-5d3807099be1",
    "data": [
      {
        "text": "où trouver le vaccin tp ou dtp ?",
        "userDefined": false
      }
    ],
    "isTemplate": false,
    "count": 0,
    "updated": 1522593226
  },
  {
    "id": "03bef385-ffb1-47ff-a3f9-2a81350d1868",
    "data": [
      {
        "text": "je cherche de l\u0027essence (ou huile) de marron d\u0027inde pour répulser les spiders. savez vous où je pourrais en trouver sur internet?",
        "userDefined": false
      }
    ],
    "isTemplate": false,
    "count": 0,
    "updated": 1522593226
  }
]