[
  {
    "id": "def381ac-80b5-4bef-8f1e-a7306ae6c644",
    "data": [
      {
        "text": "j\u0027ai tres mal a la tete j\u0027ai donc pris un upfen d habitude je ne prends que du doliprane et apres l\u0027avoir pris je me suis rendu compte que la date de peremption est 02/2006 je m inquiete un peu pensez que ce n\u0027est pas grave ?",
        "userDefined": false
      }
    ],
    "isTemplate": false,
    "count": 0,
    "updated": 1522593226
  },
  {
    "id": "0de572f7-637f-48c5-b383-ac8b82f19954",
    "data": [
      {
        "text": "j\u0027ai une boite de paracetamol qui expirait en 2006 est raisonnable de les consommé ou est ce dangereux ?",
        "userDefined": false
      }
    ],
    "isTemplate": false,
    "count": 0,
    "updated": 1522593226
  },
  {
    "id": "902e3a14-fbb3-4e5d-9faa-5f488fb002d2",
    "data": [
      {
        "text": "mon ami a attrapé une angine, je voulais lui donner la boite d\u0027amoxicilline 1g mais la date de péremption est au 01/11 hors nous sommes en 02/12.. est ce qu\u0027il sera quand même un peu efficace?",
        "userDefined": false
      }
    ],
    "isTemplate": false,
    "count": 0,
    "updated": 1522593226
  },
  {
    "id": "3be7ec86-7e14-4388-8a42-d83a140e865e",
    "data": [
      {
        "text": "Est ce que je peux utiliser mon eau de mer Ratiopharm périmée depuis le  03/2013 ?",
        "userDefined": false
      }
    ],
    "isTemplate": false,
    "count": 0,
    "updated": 1522593226
  },
  {
    "id": "feee14c7-6ae9-47f4-9d52-d63562034a33",
    "data": [
      {
        "text": "nuvaring ça se périme ??",
        "userDefined": false
      }
    ],
    "isTemplate": false,
    "count": 0,
    "updated": 1522593226
  },
  {
    "id": "032563b7-a589-435d-b9d9-87220b6dede4",
    "data": [
      {
        "text": "Est-il dangereux de prendre du Lexomil comprimé dont la date de péremption est passée il y a 6mois ?",
        "userDefined": false
      }
    ],
    "isTemplate": false,
    "count": 0,
    "updated": 1522593226
  },
  {
    "id": "8d48a79b-0bac-4172-b90c-636420f09b03",
    "data": [
      {
        "text": "Peut-on consommer deroxat une fois la date de péremption passée ?",
        "userDefined": false
      }
    ],
    "isTemplate": false,
    "count": 0,
    "updated": 1522593226
  },
  {
    "id": "c7a77af1-954a-4602-b34b-eaad91b7b633",
    "data": [
      {
        "text": "est-ce que les huiles essentielles se périment ?",
        "userDefined": false
      }
    ],
    "isTemplate": false,
    "count": 0,
    "updated": 1522593226
  },
  {
    "id": "2e411e56-6196-471a-9650-cc2a2d8dd36d",
    "data": [
      {
        "text": "Quel est le risque d\u0027utiliser mon Doliprane 500mg périmé il y a 2 mois ?",
        "userDefined": false
      }
    ],
    "isTemplate": false,
    "count": 0,
    "updated": 1522593226
  },
  {
    "id": "1c798cfa-2abd-4e95-ac53-5da78b357042",
    "data": [
      {
        "text": "j\u0027ai 2 boites de doxycycline biogaran 100mg mais la date de validité est de février 2005. je peux les prendre quand meme?",
        "userDefined": false
      }
    ],
    "isTemplate": false,
    "count": 0,
    "updated": 1522593226
  },
  {
    "id": "b403dbbe-adfb-45dc-bd0d-ae336fa09299",
    "data": [
      {
        "text": "ça fait deux mois que le vaccin est dans mon frigo, j\u0027ai vérifié la température au frigo elle était de 7 à 8 degré: le vaccin est-il déjà périmé?",
        "userDefined": false
      }
    ],
    "isTemplate": false,
    "count": 0,
    "updated": 1522593226
  },
  {
    "id": "8279e0ed-db93-491e-b9e4-202eee33f35a",
    "data": [
      {
        "text": "Puis-je utiliser ma crème emla périmée de deux semaines ?",
        "userDefined": false
      }
    ],
    "isTemplate": false,
    "count": 0,
    "updated": 1522593226
  },
  {
    "id": "ccefa7e4-441b-42a0-94d6-7641b94009d1",
    "data": [
      {
        "text": "je prend depuis peu de l\u0027oenobiol aquadrainant qui expirait en avril 2005, les géllules sont elles encore active?",
        "userDefined": false
      }
    ],
    "isTemplate": false,
    "count": 0,
    "updated": 1522593226
  },
  {
    "id": "9b872276-00b5-499b-bf53-512d4c0a5d26",
    "data": [
      {
        "text": "Consommation de logiflox une fois la date de péremption passée, possible ?",
        "userDefined": false
      }
    ],
    "isTemplate": false,
    "count": 0,
    "updated": 1522593226
  },
  {
    "id": "94283740-68d2-4ddf-95f8-242c094741c3",
    "data": [
      {
        "text": "rotateq prevenar pentavac périmés ?",
        "userDefined": false
      }
    ],
    "isTemplate": false,
    "count": 0,
    "updated": 1522593226
  },
  {
    "id": "786ab6d3-78fe-4773-866d-09c2cb228896",
    "data": [
      {
        "text": "logiflox, date de peremption?",
        "userDefined": false
      }
    ],
    "isTemplate": false,
    "count": 0,
    "updated": 1522593226
  },
  {
    "id": "9970f77b-147a-43e6-b4ae-b7993c6d0a94",
    "data": [
      {
        "text": "j\u0027ai une boite de deroxat perimé.  je suis dépressif et fauché. alors j\u0027ai pris un 1/2 cachet (de 20mg) et pas d\u0027effet.  dois-je augmenter la dose pour pallier son manque d\u0027efficacité?",
        "userDefined": false
      }
    ],
    "isTemplate": false,
    "count": 0,
    "updated": 1522593226
  },
  {
    "id": "a8ff2d27-c978-4e5b-a803-474b34e432da",
    "data": [
      {
        "text": "il y a 2ans et demi, j\u0027avais demande a mon medecin de me prescrire du logiflox. je ne l\u0027ai pas utilise depuis. j\u0027ai retrouve que sa duree de vie etait de 3ans. pensez-vous qu\u0027il peut être dangereux que je le prenne quand même?",
        "userDefined": false
      }
    ],
    "isTemplate": false,
    "count": 0,
    "updated": 1522593226
  },
  {
    "id": "0986e5a9-9fb5-421c-822b-952e4b66e659",
    "data": [
      {
        "text": "on m\u0027a injecté un nouveau vaccin hépatite a aujourd\u0027hui ( 2017) ,alors que je l\u0027ai déjà eu en 2011. j\u0027ai peur.. est-ce grave ?",
        "userDefined": false
      }
    ],
    "isTemplate": false,
    "count": 0,
    "updated": 1522593226
  },
  {
    "id": "34b1b0ff-9bb1-4e1e-b283-170e1168df08",
    "data": [
      {
        "text": "date expiration vaccin ?",
        "userDefined": false
      }
    ],
    "isTemplate": false,
    "count": 0,
    "updated": 1522593226
  }
]