[
  {
    "id": "3aefcafd-5ea9-4c28-9b51-66e168b91f03",
    "data": [
      {
        "text": "Quinolone et soleil ?",
        "userDefined": false
      }
    ],
    "isTemplate": false,
    "count": 0,
    "updated": 1522593570
  },
  {
    "id": "541c60c7-fccf-4e51-ace2-0df98b465189",
    "data": [
      {
        "text": "je suis sous effexor 37,5. ce week end, j\u0027ai bu beaucoup 5 ou 6 verres de whisky. au bout du 5e ou 6e, j\u0027ai commencé à me sentir très mal. pensez vous que c\u0027est l\u0027effexor qui a fait cet effet ?",
        "userDefined": false
      }
    ],
    "isTemplate": false,
    "count": 0,
    "updated": 1522593570
  },
  {
    "id": "c0757d82-bb46-4a01-9d72-e07f93b262f0",
    "data": [
      {
        "text": "Dois-je éviter certains aliments avec le kardefic? J\u0027ai peur que l\u0027efficacité varie",
        "userDefined": false
      }
    ],
    "isTemplate": false,
    "count": 0,
    "updated": 1522593570
  },
  {
    "id": "907be29f-3e52-4903-b843-3d7384e8d67f",
    "data": [
      {
        "text": "alcool + antibiotiques ??",
        "userDefined": false
      }
    ],
    "isTemplate": false,
    "count": 0,
    "updated": 1522593570
  },
  {
    "id": "5a93a233-fd2c-46e4-8305-588cdfa39c6f",
    "data": [
      {
        "text": "Une patiente traitée par Colpotrophine crème et ovules s\u0027inquiète car l\u0027urologue de son mari a préconisé d\u0027éviter les rapports sexuels pendant qu\u0027elle est traitée par colpotrophine pour éviter d\u0027affecter les troubles prostatiques de son mari",
        "userDefined": false
      }
    ],
    "isTemplate": false,
    "count": 0,
    "updated": 1522593570
  },
  {
    "id": "ab3bbb65-056f-44a2-bacf-43026fab71e1",
    "data": [
      {
        "text": "piscine après vaccin, c\u0027est possible ?",
        "userDefined": false
      }
    ],
    "isTemplate": false,
    "count": 0,
    "updated": 1522593570
  },
  {
    "id": "304ea3ed-e23d-4ece-a040-1daf26df8066",
    "data": [
      {
        "text": "j\u0027ai fait hier un vaccin (celui gardazil), et ce soir il est possible que je boive de l\u0027alcool... pensez vous que cela soit dangereux?",
        "userDefined": false
      }
    ],
    "isTemplate": false,
    "count": 0,
    "updated": 1522593570
  },
  {
    "id": "1a46f072-d5c3-4363-8ddd-0d31d4364e05",
    "data": [
      {
        "text": "je prends des ad (stablon) depuis 1 an et avec le réveillon qui approche je me demande si cela ne serait pas trop \"grave\" si je boit juste une petite coupe de champagne ??",
        "userDefined": false
      }
    ],
    "isTemplate": false,
    "count": 0,
    "updated": 1522593570
  },
  {
    "id": "4b129da9-4b6c-4b89-9364-ea8cf822ae5f",
    "data": [
      {
        "text": "je dois prendre orelox (antibio) pendant 5 jours pour une angine. malheureusement , j\u0027ai une grosse soiree de prevu pour l\u0027anniv de ma copine, puis boire de l\u0027alcool? rien n\u0027est indiqué sur le papier.. merci",
        "userDefined": false
      }
    ],
    "isTemplate": false,
    "count": 0,
    "updated": 1522593570
  },
  {
    "id": "3547a3ac-78d0-430e-a98f-76998ea38925",
    "data": [
      {
        "text": "je crois avoir entendu quil ne fallait pas boire d alcool durant le traitement. quelles dont les effets ou conséquences?",
        "userDefined": false
      }
    ],
    "isTemplate": false,
    "count": 0,
    "updated": 1522593570
  },
  {
    "id": "40885852-bfa2-4c36-b879-cee315eeb169",
    "data": [
      {
        "text": "Quels médicaments ne doivent pas être associés avec du jus de pamplemousse?",
        "userDefined": false
      }
    ],
    "isTemplate": false,
    "count": 0,
    "updated": 1522593570
  },
  {
    "id": "fb3d9ea8-baa3-409c-92c9-86a7ae4710ed",
    "data": [
      {
        "text": "citalopram et sport intensif. mauvais pour le sport?",
        "userDefined": false
      }
    ],
    "isTemplate": false,
    "count": 0,
    "updated": 1522593570
  },
  {
    "id": "8ae0646f-d08a-43c2-afc1-00ad30145640",
    "data": [
      {
        "text": "est-ce que certains fruit acide comme le citron lananas ou le pamplemouss peuvent amoindrir lefficacité de la pilule ou de l\u0027implant ?",
        "userDefined": false
      }
    ],
    "isTemplate": false,
    "count": 0,
    "updated": 1522593570
  },
  {
    "id": "31617d61-049b-4753-be2f-aad1bcde288a",
    "data": [
      {
        "text": "benzo et alcool ?",
        "userDefined": false
      }
    ],
    "isTemplate": false,
    "count": 0,
    "updated": 1522593570
  },
  {
    "id": "a6e93119-3b23-4122-9477-aa27bbc1bc8b",
    "data": [
      {
        "text": "alcool + antibio \u003d danger ?",
        "userDefined": false
      }
    ],
    "isTemplate": false,
    "count": 0,
    "updated": 1522593570
  },
  {
    "id": "d3846c7f-fdd6-4422-9277-db7017c2b751",
    "data": [
      {
        "text": "pourriez vous me dire quels sont les risques reels de la prise de depakine melanger avec l\u0027alcool ?",
        "userDefined": false
      }
    ],
    "isTemplate": false,
    "count": 0,
    "updated": 1522593570
  },
  {
    "id": "8cf45fb7-5548-4b4c-9dd9-9ffcc1a76f99",
    "data": [
      {
        "text": "je suis sous zithromax (en comprimer, a raison de 2 le soir pendant 3 jours) j\u0027aurais donc fini jeudi. est-ce que ce week.end je pourrais boire de l\u0027alcool?",
        "userDefined": false
      }
    ],
    "isTemplate": false,
    "count": 0,
    "updated": 1522593570
  },
  {
    "id": "2b0a9cb0-fe84-4822-bb51-0afc98aad512",
    "data": [
      {
        "text": "peut on avoir un rapport sexuel avec vaccin col de l\u0027uterus?",
        "userDefined": false
      }
    ],
    "isTemplate": false,
    "count": 0,
    "updated": 1522593570
  },
  {
    "id": "a9ae36aa-6361-4ef4-b9a8-877854abc4be",
    "data": [
      {
        "text": "Un patient souhaite savoir s\u0027il peut prendre de l\u0027alcool en même temps que son traitement par Amoxicilline Mylan 1g",
        "userDefined": false
      }
    ],
    "isTemplate": false,
    "count": 0,
    "updated": 1522593570
  },
  {
    "id": "57f65891-34ce-44c7-af18-0f5b238b5cd7",
    "data": [
      {
        "text": "est ce que antidépresseurs et musculation sont compatible?",
        "userDefined": false
      }
    ],
    "isTemplate": false,
    "count": 0,
    "updated": 1522593570
  },
  {
    "id": "6e643dee-6815-4c70-9297-e0af240609d4",
    "data": [
      {
        "text": "alcool et deroxat ??",
        "userDefined": false
      }
    ],
    "isTemplate": false,
    "count": 1,
    "updated": 1522593570
  },
  {
    "id": "35cacae0-9ec8-480e-a5e7-b8d51872db89",
    "data": [
      {
        "text": "stilnox et voyage en avion ?",
        "userDefined": false
      }
    ],
    "isTemplate": false,
    "count": 0,
    "updated": 1522593570
  },
  {
    "id": "6fbf1e8b-38c2-4e91-acc9-8fbc11131753",
    "data": [
      {
        "text": "vaccin et alcool : compatibles ?",
        "userDefined": false
      }
    ],
    "isTemplate": false,
    "count": 0,
    "updated": 1522593570
  },
  {
    "id": "0e7470f2-3977-45ab-b877-1f99fd7044b7",
    "data": [
      {
        "text": "je prends chaque soir du \"amisulpride mylan 100mg\" et je me suis demander si je ne doit pas prendre de café ?",
        "userDefined": false
      }
    ],
    "isTemplate": false,
    "count": 0,
    "updated": 1522593570
  },
  {
    "id": "03dbbfcc-f482-41bc-83c1-98c3401f10ed",
    "data": [
      {
        "text": "alcool et antibiotique ?",
        "userDefined": false
      }
    ],
    "isTemplate": false,
    "count": 1,
    "updated": 1522593570
  },
  {
    "id": "97d327ad-8261-478d-8dc8-3e5f66e73eb8",
    "data": [
      {
        "text": "seroplex + alcool ?",
        "userDefined": false
      }
    ],
    "isTemplate": false,
    "count": 0,
    "updated": 1522593570
  },
  {
    "id": "32061077-ff0b-40b9-9dc2-1d64ec4bee8e",
    "data": [
      {
        "text": "Quel risque de prendre ixprim avec alcool et drogue ?",
        "userDefined": false
      }
    ],
    "isTemplate": false,
    "count": 0,
    "updated": 1522593570
  },
  {
    "id": "07b403eb-69a6-40a6-8d83-7d552ca62a6e",
    "data": [
      {
        "text": "Est-ce que je peux boire un verre de vin alors que je prends du Citalopram 10mg ?",
        "userDefined": false
      }
    ],
    "isTemplate": false,
    "count": 0,
    "updated": 1522593570
  },
  {
    "id": "558f8b3e-fda2-4145-a87b-6567c97aea78",
    "data": [
      {
        "text": "theralene et conduite véhicule ?",
        "userDefined": false
      }
    ],
    "isTemplate": false,
    "count": 0,
    "updated": 1522593570
  },
  {
    "id": "9fe94d4a-cf43-4b62-9cb3-915af6e93a61",
    "data": [
      {
        "text": "Je viens de subir un acte dentaire et on m\u0027as prescrit de l\u0027Amoxicilline Sandoz 1g comprimé dispersible. Je voudrais savoir s\u0027il y a une contre indication à consommer du cannabis avec ce traitement ?",
        "userDefined": false
      }
    ],
    "isTemplate": false,
    "count": 0,
    "updated": 1522593570
  },
  {
    "id": "98db2d24-35eb-43bc-afbe-bd73384f98f2",
    "data": [
      {
        "text": "fumer avec passiflore, mauvais ?",
        "userDefined": false
      }
    ],
    "isTemplate": false,
    "count": 0,
    "updated": 1522593570
  },
  {
    "id": "e47f10ea-5743-4656-8ba0-ab2302cbfbcc",
    "data": [
      {
        "text": "c\u0027est dangereux de prendre ibuprofène lors d\u0027un apéro bien arrosé ?",
        "userDefined": false
      }
    ],
    "isTemplate": false,
    "count": 0,
    "updated": 1522593570
  },
  {
    "id": "79667b27-61cf-4c6b-864b-90c552f28d21",
    "data": [
      {
        "text": "Une patiente traitée par Colpotrophine crème demande si son mari peut continuer à lui faire des cunnilingus malgré son traitement",
        "userDefined": false
      }
    ],
    "isTemplate": false,
    "count": 0,
    "updated": 1522593570
  },
  {
    "id": "cf76084d-cb65-4086-816a-5e839e086dd3",
    "data": [
      {
        "text": "je suis sous risperdal 8mg et je voudrais savoir quels repercussion peut-il avoir sur mes performances sportive ??  je pratique en haut niveau(rugby).",
        "userDefined": false
      }
    ],
    "isTemplate": false,
    "count": 0,
    "updated": 1522593570
  },
  {
    "id": "ac3152c7-aad8-4c9b-975c-619f3d91c8de",
    "data": [
      {
        "text": "Puis-je boire de l\u0027alcool en prennant seroplex ?",
        "userDefined": false
      }
    ],
    "isTemplate": false,
    "count": 0,
    "updated": 1522593570
  },
  {
    "id": "fb9da9ee-107e-4e2b-b50f-e088ed97f120",
    "data": [
      {
        "text": "alcool vendredi soir puis vaccin gardasil samedi matin, compatible?",
        "userDefined": false
      }
    ],
    "isTemplate": false,
    "count": 0,
    "updated": 1522593570
  },
  {
    "id": "4b506206-14e3-495b-8649-ed03c6a2a395",
    "data": [
      {
        "text": "pilule melodia + shit \u003d vomissements ?",
        "userDefined": false
      }
    ],
    "isTemplate": false,
    "count": 1,
    "updated": 1522593570
  },
  {
    "id": "fdf09f78-20cb-486c-9602-4a6cedcbe019",
    "data": [
      {
        "text": "Prendre de l\u0027augmentin avec de l\u0027alcool, est-ce possible ?",
        "userDefined": false
      }
    ],
    "isTemplate": false,
    "count": 0,
    "updated": 1522593570
  },
  {
    "id": "0880b11a-4a2a-4559-a9eb-ec2ebe231ab4",
    "data": [
      {
        "text": "xanax + alcool?",
        "userDefined": false
      }
    ],
    "isTemplate": false,
    "count": 0,
    "updated": 1522593570
  },
  {
    "id": "ddda5e9d-449c-492d-84f9-87e1e70b3802",
    "data": [
      {
        "text": "J\u0027ai pris de l\u0027alcool jeudi soir et je fais mon vaccin gardasil samedi matin est-ce compatible ?",
        "userDefined": false
      }
    ],
    "isTemplate": false,
    "count": 0,
    "updated": 1522593570
  },
  {
    "id": "22eec4d0-2d3a-42b5-bbfc-7e4878f5e890",
    "data": [
      {
        "text": "effexor et activité sexuel??",
        "userDefined": false
      }
    ],
    "isTemplate": false,
    "count": 0,
    "updated": 1522593570
  },
  {
    "id": "cf119e07-10a7-42f7-9856-8a3e7babd7ce",
    "data": [
      {
        "text": "mildac + alcool??",
        "userDefined": false
      }
    ],
    "isTemplate": false,
    "count": 1,
    "updated": 1522593570
  },
  {
    "id": "1856bfb6-aa37-4bbf-94dc-cb2f4e78f6c0",
    "data": [
      {
        "text": "anti-dépresseurs et alcool ??",
        "userDefined": false
      }
    ],
    "isTemplate": false,
    "count": 0,
    "updated": 1522593570
  },
  {
    "id": "7a360963-ed7f-46c2-9619-2bf0be1ead00",
    "data": [
      {
        "text": "anti-dépresseur et alcool ??",
        "userDefined": false
      }
    ],
    "isTemplate": false,
    "count": 0,
    "updated": 1522593570
  },
  {
    "id": "6dfd362a-e882-484f-b481-0dacffde9bd3",
    "data": [
      {
        "text": "amiodarone et soleil?",
        "userDefined": false
      }
    ],
    "isTemplate": false,
    "count": 0,
    "updated": 1522593570
  },
  {
    "id": "fc6cc4b6-2b4f-4e89-8152-787bd9d64a11",
    "data": [
      {
        "text": "anxiolytiques et alcool?",
        "userDefined": false
      }
    ],
    "isTemplate": false,
    "count": 0,
    "updated": 1522593570
  },
  {
    "id": "a0eb445f-b934-4967-86c3-cb96690b712d",
    "data": [
      {
        "text": "j\"ai vu que les médicaments de type cyclines agissent sur la synthèse de la protéine . en musculation , celle-ci est essentielle , est-ce que ça interférè dans la prise de muscle ?",
        "userDefined": false
      }
    ],
    "isTemplate": false,
    "count": 0,
    "updated": 1522593570
  },
  {
    "id": "d4c22029-1416-4bf4-af08-dbd9cc76b532",
    "data": [
      {
        "text": "xyzall et alcool, sans problèmes?",
        "userDefined": false
      }
    ],
    "isTemplate": false,
    "count": 0,
    "updated": 1522593570
  },
  {
    "id": "8b6b0c33-d7b9-44a8-a3ec-ef2878b0ef1d",
    "data": [
      {
        "text": "je voulais savoir du coup si il été permis de boire (juste un verre ou deux) avec dépamide ou si il serait mieux de abstenir totalement?",
        "userDefined": false
      }
    ],
    "isTemplate": false,
    "count": 0,
    "updated": 1522593570
  },
  {
    "id": "13ecfab9-ceef-45c9-b686-2b58346b2de2",
    "data": [
      {
        "text": "est-il déconseillé de mélanger l\u0027alcool avec ce genre de sédatifs : tranquital ?",
        "userDefined": false
      }
    ],
    "isTemplate": false,
    "count": 0,
    "updated": 1522593570
  },
  {
    "id": "72587266-41c6-43f4-80b7-3d7fc1d26555",
    "data": [
      {
        "text": "Les vaccins sont ils compatibles avec l\u0027alcool ?",
        "userDefined": false
      }
    ],
    "isTemplate": false,
    "count": 0,
    "updated": 1522593570
  },
  {
    "id": "5f5d8365-a342-4a35-b52f-5c79e77603ca",
    "data": [
      {
        "text": "On peut prendre citalopram avec juste un verre d\u0027alcool?",
        "userDefined": false
      }
    ],
    "isTemplate": false,
    "count": 0,
    "updated": 1522593570
  },
  {
    "id": "2f4926c9-50a8-4f36-ad99-6d7dc628671e",
    "data": [
      {
        "text": "ixprim + alcool ?",
        "userDefined": false
      }
    ],
    "isTemplate": false,
    "count": 0,
    "updated": 1522593570
  },
  {
    "id": "93053c75-4698-4c10-a0b1-9f106d88789a",
    "data": [
      {
        "text": "xanax et alcool ??",
        "userDefined": false
      }
    ],
    "isTemplate": false,
    "count": 0,
    "updated": 1522593570
  },
  {
    "id": "a66741c8-4eec-4dd1-829a-e86431fb9b7b",
    "data": [
      {
        "text": "Je prends Holgyeme depuis un mois. Est ce que fumer ralentit les effets contre l\u0027acné?",
        "userDefined": false
      }
    ],
    "isTemplate": false,
    "count": 0,
    "updated": 1522593570
  },
  {
    "id": "e3dbee87-a5ae-4908-a0c0-841786d2a08b",
    "data": [
      {
        "text": "citalopram et régime est ce que ça marche ?",
        "userDefined": false
      }
    ],
    "isTemplate": false,
    "count": 1,
    "updated": 1522593570
  },
  {
    "id": "527da8db-826a-40d3-9781-3052644a7a17",
    "data": [
      {
        "text": "pilule et alcool, risques ?",
        "userDefined": false
      }
    ],
    "isTemplate": false,
    "count": 0,
    "updated": 1522593570
  },
  {
    "id": "b3abbeea-4152-40f8-84ad-da760d1263ea",
    "data": [
      {
        "text": "Y a-t-il un danger a consommer de l\u0027alcool avant une vaccination ?",
        "userDefined": false
      }
    ],
    "isTemplate": false,
    "count": 0,
    "updated": 1522593570
  },
  {
    "id": "57dbc450-dcb6-437c-a837-81c0ca7b37be",
    "data": [
      {
        "text": "voila je voulais savoir si d medicaments comme sa..genre nurofen ou autre peut il avoir des problemes si c melange a l alcool ?? kom j aime bien boire je voulasi savoir si ej risquais rien?? merci de me repondre ??",
        "userDefined": false
      }
    ],
    "isTemplate": false,
    "count": 0,
    "updated": 1522593570
  },
  {
    "id": "302a0840-0387-49ea-8ff2-3e13459342fe",
    "data": [
      {
        "text": "Est ce qu\u0027on peut faire un hamman après le vaccin?",
        "userDefined": false
      }
    ],
    "isTemplate": false,
    "count": 0,
    "updated": 1522593570
  },
  {
    "id": "e692f91f-eae0-464b-9d5d-51784d61c7d0",
    "data": [
      {
        "text": "commencant un taritement avec des gelules d\u0027harpagophytum et de miorel( medicaments contre douleurs au dos), et ayant une fete de famille bientot, je voudrais savoir si on peut consommer de l\u0027alcool avec ces 2 composants , et si oui dans quelle proportion ?",
        "userDefined": false
      }
    ],
    "isTemplate": false,
    "count": 0,
    "updated": 1522593570
  },
  {
    "id": "3e00f9b9-107c-4c86-bab1-c4d6e1999459",
    "data": [
      {
        "text": "thé vert compatible avec millepertuis?",
        "userDefined": false
      }
    ],
    "isTemplate": false,
    "count": 0,
    "updated": 1522593570
  },
  {
    "id": "554c6312-d59d-4f07-8d41-1c1f87759cf5",
    "data": [
      {
        "text": "antibiotiques et alcool ?",
        "userDefined": false
      }
    ],
    "isTemplate": false,
    "count": 0,
    "updated": 1522593570
  },
  {
    "id": "1c98f865-a61d-49de-bf86-75d85e8cfd71",
    "data": [
      {
        "text": "travaillez avec solian ?",
        "userDefined": false
      }
    ],
    "isTemplate": false,
    "count": 0,
    "updated": 1522593570
  },
  {
    "id": "f715fd7e-729a-4360-8f4c-c6b2901a885c",
    "data": [
      {
        "text": "Les antidépresseurs sont ils toxiques avec de l\u0027alcool ?",
        "userDefined": false
      }
    ],
    "isTemplate": false,
    "count": 0,
    "updated": 1522593570
  },
  {
    "id": "24eff632-cfee-4a8f-8097-71c375365f5f",
    "data": [
      {
        "text": "antidépresseurs et alcool?",
        "userDefined": false
      }
    ],
    "isTemplate": false,
    "count": 0,
    "updated": 1522593570
  },
  {
    "id": "e581ae7d-9d52-4057-af53-ab8e3a64de44",
    "data": [
      {
        "text": "Puis-je conduire si je prends du subutex ?",
        "userDefined": false
      }
    ],
    "isTemplate": false,
    "count": 0,
    "updated": 1522593570
  },
  {
    "id": "0b65368f-7d9d-48cd-b145-77f8d7e88d36",
    "data": [
      {
        "text": "je peux manger un macaron au chocolat avec le nuvaring?",
        "userDefined": false
      }
    ],
    "isTemplate": false,
    "count": 0,
    "updated": 1522593570
  },
  {
    "id": "9cb7b53e-d978-49af-b6f7-7fefbdc8908b",
    "data": [
      {
        "text": "noroxine + soleil ?",
        "userDefined": false
      }
    ],
    "isTemplate": false,
    "count": 0,
    "updated": 1522593570
  },
  {
    "id": "54534104-ce50-4511-87a4-a7be2f311693",
    "data": [
      {
        "text": "A partir de combien de cigarettes par jour, la prise de Minerva pourrait être dangereuse ?",
        "userDefined": false
      }
    ],
    "isTemplate": false,
    "count": 0,
    "updated": 1522593570
  },
  {
    "id": "77cd0ac7-5870-4887-8b9d-bc17309ee3d8",
    "data": [
      {
        "text": "sous antibiotique, alcool ?",
        "userDefined": false
      }
    ],
    "isTemplate": false,
    "count": 0,
    "updated": 1522593570
  },
  {
    "id": "ca08dba3-599d-42ae-b05c-7ec79df5bac0",
    "data": [
      {
        "text": "bonjour je voudrais avoir votre avis  je prends seroplex depuis 2 semaines apres une rechute du a un arret et il fait encorre son effet  je prends du lysensia  jeudi j\u0027ai pris rdv chez un docteur generaliste acunpuncteur pour m\u0027aider à soigner cette anxiété d\u0027autant que j\u0027ai un voyage de prévu bien entendu je n\u0027arrête pas les antidepresseurs quelqu\u0027un fait il çà? est ce que camarche?  y a t il ddes contre indications ? reponds vite svp je suis perdue et malheureusement pas trop soutenue par mon mari biz",
        "userDefined": false
      }
    ],
    "isTemplate": false,
    "count": 0,
    "updated": 1522593570
  },
  {
    "id": "e7fcaf2f-ff5e-421c-96ef-b7d35251ec78",
    "data": [
      {
        "text": "vaccin et alcool 2 jours plus tard c\u0027est dangereux ?",
        "userDefined": false
      }
    ],
    "isTemplate": false,
    "count": 0,
    "updated": 1522593570
  },
  {
    "id": "87e88251-882a-4c8b-af90-05b5394eafe1",
    "data": [
      {
        "text": "voilà,j\u0027ai une question assez préocupante, je prends méliane qui est une mini dosée,  je suis en train d\u0027arrêter de fumer donc ce problème se règle mais je passe mon temps à boire en soirée, est ce que ça désactive ma pilule ou je ne craint rien ?j\u0027ai pas du tout envi de prendre le risque de tomber enceinte merci d\u0027avance",
        "userDefined": false
      }
    ],
    "isTemplate": false,
    "count": 0,
    "updated": 1522593570
  },
  {
    "id": "0f0bb156-9e10-4e50-b807-6fe0d72403c5",
    "data": [
      {
        "text": "cannabis avant vaccin?",
        "userDefined": false
      }
    ],
    "isTemplate": false,
    "count": 0,
    "updated": 1522593570
  },
  {
    "id": "754515d5-5943-4b6e-8db1-912d378dfc5d",
    "data": [
      {
        "text": "pensez vous d\u0027après vos expériences qu\u0027un traitement ad a la paroxetine peut influencer une allergie de la peau au soleil ?",
        "userDefined": false
      }
    ],
    "isTemplate": false,
    "count": 0,
    "updated": 1522593570
  },
  {
    "id": "661b794b-09d8-40a1-b789-1d9f5b8fe027",
    "data": [
      {
        "text": "piscine après le vaccin ?",
        "userDefined": false
      }
    ],
    "isTemplate": false,
    "count": 0,
    "updated": 1522593570
  },
  {
    "id": "6bd79f59-2376-4fa7-8f86-5033bc001964",
    "data": [
      {
        "text": "Puis-je aller à la plage sous isotretinoide ?",
        "userDefined": false
      }
    ],
    "isTemplate": false,
    "count": 0,
    "updated": 1522593570
  },
  {
    "id": "71d92e49-bf9d-48f6-898d-c25d3e2f816d",
    "data": [
      {
        "text": "hier soirée un peu arrosée et je prends harmonet ? Est-ce contre-indiqué ?",
        "userDefined": false
      }
    ],
    "isTemplate": false,
    "count": 0,
    "updated": 1522593570
  },
  {
    "id": "cd1cd7b6-7b92-4ca1-9c07-f77a4550d8b3",
    "data": [
      {
        "text": "j\u0027ai entendu dire aussi qu\u0027il était dangereux d\u0027associer la pilule et le tabac, mais est-ce pareil avec le cannabis?",
        "userDefined": false
      }
    ],
    "isTemplate": false,
    "count": 0,
    "updated": 1522593570
  },
  {
    "id": "6daf74bb-9be9-4e4e-a94c-7494ebe7ed73",
    "data": [
      {
        "text": "est ce quelqu\u0027un sait si lors d\u0027un traitement au deroxat (molécule : paroxétine) il est dangereux de fumer du canabis ?",
        "userDefined": false
      }
    ],
    "isTemplate": false,
    "count": 0,
    "updated": 1522593570
  },
  {
    "id": "ea8f7ad9-970a-4629-9281-e516f5bb784d",
    "data": [
      {
        "text": "mon gyneco ma posé un sterilet cuivre hier ? puis je commencer le sport sans risque (zumba) ?",
        "userDefined": false
      }
    ],
    "isTemplate": false,
    "count": 0,
    "updated": 1522593570
  },
  {
    "id": "060682c8-570f-4652-8cc3-f83ce4e3015e",
    "data": [
      {
        "text": "désobel gé 20 et cigarette ?",
        "userDefined": false
      }
    ],
    "isTemplate": false,
    "count": 0,
    "updated": 1522593570
  },
  {
    "id": "291d0d2a-e7e8-45f3-a36c-6549209d691f",
    "data": [
      {
        "text": "alcool et cortisone??",
        "userDefined": false
      }
    ],
    "isTemplate": false,
    "count": 0,
    "updated": 1522593570
  },
  {
    "id": "e1f49ae3-d690-4b6b-a626-6f4ceeb81223",
    "data": [
      {
        "text": "je prends du effexor xr a raison de 112.5 mg / jour depuis 2 ans et demi. je ne consomme pas d\u0027alcool de façon générale mais j\u0027aimerais bien pouvoir prendre un petit verre de vin a l\u0027occasion.. est-ce dangeureux?",
        "userDefined": false
      }
    ],
    "isTemplate": false,
    "count": 0,
    "updated": 1522593570
  },
  {
    "id": "fd4d61de-51ca-4adb-80c3-115abf621b23",
    "data": [
      {
        "text": "tabac et symbicort??",
        "userDefined": false
      }
    ],
    "isTemplate": false,
    "count": 0,
    "updated": 1522593570
  },
  {
    "id": "f4d15140-e0a2-4662-8582-b6c92f9345a9",
    "data": [
      {
        "text": "duphaston et alcool?",
        "userDefined": false
      }
    ],
    "isTemplate": false,
    "count": 0,
    "updated": 1522593570
  },
  {
    "id": "400a1ec7-e475-4557-ba73-d47985bcbbae",
    "data": [
      {
        "text": "je me suis casser la jambes.. je doit tout les soir me faire une piqûre de arixtra, est ce que je peu fumer du cannabis et consommer de l\u0027alcool modérément.?",
        "userDefined": false
      }
    ],
    "isTemplate": false,
    "count": 0,
    "updated": 1522593570
  },
  {
    "id": "de2cdc7c-d0de-4252-84e9-52bfdfdf6001",
    "data": [
      {
        "text": "patch anti-douleur \"durogesic\" et tatouage ?",
        "userDefined": false
      }
    ],
    "isTemplate": false,
    "count": 0,
    "updated": 1522593570
  },
  {
    "id": "fdff11c0-18fa-45d3-a2dd-619847a31564",
    "data": [
      {
        "text": "subutex et conduite automobile ?",
        "userDefined": false
      }
    ],
    "isTemplate": false,
    "count": 0,
    "updated": 1522593570
  },
  {
    "id": "7f43a002-7c22-46e7-a66a-51b51b530d8b",
    "data": [
      {
        "text": "seroplex médicament photosensibilisant?",
        "userDefined": false
      }
    ],
    "isTemplate": false,
    "count": 0,
    "updated": 1522593570
  },
  {
    "id": "f31434f6-f2e7-4708-87d3-e87d33317873",
    "data": [
      {
        "text": "est-ce qu\u0027on peut mélanger du zoloft avec du cannabis ?",
        "userDefined": false
      }
    ],
    "isTemplate": false,
    "count": 0,
    "updated": 1522593570
  },
  {
    "id": "788225a4-a4ba-4f2f-9844-136a4e178f65",
    "data": [
      {
        "text": "est ce qu\u0027il y a une interaction entre amoxyciline et alcool?",
        "userDefined": false
      }
    ],
    "isTemplate": false,
    "count": 0,
    "updated": 1522593570
  },
  {
    "id": "f00bf2b1-18ca-4489-a1f0-738d4ad7f1d3",
    "data": [
      {
        "text": "L\u0027homéopathie et l\u0027alcool sont-ils compatibles ?",
        "userDefined": false
      }
    ],
    "isTemplate": false,
    "count": 0,
    "updated": 1522593570
  },
  {
    "id": "d8e53a93-8ae8-4ed3-8736-03e3cb40f1e3",
    "data": [
      {
        "text": "Deroxat et tranxènes peuvent il être suivi d\u0027une consommation ponctuelle d\u0027alcool ?",
        "userDefined": false
      }
    ],
    "isTemplate": false,
    "count": 0,
    "updated": 1522593570
  },
  {
    "id": "d294af9f-7284-40dc-9ff1-4f4076e451eb",
    "data": [
      {
        "text": "adépal + cigarette?",
        "userDefined": false
      }
    ],
    "isTemplate": false,
    "count": 1,
    "updated": 1522593570
  },
  {
    "id": "51b2cbdc-75ad-432a-8576-668651897bab",
    "data": [
      {
        "text": "microval : peut-on conduire son véhicule ?",
        "userDefined": false
      }
    ],
    "isTemplate": false,
    "count": 0,
    "updated": 1522593570
  },
  {
    "id": "a6cfcc07-deab-4743-ad28-95c98d511d29",
    "data": [
      {
        "text": "Quand je prends de l’ibuprofène, puis-je prendre de l’alcool aussi?",
        "userDefined": false
      }
    ],
    "isTemplate": false,
    "count": 0,
    "updated": 1522593570
  },
  {
    "id": "10c1c0d1-d73f-44f8-9f15-2aa71167a39b",
    "data": [
      {
        "text": "Une patiente souhaite savoir si elle peut fumer avec la prise d\u0027Azilect 1mg",
        "userDefined": false
      }
    ],
    "isTemplate": false,
    "count": 0,
    "updated": 1522593570
  },
  {
    "id": "0e82bbb1-55e7-4653-8043-818724e380d9",
    "data": [
      {
        "text": "diane 35 sous le soleil?",
        "userDefined": false
      }
    ],
    "isTemplate": false,
    "count": 0,
    "updated": 1522593570
  },
  {
    "id": "b4695911-0a36-42ce-b53b-2a2e1b385c8d",
    "data": [
      {
        "text": "pilule et alcool est ce mauvais ou pas??",
        "userDefined": false
      }
    ],
    "isTemplate": false,
    "count": 0,
    "updated": 1522593570
  },
  {
    "id": "9aaa92ba-873c-4446-bf4c-826070c34ca6",
    "data": [
      {
        "text": "l\u0027alcool + augmentin est dangereux?",
        "userDefined": false
      }
    ],
    "isTemplate": false,
    "count": 0,
    "updated": 1522593570
  },
  {
    "id": "cf26ca14-7a2b-41bd-87c6-d596ee29039c",
    "data": [
      {
        "text": "alcool et antibiotiques..?",
        "userDefined": false
      }
    ],
    "isTemplate": false,
    "count": 0,
    "updated": 1522593570
  },
  {
    "id": "b8d78fe3-535c-4106-ad45-6ba0ab6593ea",
    "data": [
      {
        "text": "bonjour,  il est prévu que je prenne la pilule jasmine prochainement, je n\u0027en connais pas bien les carectéristques mais on m\u0027a dit qu\u0027il ne fallait pas fumer.. or je fume depuis deux ans, quels sont donc les risques courus ? et effets .. ? merci..",
        "userDefined": false
      }
    ],
    "isTemplate": false,
    "count": 0,
    "updated": 1522593570
  },
  {
    "id": "e2e10395-6cb9-46c2-86ff-6b3a1a5c07c7",
    "data": [
      {
        "text": "Combien de temps après l\u0027arrêt du Flagyl™ est-il possible de boire de l\u0027alcool?",
        "userDefined": false
      }
    ],
    "isTemplate": false,
    "count": 0,
    "updated": 1522593570
  },
  {
    "id": "2ca39dc4-23f6-44be-9334-513840f4b5e5",
    "data": [
      {
        "text": "vaccin ror + alccol ?",
        "userDefined": false
      }
    ],
    "isTemplate": false,
    "count": 0,
    "updated": 1522593570
  },
  {
    "id": "1dbdea11-1dc7-4511-9499-9858138a9932",
    "data": [
      {
        "text": "thé compatible avec millepertuis?",
        "userDefined": false
      }
    ],
    "isTemplate": false,
    "count": 1,
    "updated": 1522593570
  },
  {
    "id": "9af9ab75-bc10-4068-a5b9-6216e115bab2",
    "data": [
      {
        "text": "deroxat +café \u003d ?",
        "userDefined": false
      }
    ],
    "isTemplate": false,
    "count": 0,
    "updated": 1522593570
  },
  {
    "id": "2def8d2e-74d1-407d-8089-f8e09e12cce5",
    "data": [
      {
        "text": "deroxat + alcool?",
        "userDefined": false
      }
    ],
    "isTemplate": false,
    "count": 0,
    "updated": 1522593570
  },
  {
    "id": "b8ce9774-00e2-4dfe-9300-01657d76ed89",
    "data": [
      {
        "text": "Peut-on prendre amoxicilline avec un repas arrosé ?",
        "userDefined": false
      }
    ],
    "isTemplate": false,
    "count": 0,
    "updated": 1522593570
  },
  {
    "id": "faeebdc7-26e2-47e3-b570-a796b673f6f8",
    "data": [
      {
        "text": "aujourd\u0027hui j\u0027ai fais une prise de sang sur le même bras que mon implant nexplanon. j\u0027aurais aimer savoir si il y a un risque quelconque de diminution d\u0027efficacité de l\u0027implant étant donner que c\u0027est du même côté ?",
        "userDefined": false
      }
    ],
    "isTemplate": false,
    "count": 0,
    "updated": 1522593570
  },
  {
    "id": "f9eb1960-7bac-4d47-8e62-22a67eedcfe2",
    "data": [
      {
        "text": "je prends actuellement du ciflox, c\u0027est un antibio, est il incompatible avec une prise d\u0027alcool?",
        "userDefined": false
      }
    ],
    "isTemplate": false,
    "count": 0,
    "updated": 1522593570
  },
  {
    "id": "dfdc509c-36f6-4a7c-a4f9-43495118663b",
    "data": [
      {
        "text": "noroxine 400 et soleil ?",
        "userDefined": false
      }
    ],
    "isTemplate": false,
    "count": 0,
    "updated": 1522593570
  },
  {
    "id": "0ad0d10a-c05a-4ea3-aa89-3aba4535e25a",
    "data": [
      {
        "text": "Je suis traité par spiramycine. Puis-je prendre un verre de vin en déjeunant ?",
        "userDefined": false
      }
    ],
    "isTemplate": false,
    "count": 0,
    "updated": 1522593570
  },
  {
    "id": "c72603ac-23b3-4d0f-b373-7a192ac8aaee",
    "data": [
      {
        "text": "Le cannabis peut il interragir avec un vaccin ?",
        "userDefined": false
      }
    ],
    "isTemplate": false,
    "count": 0,
    "updated": 1522593570
  },
  {
    "id": "fccf64ed-7325-4dd4-9f7e-9602ac601b80",
    "data": [
      {
        "text": "je prends du deroxat 20 mg (1 par jour) et 1 tranxene le soir (10mg) pour m endormir. je ne bois pas du tout d alcool la semaine mais le week end j\u0027en bois. c est peut etre pas si grave ?",
        "userDefined": false
      }
    ],
    "isTemplate": false,
    "count": 0,
    "updated": 1522593570
  },
  {
    "id": "f611d83b-8b95-4cbb-8f76-c236a547350d",
    "data": [
      {
        "text": "Je prends du prozac, puis-je boire ?",
        "userDefined": false
      }
    ],
    "isTemplate": false,
    "count": 0,
    "updated": 1522593570
  },
  {
    "id": "32482223-2e0f-45fc-844c-63b4cc124cea",
    "data": [
      {
        "text": "J\u0027ai une alimentation riche en soja, y a-t-il un risque de prendre levothyrox ?",
        "userDefined": false
      }
    ],
    "isTemplate": false,
    "count": 0,
    "updated": 1522593570
  },
  {
    "id": "65fe3e51-2dd9-4f27-a597-b67d18e64b52",
    "data": [
      {
        "text": "vaccin papillomavirus et sexualité .. ?",
        "userDefined": false
      }
    ],
    "isTemplate": false,
    "count": 0,
    "updated": 1522593570
  },
  {
    "id": "0f0ac511-a97e-45b9-aec5-fa079a28db45",
    "data": [
      {
        "text": "Je suis traité par Amoxicilline 500mg Sandoz, puis-je m\u0027exposer au soleil?",
        "userDefined": false
      }
    ],
    "isTemplate": false,
    "count": 0,
    "updated": 1522593570
  },
  {
    "id": "8f54b669-7a8a-4084-bc23-94091ae2bec5",
    "data": [
      {
        "text": "Un patient a lu sur le site appelé \"80 médicaments\" qu\u0027il était déconseillé d\u0027associer la prise de pamplemousse avec un traitement par Clopidogrel Sandoz, doit-il arrêter de consommer du pamplemousse ?",
        "userDefined": false
      }
    ],
    "isTemplate": false,
    "count": 0,
    "updated": 1522593570
  },
  {
    "id": "535af62a-92cf-4a26-ad27-a9ee2bd982f7",
    "data": [
      {
        "text": "Levothyrox et soja ?",
        "userDefined": false
      }
    ],
    "isTemplate": false,
    "count": 0,
    "updated": 1522593570
  },
  {
    "id": "92ee269c-d26f-411c-8e71-ef4ca6412a28",
    "data": [
      {
        "text": "Les vaccins sont-ils compatibles avec l\u0027alcool ?",
        "userDefined": false
      }
    ],
    "isTemplate": false,
    "count": 0,
    "updated": 1522593570
  },
  {
    "id": "347208ca-2101-4154-b5ad-027987c4ec5f",
    "data": [
      {
        "text": "j\u0027ai une petite soirée prévue demain soir, mais j\u0027ai un rendez-vous chez le medecin samedi matin pour mon vaccin gardasil. est-ce que je pourrais boire quand même ou est-ce qu\u0027il faut que je m\u0027abstienne totalement?",
        "userDefined": false
      }
    ],
    "isTemplate": false,
    "count": 0,
    "updated": 1522593570
  },
  {
    "id": "68b270fd-9e32-4cef-9201-1ed453d4fcc3",
    "data": [
      {
        "text": "je voulais savoir si en prenant la pillule daily gé il etai deconseiller de fumer ?",
        "userDefined": false
      }
    ],
    "isTemplate": false,
    "count": 0,
    "updated": 1522593570
  },
  {
    "id": "39187282-f62d-4ca7-9b62-76d680e0ac24",
    "data": [
      {
        "text": "augmentin et alcool ?",
        "userDefined": false
      }
    ],
    "isTemplate": false,
    "count": 0,
    "updated": 1522593570
  },
  {
    "id": "ce8d3c4a-93a6-4f72-89cd-f89f53e15a1f",
    "data": [
      {
        "text": "bonjour, est-ce que avoir des rapports non protégé avec une personne qui est \"en cours\" \"qui vient de se faire vacciner\" pour l\u0027hépatite a et b est risqué (peut provoquer quelque chose) pour une personne n\u0027ayant pas faire ce vaccin? si oui -est-ce pendant tout la durée c\u0027est à dire plus de 7 mois , ou bien juste à certains moments, ou pas du tout? a savoir que se vaccin se fait en 3 fois, 1 dose ensuite après un mois une seconde dose , et ensuite après 6 mois la dernière dose. d\u0027avance merci.",
        "userDefined": false
      }
    ],
    "isTemplate": false,
    "count": 0,
    "updated": 1522593570
  },
  {
    "id": "d61db3b2-5dd6-47c7-b174-557a6a1bc934",
    "data": [
      {
        "text": "movicol : faut-il manger moins salé ensuite ?",
        "userDefined": false
      }
    ],
    "isTemplate": false,
    "count": 0,
    "updated": 1522593570
  },
  {
    "id": "14b8c5cf-f93f-4439-8f67-faa54433f99d",
    "data": [
      {
        "text": "est ce que c\u0027est dangereux de mélanger alcool et paracétamol ?",
        "userDefined": false
      }
    ],
    "isTemplate": false,
    "count": 0,
    "updated": 1522593570
  },
  {
    "id": "d56409ec-d7c0-4901-9906-c556d003fb1e",
    "data": [
      {
        "text": "je suis sous traitement antibio a l amoxyciline, jaimerais savoir si je peux consommer de l\u0027alcool?",
        "userDefined": false
      }
    ],
    "isTemplate": false,
    "count": 0,
    "updated": 1522593570
  },
  {
    "id": "c79f3754-986f-47e6-8bd6-ac0ea76595d8",
    "data": [
      {
        "text": "je suis pour le moment sous antibiotique. est ce grave si je bois de l\u0027alcool au soir alors que mes antibiotique le matin ?",
        "userDefined": false
      }
    ],
    "isTemplate": false,
    "count": 0,
    "updated": 1522593570
  },
  {
    "id": "b1283129-7a40-4f43-a31e-4b34edbca890",
    "data": [
      {
        "text": "patch anti-douleur \"durogesic\" et tatouage (??)",
        "userDefined": false
      }
    ],
    "isTemplate": false,
    "count": 0,
    "updated": 1522593570
  },
  {
    "id": "7861b7df-0cc7-4a2f-a7e6-7b9064429799",
    "data": [
      {
        "text": "Quels interractions entre cymbalta et la cocaïne ?",
        "userDefined": false
      }
    ],
    "isTemplate": false,
    "count": 0,
    "updated": 1522593570
  },
  {
    "id": "9336e170-3b2b-40c9-82ba-70c90483b890",
    "data": [
      {
        "text": "Prozac avec de la cocaïne, un problème ?",
        "userDefined": false
      }
    ],
    "isTemplate": false,
    "count": 0,
    "updated": 1522593570
  },
  {
    "id": "b8f3acde-7902-4307-adc9-41aa1fc94ee1",
    "data": [
      {
        "text": "je prend l\u0027amoxicilline winthrop, est ce que je risque quelques choses en buvant de l\u0027aclool ce soir?",
        "userDefined": false
      }
    ],
    "isTemplate": false,
    "count": 0,
    "updated": 1522593570
  },
  {
    "id": "72cf55cb-db75-4b88-8dad-3f1e3740e03a",
    "data": [
      {
        "text": "prozac et alcool ?",
        "userDefined": false
      }
    ],
    "isTemplate": false,
    "count": 0,
    "updated": 1522593570
  }
]