[
  {
    "id": "a706e466-69cc-4ab8-acce-f4f1ec9e4b49",
    "data": [
      {
        "text": "je prend varnoline ou du moins son générique qi s\u0027appelle desogestrel/ethinilestradiol.  a la pharmacie on m\u0027a redonné la générique comme dab même composition tout. mais la boite n\u0027a pas le même design et le fabricant n\u0027est pas le même. dois je m\u0027inquiéter ?",
        "userDefined": false
      }
    ],
    "isTemplate": false,
    "count": 0,
    "updated": 0
  },
  {
    "id": "0bddff3d-3cb8-45ae-88ec-df7349087cd1",
    "data": [
      {
        "text": "Quels sont les conditionnements disponibles de Inegy 10mg/20mg ?",
        "userDefined": false
      }
    ],
    "isTemplate": false,
    "count": 0,
    "updated": 0
  },
  {
    "id": "2ecd4ca4-6123-49d6-8dfe-ca71e528286c",
    "data": [
      {
        "text": "lutenyl : boîte de 28 comprimés ?",
        "userDefined": false
      }
    ],
    "isTemplate": false,
    "count": 0,
    "updated": 0
  },
  {
    "id": "c23ec853-0540-45c2-a2b9-110740d9e287",
    "data": [
      {
        "text": "rivotril 2,5 mg/ ml.. un flacon de 10 ml ?",
        "userDefined": false
      }
    ],
    "isTemplate": false,
    "count": 1,
    "updated": 0
  },
  {
    "id": "cead2887-1245-4c7a-be2f-0a44f7812ddf",
    "data": [
      {
        "text": "valium combien de gouttes dans un flacon??",
        "userDefined": false
      }
    ],
    "isTemplate": false,
    "count": 0,
    "updated": 0
  },
  {
    "id": "a00807bb-25fa-4314-a9dd-3eeb015c86b8",
    "data": [
      {
        "text": "renutryl : quel volume ?",
        "userDefined": false
      }
    ],
    "isTemplate": false,
    "count": 0,
    "updated": 0
  },
  {
    "id": "e93e22d3-de95-4fef-b314-a87a1ead5a60",
    "data": [
      {
        "text": "combien de lyoc dans boîte de spasfon ?",
        "userDefined": false
      }
    ],
    "isTemplate": false,
    "count": 0,
    "updated": 0
  },
  {
    "id": "c104d330-25cf-48ac-8546-22b5819d6840",
    "data": [
      {
        "text": "Une pharmacienne souhaite savoir si le conditionnement d\u0027ActiQ permet de déconditionner les unités pour délivrer la quantité exacte",
        "userDefined": false
      }
    ],
    "isTemplate": false,
    "count": 0,
    "updated": 0
  },
  {
    "id": "85e6de36-e56d-4fbc-8436-47794e438cc7",
    "data": [
      {
        "text": "Sur meddispar instanyl est noté délivrable à l\u0027unité et à déconditionner si retard, mais la boîte a un système d’inviolabilité, doit-on vraiment ouvrir la boîte du spray nasal et enlever des doses ?",
        "userDefined": false
      }
    ],
    "isTemplate": false,
    "count": 0,
    "updated": 0
  },
  {
    "id": "6c5672f1-6c27-469a-8187-fcd6b29ffe70",
    "data": [
      {
        "text": "Y a t il du valdoxan en boîte de 60?",
        "userDefined": false
      }
    ],
    "isTemplate": false,
    "count": 0,
    "updated": 0
  },
  {
    "id": "7eb637f0-8ff4-459b-b84f-1fbe5865d841",
    "data": [
      {
        "text": "Combien de doses y a t-il dans un flacon de doliprane enfants ?",
        "userDefined": false
      }
    ],
    "isTemplate": false,
    "count": 0,
    "updated": 0
  },
  {
    "id": "abc41bd6-c508-4000-a292-32dd20e3ddd0",
    "data": [
      {
        "text": "combien de pastilles dans un tube d\u0027homéopathie boiron?",
        "userDefined": false
      }
    ],
    "isTemplate": false,
    "count": 0,
    "updated": 0
  },
  {
    "id": "0f10dcda-968c-408d-a765-76d32fee1171",
    "data": [
      {
        "text": "Est-ce que l’aciclovir existe en comprimé ?",
        "userDefined": false
      }
    ],
    "isTemplate": false,
    "count": 0,
    "updated": 0
  },
  {
    "id": "0468dfe7-0cce-4078-abe7-ae167944f2d5",
    "data": [
      {
        "text": "Quels sont les conditionnements disponibles pour le Ramipril Sandoz ?",
        "userDefined": false
      }
    ],
    "isTemplate": false,
    "count": 0,
    "updated": 0
  },
  {
    "id": "122b1995-82ac-4fa0-bbe6-d9d190283453",
    "data": [
      {
        "text": "Combien y a-t-il de comprimé dans une boite de xanax ?",
        "userDefined": false
      }
    ],
    "isTemplate": false,
    "count": 0,
    "updated": 0
  },
  {
    "id": "2d30b101-8a73-4008-a0fb-82f080930925",
    "data": [
      {
        "text": "boite de celebrex : 28 ou 30 comprimés ?",
        "userDefined": false
      }
    ],
    "isTemplate": false,
    "count": 0,
    "updated": 0
  },
  {
    "id": "6aa44f66-452d-47e7-ab30-d07decb8a049",
    "data": [
      {
        "text": "l\u0027oscillococcinum : boîte de 20 pastilles?",
        "userDefined": false
      }
    ],
    "isTemplate": false,
    "count": 0,
    "updated": 0
  },
  {
    "id": "d02c2710-497a-4e3d-bf04-6d615f715772",
    "data": [
      {
        "text": "je voudrais savoir s\u0027il est possible de prendre les huiles essentielles en gelule ?",
        "userDefined": false
      }
    ],
    "isTemplate": false,
    "count": 0,
    "updated": 0
  },
  {
    "id": "571732a4-a513-4d34-ac69-3a163d4db7e8",
    "data": [
      {
        "text": "Est-ce que Tahor 40mg existe en boîte de 90 comprimés ?",
        "userDefined": false
      }
    ],
    "isTemplate": false,
    "count": 0,
    "updated": 0
  },
  {
    "id": "3d8d056d-9c68-4bc8-9f74-adab5a958419",
    "data": [
      {
        "text": "Y a t\u0027il des boîtes unitaires de spasfon lyoc ?",
        "userDefined": false
      }
    ],
    "isTemplate": false,
    "count": 0,
    "updated": 0
  },
  {
    "id": "1cb42253-ac3c-4862-8d4f-edc82a366862",
    "data": [
      {
        "text": "J\u0027ai une prescription pour un bain de bouche avec de la morphine injectable et bicar, et j\u0027ai un doute sur la règlementation. On peut reconditionner de la morphine injectable?",
        "userDefined": false
      }
    ],
    "isTemplate": false,
    "count": 0,
    "updated": 0
  },
  {
    "id": "c72b9d8e-1ef5-4284-8d84-23d5f27e56c8",
    "data": [
      {
        "text": "Combien de pastilles dans un tube d\u0027homéopathie boiron?",
        "userDefined": false
      }
    ],
    "isTemplate": false,
    "count": 0,
    "updated": 0
  },
  {
    "id": "ca91f4f0-34a9-4e6b-b4f4-0635ae52f427",
    "data": [
      {
        "text": "primpéran ?? Quels conditionnements ?",
        "userDefined": false
      }
    ],
    "isTemplate": false,
    "count": 0,
    "updated": 0
  },
  {
    "id": "06bff100-1657-4d8e-b466-5b23fbfda004",
    "data": [
      {
        "text": "volume des packs de fortimel ?",
        "userDefined": false
      }
    ],
    "isTemplate": false,
    "count": 0,
    "updated": 0
  },
  {
    "id": "d76babaf-8fbf-44b3-bb93-982dc1f5c2f6",
    "data": [
      {
        "text": "Quels patchs à la nicotine peut-on couper pour avoir la demi-dose?",
        "userDefined": false
      }
    ],
    "isTemplate": false,
    "count": 0,
    "updated": 0
  }
]