[
  {
    "id": "b4061855-226e-487a-a93f-b2846bb97ea1",
    "data": [
      {
        "text": "xolair amm ? en france",
        "userDefined": false
      }
    ],
    "isTemplate": false,
    "count": 0,
    "updated": 1522593226
  },
  {
    "id": "8b35e790-853a-4e74-91c5-3c75f10b25c4",
    "data": [
      {
        "text": "je souffre d\u0027urticaire solaire. un médecin m\u0027a conseillé du calcium 1.00 mg. le problème c\u0027est que je ne sais pas si je peux trouver ça en france est- ce que quelqu\u0027un peut me dire s\u0027il existe un médicament (même générique) de ce type, et si jamais il faut une ordonnance ?",
        "userDefined": false
      }
    ],
    "isTemplate": false,
    "count": 0,
    "updated": 1522593226
  },
  {
    "id": "d562ba82-0b97-47c7-8024-e36daa79b09f",
    "data": [
      {
        "text": "Existe-t-il des coupe-fils vendus au détail ?",
        "userDefined": false
      }
    ],
    "isTemplate": false,
    "count": 0,
    "updated": 1522593226
  },
  {
    "id": "d5592e0b-f878-46ff-bd0a-2a9e41cbbb4e",
    "data": [
      {
        "text": "Est ce que le cacit 500 ou 1000 existe en comprimés à sucer ?",
        "userDefined": false
      }
    ],
    "isTemplate": false,
    "count": 0,
    "updated": 1522593226
  },
  {
    "id": "7012baa3-29fc-4983-bacc-1698b399e0d7",
    "data": [
      {
        "text": "où acheter tramadol zaldiar ultram ixprim contramal topalgic zamudol supeudol oxycontin methadone morphine oxycodone vicodin oxynorm sans ordonnance en ligne en france internet ?",
        "userDefined": false
      }
    ],
    "isTemplate": false,
    "count": 0,
    "updated": 1522593226
  },
  {
    "id": "d10b258e-4aa9-4d31-9b46-5695afa7901d",
    "data": [
      {
        "text": "donormyl est-il en vente en belgique ?",
        "userDefined": false
      }
    ],
    "isTemplate": false,
    "count": 0,
    "updated": 1522593226
  },
  {
    "id": "c76f2a89-fa9e-49c8-88a9-816aea18717e",
    "data": [
      {
        "text": "Quel est le produit qui contient du budésonide et du formotérol récemment commercialisé par Teva ?",
        "userDefined": false
      }
    ],
    "isTemplate": false,
    "count": 0,
    "updated": 1522593226
  },
  {
    "id": "792339dc-1eb3-468a-b4a4-674b4a3e438e",
    "data": [
      {
        "text": "Existe-t-il un viagra homéopathique ?",
        "userDefined": false
      }
    ],
    "isTemplate": false,
    "count": 0,
    "updated": 1522593226
  },
  {
    "id": "c60fa306-3c6d-42b1-8961-c8f6e7e34592",
    "data": [
      {
        "text": "existe t\u0027il un vaccin homéopathique contre le tétanos ?",
        "userDefined": false
      }
    ],
    "isTemplate": false,
    "count": 0,
    "updated": 1522593226
  },
  {
    "id": "bc2cfb9a-0257-45e5-8f9e-e4ebb606d15a",
    "data": [
      {
        "text": "Quels vaccins dtp sont disponibles en France ?",
        "userDefined": false
      }
    ],
    "isTemplate": false,
    "count": 0,
    "updated": 1522593226
  },
  {
    "id": "e776e658-8ae2-4b9c-ae79-b01928aa3a9f",
    "data": [
      {
        "text": "Concernant la sève de bouleau est-ce qu’il y a un produit vendu par l\u0027OCP ou ce produit ne se vend que dans les boutique BIO ?",
        "userDefined": false
      }
    ],
    "isTemplate": false,
    "count": 0,
    "updated": 1522593226
  },
  {
    "id": "dd97e43f-7f1e-4b78-91ee-396d0dfff37a",
    "data": [
      {
        "text": "Existe-t-il un vaccin contre la gastro ?",
        "userDefined": false
      }
    ],
    "isTemplate": false,
    "count": 0,
    "updated": 1522593226
  },
  {
    "id": "05399b8f-fed8-4ba9-a57d-d44cc6cb2442",
    "data": [
      {
        "text": "Y-a-t-il un alprazolam mylan ?",
        "userDefined": false
      }
    ],
    "isTemplate": false,
    "count": 0,
    "updated": 1522593226
  },
  {
    "id": "69cf1939-9986-41d9-af67-cec7d451c584",
    "data": [
      {
        "text": "Existe t\u0027il un vaccin homéopathique contre le vih ?",
        "userDefined": false
      }
    ],
    "isTemplate": false,
    "count": 0,
    "updated": 1522593226
  },
  {
    "id": "b5696d3f-0a74-4035-a50f-f06adae4f79f",
    "data": [
      {
        "text": "rouvax encore commercialisé?",
        "userDefined": false
      }
    ],
    "isTemplate": false,
    "count": 0,
    "updated": 1522593226
  },
  {
    "id": "3ab0c7e9-dd4b-46b7-b111-2e8dcdb4df53",
    "data": [
      {
        "text": "fucidine léo? Ça existe ?",
        "userDefined": false
      }
    ],
    "isTemplate": false,
    "count": 0,
    "updated": 1522593226
  },
  {
    "id": "f7774996-287a-40c3-a5f9-135c305d91c1",
    "data": [
      {
        "text": "androcur existe-t-il en suisse ??",
        "userDefined": false
      }
    ],
    "isTemplate": false,
    "count": 0,
    "updated": 1522593226
  },
  {
    "id": "6a9a3bf1-0881-4c5d-a8aa-f184eba6a3a1",
    "data": [
      {
        "text": "ça existe un vaccin homéopathique?",
        "userDefined": false
      }
    ],
    "isTemplate": false,
    "count": 0,
    "updated": 1522593226
  },
  {
    "id": "8cb606a6-e6e3-4816-a13f-5889579148f6",
    "data": [
      {
        "text": "Je cherche une référence pour un pansement élastique de doigt?",
        "userDefined": false
      }
    ],
    "isTemplate": false,
    "count": 0,
    "updated": 1522593226
  },
  {
    "id": "d1487413-08b2-4383-bf04-e682a15617b9",
    "data": [
      {
        "text": "Où est ce qu\u0027on peut acheter silice g5? en iralande ou en espagne?",
        "userDefined": false
      }
    ],
    "isTemplate": false,
    "count": 0,
    "updated": 1522593226
  },
  {
    "id": "d538a81a-80b6-4b76-864d-6ace1221deec",
    "data": [
      {
        "text": "ou acheter des arkogellules de lamier blanc?",
        "userDefined": false
      }
    ],
    "isTemplate": false,
    "count": 1,
    "updated": 1522593226
  },
  {
    "id": "1038ce1b-b8df-4f65-a4f9-5f6f798351d2",
    "data": [
      {
        "text": "Le transipeg enfant se fait il encore ?",
        "userDefined": false
      }
    ],
    "isTemplate": false,
    "count": 0,
    "updated": 1522593226
  },
  {
    "id": "8b449945-3834-4ce6-8539-2f39c6160a66",
    "data": [
      {
        "text": "décontractyl? Retiré du marché ?",
        "userDefined": false
      }
    ],
    "isTemplate": false,
    "count": 0,
    "updated": 1522593226
  },
  {
    "id": "bbe5276c-7caa-4759-ba1e-e9676b96c75b",
    "data": [
      {
        "text": "peut-on trouver stresam en vente ?",
        "userDefined": false
      }
    ],
    "isTemplate": false,
    "count": 0,
    "updated": 1522593226
  },
  {
    "id": "ef0a02b3-039b-433b-9320-a1953d9a5f03",
    "data": [
      {
        "text": "phytolacca phosphoricum existe-t-il??",
        "userDefined": false
      }
    ],
    "isTemplate": false,
    "count": 0,
    "updated": 1522593226
  },
  {
    "id": "8e4d4241-5556-4455-b03e-7cf484b5d683",
    "data": [
      {
        "text": "peut-on trouver le vaccin tp ou dtp en italie?",
        "userDefined": false
      }
    ],
    "isTemplate": false,
    "count": 2,
    "updated": 1522593226
  },
  {
    "id": "3eeb54fb-e73c-42a1-8d7c-a72c31209803",
    "data": [
      {
        "text": "Quels traitements peuvent être prescrits contre la rhinite allergique?",
        "userDefined": false
      }
    ],
    "isTemplate": false,
    "count": 0,
    "updated": 1522593226
  },
  {
    "id": "97317e22-d439-4016-b3eb-6bb7e810d9af",
    "data": [
      {
        "text": "où trouver le vaccin tp ou dtp??",
        "userDefined": false
      }
    ],
    "isTemplate": false,
    "count": 0,
    "updated": 1522593226
  },
  {
    "id": "8d189404-9bc7-4d25-8b37-3eef27f1a8d7",
    "data": [
      {
        "text": "Est-ce que le conditionnement en quart de cp du bromazepam (1,5 mg) existe?",
        "userDefined": false
      }
    ],
    "isTemplate": false,
    "count": 0,
    "updated": 1522593226
  },
  {
    "id": "599a7f1c-db10-480e-bb7b-f8d254bd28f6",
    "data": [
      {
        "text": "progesterone naturelle où la trouver ?",
        "userDefined": false
      }
    ],
    "isTemplate": false,
    "count": 0,
    "updated": 1522593226
  },
  {
    "id": "cb651e01-1b3b-4df0-9ee4-37af95f60216",
    "data": [
      {
        "text": "viox est-il encore commercialisé ?",
        "userDefined": false
      }
    ],
    "isTemplate": false,
    "count": 0,
    "updated": 1522593226
  },
  {
    "id": "7b8d49df-a626-4b2d-a8a4-f0e07dd142a8",
    "data": [
      {
        "text": "essence de marron d\u0027inde..où en trouver?",
        "userDefined": false
      }
    ],
    "isTemplate": false,
    "count": 1,
    "updated": 1522593226
  },
  {
    "id": "4ff26e26-a465-4d02-a476-ebe4c4b9f952",
    "data": [
      {
        "text": "on m\u0027a parlé d\u0027un antidote vaccin en homéopathie. y\u0027en a-t-il ?",
        "userDefined": false
      }
    ],
    "isTemplate": false,
    "count": 0,
    "updated": 1522593226
  },
  {
    "id": "80dffb88-6969-4369-87ad-7ebd344af82f",
    "data": [
      {
        "text": "quels sont les vaccins qui existent  ??",
        "userDefined": false
      }
    ],
    "isTemplate": false,
    "count": 0,
    "updated": 1522593226
  },
  {
    "id": "38d37cd5-b27f-4287-8e82-45f2976d812b",
    "data": [
      {
        "text": "existe t-il un vaccin contre le tetanos sans hydroxyde d’aluminium ?",
        "userDefined": false
      }
    ],
    "isTemplate": false,
    "count": 0,
    "updated": 1522593226
  },
  {
    "id": "32875be3-ad3c-4300-bdbb-f306d503b80f",
    "data": [
      {
        "text": "Est-ce que le vaccin ror existe en monovalent ?",
        "userDefined": false
      }
    ],
    "isTemplate": false,
    "count": 0,
    "updated": 1522593226
  },
  {
    "id": "ebc3c480-9762-4389-8b1e-05ebe010ccc0",
    "data": [
      {
        "text": "vaccin hépatite b sans alluminium : ca existe ?",
        "userDefined": false
      }
    ],
    "isTemplate": false,
    "count": 0,
    "updated": 1522593226
  },
  {
    "id": "a6178fa3-f39a-405c-838b-bb651b9b519d",
    "data": [
      {
        "text": "Par quel autre labo que la cooper passez vous pour commander vos matières premières?",
        "userDefined": false
      }
    ],
    "isTemplate": false,
    "count": 0,
    "updated": 1522593226
  },
  {
    "id": "5358a71f-3feb-4474-8402-01f9ef05d3fa",
    "data": [
      {
        "text": "Existe-t-il un vaccin contre les oreillons seuls ?",
        "userDefined": false
      }
    ],
    "isTemplate": false,
    "count": 0,
    "updated": 1522593226
  },
  {
    "id": "bace1137-5ba1-4a10-90df-10012a52a2b9",
    "data": [
      {
        "text": "Existe t-il un vaccin uniquement pour le tetanos sans aluminium ou autre additif nocif ?",
        "userDefined": false
      }
    ],
    "isTemplate": false,
    "count": 0,
    "updated": 1522593226
  },
  {
    "id": "0769f450-9518-4cba-b677-039bd443845e",
    "data": [
      {
        "text": "connaissez-vous une marque de bicarbonate de sodium utilisé spécialement pour bain de bouche en solution gros conditionnement sans l’opercule en aluminium pratique à ouvrir?",
        "userDefined": false
      }
    ],
    "isTemplate": false,
    "count": 0,
    "updated": 1522593226
  },
  {
    "id": "83976b70-6975-4ac6-8a4c-a209d720ea9b",
    "data": [
      {
        "text": "bromokin ça existe ?",
        "userDefined": false
      }
    ],
    "isTemplate": false,
    "count": 0,
    "updated": 1522593226
  },
  {
    "id": "6ee9ad20-6ab2-4cf4-ad94-07b9a04784c2",
    "data": [
      {
        "text": "Est-ce que les ampoules de Benivit existent en 500mg ?",
        "userDefined": false
      }
    ],
    "isTemplate": false,
    "count": 0,
    "updated": 1522593226
  },
  {
    "id": "9473724b-3977-49df-aafc-4ec1a447a2db",
    "data": [
      {
        "text": "On me demande un produit Defensia de chez Biocodex. Quelqu\u0027un connait-il? ses indications, compositions....?",
        "userDefined": false
      }
    ],
    "isTemplate": false,
    "count": 0,
    "updated": 1522593226
  },
  {
    "id": "535ab40b-7dc4-419a-a014-05e3b7d10ef4",
    "data": [
      {
        "text": "exsiste t il des medicament a base de cafeine sans paracetamol ou autre opiacé ?",
        "userDefined": false
      }
    ],
    "isTemplate": false,
    "count": 0,
    "updated": 1522593226
  },
  {
    "id": "f27ba602-f212-4c9c-a564-e798733ed910",
    "data": [
      {
        "text": "Y a-t-il un vaccin dtp sans aluminium ?",
        "userDefined": false
      }
    ],
    "isTemplate": false,
    "count": 0,
    "updated": 1522593226
  },
  {
    "id": "a0330e12-c061-44e5-ac5a-a70931862d16",
    "data": [
      {
        "text": "je voulais savoir si on pouvait toujours trouver de l\u0027 Élixir Paregorique ?",
        "userDefined": false
      }
    ],
    "isTemplate": false,
    "count": 0,
    "updated": 1522593226
  },
  {
    "id": "c011d1e5-1240-4c74-acad-cf30776904a3",
    "data": [
      {
        "text": "existe t\u0027il un vaccin contre la méningite b ?",
        "userDefined": false
      }
    ],
    "isTemplate": false,
    "count": 0,
    "updated": 1522593226
  },
  {
    "id": "7ca66703-c889-4b19-84f3-109f2a153807",
    "data": [
      {
        "text": "existe-t-il un vaccin anti tétanos sans hydroxyde d\u0027aluminium? si oui lequel?",
        "userDefined": false
      }
    ],
    "isTemplate": false,
    "count": 0,
    "updated": 1522593226
  },
  {
    "id": "a8b99f87-2d3d-4114-861f-19d0aac850ca",
    "data": [
      {
        "text": "où est ce que je peux trouver du sirop tussidoron de weleda?",
        "userDefined": false
      }
    ],
    "isTemplate": false,
    "count": 0,
    "updated": 1522593226
  },
  {
    "id": "67d97488-6c75-4b44-9b54-d1f9b43cd8a5",
    "data": [
      {
        "text": "Commercialisez-vous du Sumatriptan sous forme injectable ?",
        "userDefined": false
      }
    ],
    "isTemplate": false,
    "count": 0,
    "updated": 1522593226
  },
  {
    "id": "d18ffa1c-9eb6-4200-af69-1dded77ebd06",
    "data": [
      {
        "text": "est ce qu\u0027il existe de pivalone nourissons?",
        "userDefined": false
      }
    ],
    "isTemplate": false,
    "count": 0,
    "updated": 1522593226
  },
  {
    "id": "3e0bc2a2-ac43-40e6-8a47-51dba45e3b8c",
    "data": [
      {
        "text": "dermodrainol des laboratoires boiron est-il en pharmacie ?",
        "userDefined": false
      }
    ],
    "isTemplate": false,
    "count": 0,
    "updated": 1522593226
  },
  {
    "id": "61bd8078-6b23-4fbb-9c57-5159d6e8cf30",
    "data": [
      {
        "text": "biafine en allemagne?",
        "userDefined": false
      }
    ],
    "isTemplate": false,
    "count": 1,
    "updated": 1522593226
  },
  {
    "id": "10f8c027-104e-4f35-81a3-d95d468b867a",
    "data": [
      {
        "text": "Est-ce que l\u0027isoror existe ?",
        "userDefined": false
      }
    ],
    "isTemplate": false,
    "count": 0,
    "updated": 1522593226
  },
  {
    "id": "b79fcb53-2532-4ba7-a415-f820af716177",
    "data": [
      {
        "text": "apparement phytolacca phosphoricum n\u0027existerait pas?? pouvez vous me renseigner",
        "userDefined": false
      }
    ],
    "isTemplate": false,
    "count": 0,
    "updated": 1522593226
  },
  {
    "id": "9e3b0a15-0765-40e6-93c5-31c135d922b9",
    "data": [
      {
        "text": "Quels sont les triptans commercialisés ?",
        "userDefined": false
      }
    ],
    "isTemplate": false,
    "count": 0,
    "updated": 1522593226
  },
  {
    "id": "20b233ba-40bc-4575-a529-e47b0e079761",
    "data": [
      {
        "text": "y a t\u0027il du cémaflavone en comprimé ?",
        "userDefined": false
      }
    ],
    "isTemplate": false,
    "count": 0,
    "updated": 1522593226
  },
  {
    "id": "8801edb3-8818-4a47-8988-93d13ba17633",
    "data": [
      {
        "text": "ou trouver du corgard 80mg?",
        "userDefined": false
      }
    ],
    "isTemplate": false,
    "count": 0,
    "updated": 1522593226
  },
  {
    "id": "300d8573-91b8-4f4e-85e3-f79b081f27e8",
    "data": [
      {
        "text": "biotine est sur le marché ?",
        "userDefined": false
      }
    ],
    "isTemplate": false,
    "count": 0,
    "updated": 1522593226
  },
  {
    "id": "41f78826-5347-4aa9-b2ed-86720f597dbb",
    "data": [
      {
        "text": "mon gynéco m\u0027a prescrit cytotec voie vaginale mais celui délivré par la pharmacie est par voie orale. Est-ce que le cytotec voie vaginale existe ?",
        "userDefined": false
      }
    ],
    "isTemplate": false,
    "count": 0,
    "updated": 1522593226
  },
  {
    "id": "3cfdcb22-58b8-470b-b3ba-d22d391c9578",
    "data": [
      {
        "text": "est-il vrai qu\u0027il existe un vaccin en allemagne contre les mycoses?",
        "userDefined": false
      }
    ],
    "isTemplate": false,
    "count": 0,
    "updated": 1522593226
  },
  {
    "id": "677fe881-a893-419c-9630-3ed1f1aa85db",
    "data": [
      {
        "text": "est-ce que la patch evra est disponible au québec?",
        "userDefined": false
      }
    ],
    "isTemplate": false,
    "count": 0,
    "updated": 1522593226
  },
  {
    "id": "0caf5f40-b2f0-4f42-87c9-c7725c36830e",
    "data": [
      {
        "text": "L\u0027azilect est-il bien vendu par Teva Santé ?",
        "userDefined": false
      }
    ],
    "isTemplate": false,
    "count": 0,
    "updated": 1522593226
  },
  {
    "id": "49ad4802-fcb4-45fd-b954-e1019986b73a",
    "data": [
      {
        "text": "est-ce qu\u0027un vaccin existe uniquement les oreillons ?",
        "userDefined": false
      }
    ],
    "isTemplate": false,
    "count": 0,
    "updated": 1522593226
  },
  {
    "id": "9816b893-6e1f-43b3-8c2f-5dbe58531f51",
    "data": [
      {
        "text": "Est-ce que Sanofi commercialise de l\u0027ibuprofène injectable",
        "userDefined": false
      }
    ],
    "isTemplate": false,
    "count": 0,
    "updated": 1522593226
  },
  {
    "id": "95953e73-4530-4af0-93fe-b871a13d9aa3",
    "data": [
      {
        "text": "est-ce que le vaccin dtp seul existe?",
        "userDefined": false
      }
    ],
    "isTemplate": false,
    "count": 0,
    "updated": 1522593226
  },
  {
    "id": "eb7a0eb2-253c-4369-9796-d17c2e08bbd5",
    "data": [
      {
        "text": "Existe il un viagra homéopathique ?",
        "userDefined": false
      }
    ],
    "isTemplate": false,
    "count": 0,
    "updated": 1522593226
  },
  {
    "id": "8d9f0ea5-7b93-48f7-8ca7-e36688845b23",
    "data": [
      {
        "text": "Existe t\u0027il un vaccin contre la méningite a ?",
        "userDefined": false
      }
    ],
    "isTemplate": false,
    "count": 0,
    "updated": 1522593226
  },
  {
    "id": "a8cda02c-3a79-443c-bfa9-6fa8aae6d2eb",
    "data": [
      {
        "text": "visceralgine forte disparue ?",
        "userDefined": false
      }
    ],
    "isTemplate": false,
    "count": 0,
    "updated": 1522593226
  },
  {
    "id": "7c133457-215d-44b0-9e00-c5ea610d3b98",
    "data": [
      {
        "text": "ça existe un vaccin homéopathique ?",
        "userDefined": false
      }
    ],
    "isTemplate": false,
    "count": 0,
    "updated": 1522593226
  },
  {
    "id": "8bc5ff04-2c21-4845-a96c-02b78b0250e9",
    "data": [
      {
        "text": "il existe du viagra pour les hommes, et pour les femmes il existe quelque chose?",
        "userDefined": false
      }
    ],
    "isTemplate": false,
    "count": 0,
    "updated": 1522593226
  }
]