[
  {
    "id": "20b05c68-4eda-4b25-ae1c-e58e8225ac06",
    "data": [
      {
        "text": "peut-on mélanger un sirop pour bb dans du lait ou autre??",
        "userDefined": false
      }
    ],
    "isTemplate": false,
    "count": 1,
    "updated": 1522593226
  },
  {
    "id": "00f964af-7fdb-48ce-a3d8-e2a230b760c2",
    "data": [
      {
        "text": "peut-on écraser un doliprane ?",
        "userDefined": false
      }
    ],
    "isTemplate": false,
    "count": 0,
    "updated": 1522593226
  },
  {
    "id": "ddf39566-3ba6-40d2-9d47-8d61b0e4a0d7",
    "data": [
      {
        "text": "peut-on mélanger un sirop pour béb édans du lait ou autre ?",
        "userDefined": false
      }
    ],
    "isTemplate": false,
    "count": 0,
    "updated": 1522593226
  },
  {
    "id": "f8936d1d-853b-4f67-9080-fcd4c8862bbb",
    "data": [
      {
        "text": "Faut il diluer le chlorure de magnésium ?",
        "userDefined": false
      }
    ],
    "isTemplate": false,
    "count": 0,
    "updated": 1522593226
  },
  {
    "id": "9debbe19-f199-419e-b50e-ae4c0d2d0b7c",
    "data": [
      {
        "text": "la teinture mere se prend avec de l\u0027eau chaude ou froide ?",
        "userDefined": false
      }
    ],
    "isTemplate": false,
    "count": 0,
    "updated": 1522593226
  },
  {
    "id": "0fa5443d-5e5e-4411-aa0b-7b2fd58145d8",
    "data": [
      {
        "text": "les granules homépathiques peuvent-elles être diluées dans une solution?",
        "userDefined": false
      }
    ],
    "isTemplate": false,
    "count": 0,
    "updated": 1522593226
  },
  {
    "id": "8dcd3c53-7b43-4bee-98b3-5ebcc244852d",
    "data": [
      {
        "text": "Comment préparer une solution d\u0027arnica ?",
        "userDefined": false
      }
    ],
    "isTemplate": false,
    "count": 0,
    "updated": 1522593226
  },
  {
    "id": "411bf6b3-f65f-475e-bfb0-34772d8418f0",
    "data": [
      {
        "text": "juste avant ses vaccins, j\u0027ai donné à mon bébé du thuya 9ch que j\u0027ai dilué dans de l\u0027eau. mais lorsqu\u0027il s\u0027agit de 3 granules par exemple faut-il procéder différemment ?",
        "userDefined": false
      }
    ],
    "isTemplate": false,
    "count": 0,
    "updated": 1522593226
  },
  {
    "id": "f1c5cd0d-c501-4b05-a93b-40264322437d",
    "data": [
      {
        "text": "je prends de la whey en poudre avec du lait ou de l\u0027eau seule, est-ce que c\u0027est grave si j\u0027ajoute un peu de sirop de fruit dans le mélange pour qu\u0027il ai un meilleur goût ?",
        "userDefined": false
      }
    ],
    "isTemplate": false,
    "count": 0,
    "updated": 1522593226
  },
  {
    "id": "8cc885a3-a6d0-416e-bbab-a50512b270a7",
    "data": [
      {
        "text": "comment diluer de la teinture mère?",
        "userDefined": false
      }
    ],
    "isTemplate": false,
    "count": 0,
    "updated": 1522593226
  },
  {
    "id": "a59b5454-afbd-464c-9224-1aa36b4e1f5d",
    "data": [
      {
        "text": "Comment préparer l\u0027hepar magnesium d8 et l\u0027hypericum auco cultum d3?",
        "userDefined": false
      }
    ],
    "isTemplate": false,
    "count": 0,
    "updated": 1522593226
  },
  {
    "id": "cb20d9eb-0912-4916-93c0-8c0ba71e1949",
    "data": [
      {
        "text": "A quoi faut-il mélanger les acides aminés ?",
        "userDefined": false
      }
    ],
    "isTemplate": false,
    "count": 0,
    "updated": 1522593226
  },
  {
    "id": "a3a642bd-1387-4dd1-8c42-1d0fe591d6ed",
    "data": [
      {
        "text": "est ce qu\u0027il faut mélanger le rosmarinus officinalis et tilia tomentosa avec de l\u0027eau ?",
        "userDefined": false
      }
    ],
    "isTemplate": false,
    "count": 0,
    "updated": 1522593226
  },
  {
    "id": "184c0ec9-cf1e-4635-81bb-e650e3d54e19",
    "data": [
      {
        "text": "Peut on mélanger un sirop pour bébé dans du lait ?",
        "userDefined": false
      }
    ],
    "isTemplate": false,
    "count": 0,
    "updated": 1522593226
  },
  {
    "id": "dfe504e7-32b5-4772-b1ac-6836ddab8200",
    "data": [
      {
        "text": "Comment diluer une teinture mère ?",
        "userDefined": false
      }
    ],
    "isTemplate": false,
    "count": 0,
    "updated": 1522593226
  },
  {
    "id": "80898431-d9ba-4bac-a7cf-a56d524073a5",
    "data": [
      {
        "text": "je me demande pourquoi il est si important de faire dissoudre un efferalgan dans un verre d\u0027eau que se passerait-il si j\u0027avalais un cachet comme ça ?",
        "userDefined": false
      }
    ],
    "isTemplate": false,
    "count": 0,
    "updated": 1522593226
  },
  {
    "id": "b19adae1-64f8-4c28-868f-3c318983ca7d",
    "data": [
      {
        "text": "Comment diluer le bleu de méthylène ?",
        "userDefined": false
      }
    ],
    "isTemplate": false,
    "count": 0,
    "updated": 1522593226
  },
  {
    "id": "3afb13e6-c5c1-4dea-aa29-70759a87a004",
    "data": [
      {
        "text": "j\u0027aimerais en prendre uniquement 50mg par jour de zinc mais les capsules font 2ml chacune. comment bien doser le zinc ?",
        "userDefined": false
      }
    ],
    "isTemplate": false,
    "count": 0,
    "updated": 1522593226
  },
  {
    "id": "cd65839e-c0a2-4680-8ae5-0e1aecea24e1",
    "data": [
      {
        "text": "comment diluer de la teinture mère ?",
        "userDefined": false
      }
    ],
    "isTemplate": false,
    "count": 0,
    "updated": 1522593226
  },
  {
    "id": "c9e6e571-494e-4876-94c0-a12c979f02a2",
    "data": [
      {
        "text": "Dois-je diluer les ampoules d-cure dans l\u0027eau ?",
        "userDefined": false
      }
    ],
    "isTemplate": false,
    "count": 0,
    "updated": 1522593226
  },
  {
    "id": "c7307ac9-7f78-4aaf-9d5b-44d6ee38a1d9",
    "data": [
      {
        "text": "On m\u0027a conseillé de l\u0027helichryse mélangé avec une base neutre liquide huileux ou au pire avec de l\u0027huile végétale pour mon genou en massage régulier, on met quelles proportions ?",
        "userDefined": false
      }
    ],
    "isTemplate": false,
    "count": 0,
    "updated": 1522593226
  },
  {
    "id": "6a8a8f92-58d5-49f1-8ba6-b325029fb087",
    "data": [
      {
        "text": "Quels dosages de glycérine en poudre faut-il pour des faire ovules dont la formule de préparation est à base de gélatine, glycérol et eau ?",
        "userDefined": false
      }
    ],
    "isTemplate": false,
    "count": 0,
    "updated": 1522593226
  },
  {
    "id": "80af01af-3ffd-4859-823f-d763fff4d751",
    "data": [
      {
        "text": "quiétude à mélanger au bibéron ??",
        "userDefined": false
      }
    ],
    "isTemplate": false,
    "count": 0,
    "updated": 1522593226
  },
  {
    "id": "36bfd9a5-9e28-4430-b701-f20b351ba86c",
    "data": [
      {
        "text": "mon medecin m\u0027a mis sous fungizone 10 % (suspension buvable flacon de 40 ml). c\u0027est un bain de bouche, faut-il le diluer dans le l\u0027eau ?",
        "userDefined": false
      }
    ],
    "isTemplate": false,
    "count": 0,
    "updated": 1522593226
  }
]