[
  {
    "id": "ed7195a6-4960-43dc-8d41-94cdb79f19ad",
    "data": [
      {
        "text": "Dosage Babyspasmyl ?",
        "userDefined": false
      }
    ],
    "isTemplate": false,
    "count": 0,
    "updated": 1522593226
  },
  {
    "id": "ee4d7d22-318f-431d-9e17-07508c518174",
    "data": [
      {
        "text": "Faut-on une mesure de la glycémie régulière sous diamicron?",
        "userDefined": false
      }
    ],
    "isTemplate": false,
    "count": 0,
    "updated": 1522593226
  },
  {
    "id": "c30f9b3c-aae2-410f-9ecc-04324bfa416a",
    "data": [
      {
        "text": "quel suivi sanguin sous teriflunomide?",
        "userDefined": false
      }
    ],
    "isTemplate": false,
    "count": 0,
    "updated": 1522593226
  },
  {
    "id": "2dda96ca-4df4-4f25-8875-efe1370a7002",
    "data": [
      {
        "text": "Quelle est la surveillance biologique à effectuer sous Leponex?",
        "userDefined": false
      }
    ],
    "isTemplate": false,
    "count": 0,
    "updated": 1522593226
  },
  {
    "id": "6390eb23-a4d1-4fdc-92f3-1be723d34cff",
    "data": [
      {
        "text": "y\u0027a t\u0027il un test qui permet de savoir si on est bien vacciné contre le tetanos ?",
        "userDefined": false
      }
    ],
    "isTemplate": false,
    "count": 0,
    "updated": 1522593226
  },
  {
    "id": "6cf819c4-874f-4cf5-8aa1-2f216d4c9444",
    "data": [
      {
        "text": "androcure : besoin d\u0027un dosage plasmatique ?",
        "userDefined": false
      }
    ],
    "isTemplate": false,
    "count": 0,
    "updated": 1522593226
  },
  {
    "id": "952bae82-28d5-47bb-89c1-f7b2d4aae60c",
    "data": [
      {
        "text": "Peut on continuer à surveiller IC par dosage BNP si traitement par ENTRESTO ?",
        "userDefined": false
      }
    ],
    "isTemplate": false,
    "count": 0,
    "updated": 1522593226
  },
  {
    "id": "55e8e47b-c660-4f56-900b-55fe7fd5b73a",
    "data": [
      {
        "text": "Existe-t\u0027il un dosage du taux plasmatique de Lamotrigine?",
        "userDefined": false
      }
    ],
    "isTemplate": false,
    "count": 0,
    "updated": 1522593226
  },
  {
    "id": "ff0d9e1d-66d6-4a09-b1c2-04d93687ae3d",
    "data": [
      {
        "text": "quel bilan sanguin sous crestor?",
        "userDefined": false
      }
    ],
    "isTemplate": false,
    "count": 0,
    "updated": 1522593226
  },
  {
    "id": "feba9775-f7e2-40b0-a1f3-bff25a4820a1",
    "data": [
      {
        "text": "quel bilan biologique à l\u0027instauration de Xeroquel",
        "userDefined": false
      }
    ],
    "isTemplate": false,
    "count": 0,
    "updated": 1522593226
  },
  {
    "id": "315b80f8-ca3c-486a-bbd4-babae05d1638",
    "data": [
      {
        "text": "est-il obligatoire de faire une prise de sang avant de prendre la pillule?",
        "userDefined": false
      }
    ],
    "isTemplate": false,
    "count": 0,
    "updated": 1522593226
  },
  {
    "id": "8d775e86-c7eb-47e7-aea3-8e4776f3230b",
    "data": [
      {
        "text": "Y-a-t\u0027il une surveillance biologique pour la Copaxone?",
        "userDefined": false
      }
    ],
    "isTemplate": false,
    "count": 0,
    "updated": 1522593226
  },
  {
    "id": "7f60f0d3-f4ce-4b3a-925d-ef1e211b0202",
    "data": [
      {
        "text": "Quel est le bilan pré-thérapeutique à réaliser avant l\u0027instauration d\u0027un traitement par Gilenya?",
        "userDefined": false
      }
    ],
    "isTemplate": false,
    "count": 0,
    "updated": 1522593226
  },
  {
    "id": "0166ae88-eb5d-43d5-b840-a66ad21dae30",
    "data": [
      {
        "text": "Faut-il réaliser un bilan ophtalmologique avant de débuter un traitement par Gilenya?",
        "userDefined": false
      }
    ],
    "isTemplate": false,
    "count": 0,
    "updated": 1522593226
  },
  {
    "id": "31db2df9-2cd1-40f3-a225-02cd5f97e068",
    "data": [
      {
        "text": "Quel est le bilan à réaliser avant de débuter un traitement par Aubagio?",
        "userDefined": false
      }
    ],
    "isTemplate": false,
    "count": 0,
    "updated": 1522593226
  },
  {
    "id": "2a82fd1d-6b72-4f0e-8de4-9b7db3b4ed31",
    "data": [
      {
        "text": "rubéole: combien de temps après vaccin peut-on faire test sérologique?",
        "userDefined": false
      }
    ],
    "isTemplate": false,
    "count": 0,
    "updated": 1522593226
  },
  {
    "id": "0f6ad7a8-2635-4e35-ba60-741903e5b44d",
    "data": [
      {
        "text": "bilan sanguin avant instauration du tysabri ?",
        "userDefined": false
      }
    ],
    "isTemplate": false,
    "count": 0,
    "updated": 1522593226
  },
  {
    "id": "3873420f-f24f-4c1c-bd39-cdb31ad30fd8",
    "data": [
      {
        "text": "NFS sous plavix?",
        "userDefined": false
      }
    ],
    "isTemplate": false,
    "count": 0,
    "updated": 1522593226
  },
  {
    "id": "f6136eab-9880-4170-aaa6-d2ed924765b9",
    "data": [
      {
        "text": "quel bilan sanguin prescrire avant d\u0027instaurer Avastin ?",
        "userDefined": false
      }
    ],
    "isTemplate": false,
    "count": 0,
    "updated": 1522593226
  },
  {
    "id": "0f082880-98f0-43b2-95ac-b96fe4442796",
    "data": [
      {
        "text": "jasmine sans prise de sang ?",
        "userDefined": false
      }
    ],
    "isTemplate": false,
    "count": 0,
    "updated": 1522593226
  },
  {
    "id": "a2b1dcf3-3dbe-4236-b5a7-dbae1431e0de",
    "data": [
      {
        "text": "combien de temps il faut attendre après avoir fait le vaccin rubéole, pour vérifier la sérologie rubéolique ?",
        "userDefined": false
      }
    ],
    "isTemplate": false,
    "count": 0,
    "updated": 1522593226
  },
  {
    "id": "98d8e447-67b5-4cc3-bde3-00652e39970d",
    "data": [
      {
        "text": "Quel est le bilan thérapeutique à prescrire avant l\u0027instauration d\u0027un traitement par Tecfidera?",
        "userDefined": false
      }
    ],
    "isTemplate": false,
    "count": 0,
    "updated": 1522593226
  }
]