[
  {
    "id": "d249c6f9-aeb7-4e69-8e38-b3583dffb4c8",
    "data": [
      {
        "text": "quel est la version non générique de l\u0027escitalopram ?",
        "userDefined": false
      }
    ],
    "isTemplate": false,
    "count": 0,
    "updated": 1522593226
  },
  {
    "id": "0087e325-a5d5-45c2-9a36-51a6f2015e06",
    "data": [
      {
        "text": "ofloxacine, quel est le nom de marque?",
        "userDefined": false
      }
    ],
    "isTemplate": false,
    "count": 0,
    "updated": 1522593226
  },
  {
    "id": "7d240fb4-020b-4aae-836e-c75ea9400afe",
    "data": [
      {
        "text": "Paroxétine est le générique de quel médicament ?",
        "userDefined": false
      }
    ],
    "isTemplate": false,
    "count": 0,
    "updated": 1522593226
  },
  {
    "id": "5577823b-3567-4a83-acac-48f5ae5a9607",
    "data": [
      {
        "text": "vitamine D : quelles marques ?",
        "userDefined": false
      }
    ],
    "isTemplate": false,
    "count": 0,
    "updated": 1522593226
  },
  {
    "id": "3c637039-81ea-4a51-9f3b-4d267d44dc45",
    "data": [
      {
        "text": "quel nom commercial pour le lithium ?",
        "userDefined": false
      }
    ],
    "isTemplate": false,
    "count": 0,
    "updated": 1522593226
  },
  {
    "id": "c7a79618-157b-4fc4-b68c-28e3b31810c4",
    "data": [
      {
        "text": "telmisartan est-il le générique du Micardis?",
        "userDefined": false
      }
    ],
    "isTemplate": false,
    "count": 0,
    "updated": 1522593226
  },
  {
    "id": "3f7b17bb-5ee3-4558-9efb-887d01052be7",
    "data": [
      {
        "text": "de quoi est-ce que la cetirizine est-elle le générique?",
        "userDefined": false
      }
    ],
    "isTemplate": false,
    "count": 0,
    "updated": 1522593226
  },
  {
    "id": "9aaee574-4deb-483c-be92-2619ad3e0ed1",
    "data": [
      {
        "text": "propanolol est la DCI d\u0027avlocardyl?? ?",
        "userDefined": false
      }
    ],
    "isTemplate": false,
    "count": 0,
    "updated": 1522593226
  },
  {
    "id": "8a23f364-f2d8-41c7-9d16-c6c55a5223ee",
    "data": [
      {
        "text": "le millepertuis, quelle marque?",
        "userDefined": false
      }
    ],
    "isTemplate": false,
    "count": 0,
    "updated": 1522593226
  },
  {
    "id": "a29ef4a2-8f80-4701-85ed-443ca6622ecf",
    "data": [
      {
        "text": "De quelle spécialité l\u0027Oxomémazine Arrow est le générique ?",
        "userDefined": false
      }
    ],
    "isTemplate": false,
    "count": 0,
    "updated": 1522593226
  },
  {
    "id": "80d4d87e-2850-4272-9dc7-2cf34cdacf60",
    "data": [
      {
        "text": "dans quel médicament trouve-t-on de la dopamine ??",
        "userDefined": false
      }
    ],
    "isTemplate": false,
    "count": 0,
    "updated": 1522593226
  },
  {
    "id": "1c58ee86-8f1f-47fc-90d7-f5cf291350d2",
    "data": [
      {
        "text": "C’est quoi le nom commercial du valsartan?",
        "userDefined": false
      }
    ],
    "isTemplate": false,
    "count": 0,
    "updated": 1522593226
  },
  {
    "id": "ef4103aa-f7c3-45ae-bb69-86512e7e23c1",
    "data": [
      {
        "text": "quel est le médicament non générique du candesartan?",
        "userDefined": false
      }
    ],
    "isTemplate": false,
    "count": 0,
    "updated": 1522593226
  },
  {
    "id": "b96a7d7f-8484-4017-9988-71ba798f070f",
    "data": [
      {
        "text": "C\u0027est le générique de quel médicament clopidogrel?",
        "userDefined": false
      }
    ],
    "isTemplate": false,
    "count": 0,
    "updated": 1522593226
  },
  {
    "id": "f98b6fa3-3687-4869-869f-8897832f79c7",
    "data": [
      {
        "text": "C\u0027est quoi la spécialité du valproate de sodium?",
        "userDefined": false
      }
    ],
    "isTemplate": false,
    "count": 0,
    "updated": 1522593226
  },
  {
    "id": "0d1eb533-fb31-4fbf-801d-e452b20b6679",
    "data": [
      {
        "text": "princeps désogestrel ethinylestradiol ??",
        "userDefined": false
      }
    ],
    "isTemplate": false,
    "count": 0,
    "updated": 1522593226
  },
  {
    "id": "a0065b3c-94f4-4e69-a0d2-e870386661b8",
    "data": [
      {
        "text": "chlorure de magnésium : quel médicament de marque ?",
        "userDefined": false
      }
    ],
    "isTemplate": false,
    "count": 0,
    "updated": 1522593226
  },
  {
    "id": "a383bdfa-477a-4f28-ba38-8df3ac2fc02a",
    "data": [
      {
        "text": "Mnaelle est le générique de quel médicament ?",
        "userDefined": false
      }
    ],
    "isTemplate": false,
    "count": 0,
    "updated": 1522593226
  },
  {
    "id": "dc5a501a-4bd3-4d49-814c-7db6134495bf",
    "data": [
      {
        "text": "daily gè : c\u0027est le gènèrique de quelle pilule?",
        "userDefined": false
      }
    ],
    "isTemplate": false,
    "count": 0,
    "updated": 1522593226
  }
]