[
  {
    "id": "566be244-7bc3-4b2c-bb0d-728d2493bb75",
    "data": [
      {
        "text": "pendant les 7 jours sans prise une fois la plaquette de 21pilules terminée, est-on toujours protégée ou non pendant cette semaine ?",
        "userDefined": false
      }
    ],
    "isTemplate": false,
    "count": 0,
    "updated": 1522593570
  },
  {
    "id": "91aaecfa-78c4-4ba1-a75b-6063bef2da05",
    "data": [
      {
        "text": "abilify? sur quoi agit il? sur quels recepteurs?",
        "userDefined": false
      }
    ],
    "isTemplate": false,
    "count": 0,
    "updated": 1522593570
  },
  {
    "id": "04d32052-6c53-4328-b01d-af52a5b0e2b1",
    "data": [
      {
        "text": "est ce que le vaccin contre a méningite peut déclencher des maladies inflammatoires auto immunes ?",
        "userDefined": false
      }
    ],
    "isTemplate": false,
    "count": 0,
    "updated": 1522593570
  },
  {
    "id": "2b29e43b-cbd5-4972-abee-2dd50bf96f5b",
    "data": [
      {
        "text": "après 1 mois et demi de seropram (citalopram son generique) sans effet sur moi, ma psy m\u0027a prescrit hier seroplex. qq\u0027un peut il témoigner à propos de son action?",
        "userDefined": false
      }
    ],
    "isTemplate": false,
    "count": 0,
    "updated": 1522593570
  },
  {
    "id": "54309f59-cda0-4120-a477-a5689883425e",
    "data": [
      {
        "text": "comment les antidiabétiques diminuent-ils la glycémie?",
        "userDefined": false
      }
    ],
    "isTemplate": false,
    "count": 0,
    "updated": 1522593570
  },
  {
    "id": "6edccaa5-01b2-456d-a4a4-e294d6fe746b",
    "data": [
      {
        "text": "je vais prendre la pilule minesse et j\u0027aimerais savoir si minesse stop les règles, ou nous les avons en ayant un flux moins abondant ? elle est tout de même efficace le 1er jour de règles ?",
        "userDefined": false
      }
    ],
    "isTemplate": false,
    "count": 0,
    "updated": 1522593570
  },
  {
    "id": "64893644-6ac3-4a30-8efb-d71c9f8f550b",
    "data": [
      {
        "text": "Comment fonctionne le colécalciférol ?",
        "userDefined": false
      }
    ],
    "isTemplate": false,
    "count": 0,
    "updated": 1522593570
  },
  {
    "id": "b6ee5c46-ab0c-491e-88bc-2dca7c60bebc",
    "data": [
      {
        "text": "je termine ma plaquette (désobel g20) dimanche soir. je vais avoir les règles quelques jours après, c\u0027est à dire jeudi.. si j\u0027ai des rapport sexuels avec mon ami, est-ce-que pendant cette période de quelques jours, je suis tout de même protégée ?",
        "userDefined": false
      }
    ],
    "isTemplate": false,
    "count": 0,
    "updated": 1522593570
  },
  {
    "id": "0f0c0802-03fa-4f86-b8f2-88af44a2a08d",
    "data": [
      {
        "text": "pilule leeloo arrête t\u0027elle les règles dés la 1er prise ?",
        "userDefined": false
      }
    ],
    "isTemplate": false,
    "count": 0,
    "updated": 1522593570
  },
  {
    "id": "75437666-c95c-4288-93db-bf788ce0d5fd",
    "data": [
      {
        "text": "stérilet au cuivre et effets sur le corps ?",
        "userDefined": false
      }
    ],
    "isTemplate": false,
    "count": 0,
    "updated": 1522593570
  },
  {
    "id": "00736d7a-6dfa-4265-a05d-41b4d0c5015f",
    "data": [
      {
        "text": "sous melodia c\u0027est normal davoir les regles pendant les comprimés blanc ?",
        "userDefined": false
      }
    ],
    "isTemplate": false,
    "count": 0,
    "updated": 1522593570
  },
  {
    "id": "a41978a4-7e6a-4fb5-b468-60e927c4c56d",
    "data": [
      {
        "text": "mode action pilule lendemain? retarde ovulation ou evite nidation?",
        "userDefined": false
      }
    ],
    "isTemplate": false,
    "count": 0,
    "updated": 1522593570
  },
  {
    "id": "a3dd3c93-d3c4-4f76-9e9f-fb16530b56f1",
    "data": [
      {
        "text": "je voudrais savoir comment le paracétamol et l\u0027aspirne permettent d\u0027enlever la douleur ?",
        "userDefined": false
      }
    ],
    "isTemplate": false,
    "count": 0,
    "updated": 1522593570
  },
  {
    "id": "93fd3699-3993-4b32-92e6-14025ad9673f",
    "data": [
      {
        "text": "est-ce-que ma prise de deroxat joue un rôle sur mon sperme ?",
        "userDefined": false
      }
    ],
    "isTemplate": false,
    "count": 0,
    "updated": 1522593570
  },
  {
    "id": "bcb165bd-ef87-427c-af7e-6cb1389aa93b",
    "data": [
      {
        "text": "comment agit le vaccin anti grippe?",
        "userDefined": false
      }
    ],
    "isTemplate": false,
    "count": 0,
    "updated": 1522593570
  },
  {
    "id": "d88b8d65-55a3-493b-841c-89abf15747bf",
    "data": [
      {
        "text": "Comment fonctionne le sterilet en cuivre ?",
        "userDefined": false
      }
    ],
    "isTemplate": false,
    "count": 0,
    "updated": 1522593570
  },
  {
    "id": "6537569c-921d-440f-b66d-2796e9f8a483",
    "data": [
      {
        "text": "question lormetazepam ce transforme t il en lorezepam dans le corps ?",
        "userDefined": false
      }
    ],
    "isTemplate": false,
    "count": 0,
    "updated": 1522593570
  },
  {
    "id": "53cd1a2d-e1a1-4e64-9fad-98dc84f000f5",
    "data": [
      {
        "text": "Ma copine prends harmonet un jour sur deux, cela à-t-il un effet sur l\u0027efficacité ?",
        "userDefined": false
      }
    ],
    "isTemplate": false,
    "count": 0,
    "updated": 1522593570
  },
  {
    "id": "e22751cb-b865-49a2-a27f-742c89e5d433",
    "data": [
      {
        "text": "je me demande comment le maxilase dont le principe \"actif\" est l\u0027alpha-amylase (et les deux autres medicaments qui partage ce pricipe \"actif\" ) peut avoir un effet sur les maux de gorge.",
        "userDefined": false
      }
    ],
    "isTemplate": false,
    "count": 0,
    "updated": 1522593570
  },
  {
    "id": "b5bdf06c-fd99-44c7-861b-c10b7329eaa6",
    "data": [
      {
        "text": "pilule adepal je comprend pas comment elle agit?",
        "userDefined": false
      }
    ],
    "isTemplate": false,
    "count": 0,
    "updated": 1522593570
  },
  {
    "id": "9bcf3d65-9867-4438-9946-bc0f943589e3",
    "data": [
      {
        "text": "je prends varnoline continu, les 7 pilules verte à la fin de la plaquette est-ce-qu\u0027elles apporte automatiquement le règles ? ou au bout d\u0027un moment on a plus nos règles ?",
        "userDefined": false
      }
    ],
    "isTemplate": false,
    "count": 0,
    "updated": 1522593570
  },
  {
    "id": "c904b7d8-ce32-459d-8271-e24a2b169827",
    "data": [
      {
        "text": "est-ce que les IPP ont une action sur les  récepteurs dans les intestins ?",
        "userDefined": false
      }
    ],
    "isTemplate": false,
    "count": 0,
    "updated": 1522593570
  },
  {
    "id": "5e390360-1c35-489f-bd89-86a0570b5a7c",
    "data": [
      {
        "text": "comment agit la molecule dans effexor ?",
        "userDefined": false
      }
    ],
    "isTemplate": false,
    "count": 0,
    "updated": 1522593570
  },
  {
    "id": "d979968c-9fa0-490e-9bfc-ef170c155beb",
    "data": [
      {
        "text": "le paracétamol n\u0027éatit pas un anti inflammatoire mais un antalgique : il bloquerait l\u0027influx nerveux douloureux dans le cerveau.  est ce quelqu\u0027un saurait comment il bloque cet influx??",
        "userDefined": false
      }
    ],
    "isTemplate": false,
    "count": 0,
    "updated": 1522593570
  },
  {
    "id": "30f46ef2-9936-413a-bf31-e5c3369dac8e",
    "data": [
      {
        "text": "bonjour je prends mélodia depui 9 jours et je voulais savoir si c t possible d\u0027ovuler et si je doi quand meme prendre la pilule du lendemain ?",
        "userDefined": false
      }
    ],
    "isTemplate": false,
    "count": 0,
    "updated": 1522593570
  },
  {
    "id": "49957b0b-6b07-45cf-a2eb-f25fdc6416d5",
    "data": [
      {
        "text": "est ce que la vitamine e et b6 favorisent la fertilité?",
        "userDefined": false
      }
    ],
    "isTemplate": false,
    "count": 0,
    "updated": 1522593570
  },
  {
    "id": "13343e4c-399f-44b0-8cbe-605e21057557",
    "data": [
      {
        "text": "vaccin pentacoq ?? Mode d\u0027action ?",
        "userDefined": false
      }
    ],
    "isTemplate": false,
    "count": 0,
    "updated": 1522593570
  },
  {
    "id": "95493c6a-abb9-4287-85d9-590c3a7a564c",
    "data": [
      {
        "text": "mon homéo vient de me prescrire kalium muriaticum 6 dh je l\u0027avais déjà pris avant et ça n\u0027a pas fonctionné ,il m\u0027a juste rajouté du sulfur 200k. pensez-vous que cela va agir en rajoutant la dose de sulfur?",
        "userDefined": false
      }
    ],
    "isTemplate": false,
    "count": 0,
    "updated": 1522593570
  },
  {
    "id": "f3433ecd-1038-4a19-adeb-0f91b1651c9b",
    "data": [
      {
        "text": "est-on protégé des rapports non protégés durant l\u0027arret de la pillule a chaque fin de plaquette?",
        "userDefined": false
      }
    ],
    "isTemplate": false,
    "count": 0,
    "updated": 1522593570
  },
  {
    "id": "64ada7ae-277b-4b57-a5dc-6c1a9218c50f",
    "data": [
      {
        "text": "Est-ce la méthadone traverse la barrière placentaire?",
        "userDefined": false
      }
    ],
    "isTemplate": false,
    "count": 2,
    "updated": 1522593570
  },
  {
    "id": "b800b203-720a-4712-bdc9-b2493f040861",
    "data": [
      {
        "text": "Avec Microval, est ce qu\u0027on a quand meme les regles ?",
        "userDefined": false
      }
    ],
    "isTemplate": false,
    "count": 0,
    "updated": 1522593570
  },
  {
    "id": "26f0ce4c-2828-4af6-b6da-e8f7192d9dde",
    "data": [
      {
        "text": "methadone ou subutex (sevrage d\u0027hero) ? Même mécanisme ?",
        "userDefined": false
      }
    ],
    "isTemplate": false,
    "count": 0,
    "updated": 1522593570
  },
  {
    "id": "6a5526d5-d9db-4aa4-9c8a-a9e9386b64e1",
    "data": [
      {
        "text": "je prends la pilule triafemi.Je dois arreter la pilule 7 jours et je dois reprendre le 1er comprimé le 7ème jour ou le 8ème?",
        "userDefined": false
      }
    ],
    "isTemplate": false,
    "count": 0,
    "updated": 1522593570
  },
  {
    "id": "95b3fc2f-3116-4b5a-b626-f91843124680",
    "data": [
      {
        "text": "depuis 2mois je ne fais plus la pause de 7jours de ma pilule (tricilest) et j\u0027ai eu un oubli jeudi soir. je l\u0027ai prise vendredi apm, et j\u0027ai pris norlévo.   la pharmacienne ma dit que je n\u0027étais pas protégée jusqu\u0027à la fin de mon cycle, pouvez vous me dire ce qui est vrai??",
        "userDefined": false
      }
    ],
    "isTemplate": false,
    "count": 0,
    "updated": 1522593570
  },
  {
    "id": "eaf5d521-44e7-494b-8940-fda64259ae87",
    "data": [
      {
        "text": "ma question porte sur le \"testo gel 2%\", un gel qu\u0027on applique sur la peau et qui ferait monter le taux de testosterone. est ce que ça a une chance de marcher, et si oui, comment ça marche ?comment une hormone peux elle passer comme ça de la peau au sang?",
        "userDefined": false
      }
    ],
    "isTemplate": false,
    "count": 0,
    "updated": 1522593570
  },
  {
    "id": "26d03b90-0b40-4ee8-a587-979b3159baa3",
    "data": [
      {
        "text": "huile d\u0027onagre \u003d\u003e mode d\u0027action ?",
        "userDefined": false
      }
    ],
    "isTemplate": false,
    "count": 0,
    "updated": 1522593570
  },
  {
    "id": "6e9ee2fa-4409-45e4-8d32-784fa8338b6d",
    "data": [
      {
        "text": "comment fonctionne xenical?",
        "userDefined": false
      }
    ],
    "isTemplate": false,
    "count": 0,
    "updated": 1522593570
  },
  {
    "id": "e4dec206-5010-4682-a95f-30f4d24ef173",
    "data": [
      {
        "text": "Pourquoi prescrire du Mantadix dans la maladie de Parkinson?",
        "userDefined": false
      }
    ],
    "isTemplate": false,
    "count": 0,
    "updated": 1522593570
  },
  {
    "id": "c64f8241-55e0-420c-99f5-d73b9d28ec92",
    "data": [
      {
        "text": "L\u0027Azilect a-t\u0027il un effet neuroprotecteur dans la maladie de Parkinson?",
        "userDefined": false
      }
    ],
    "isTemplate": false,
    "count": 0,
    "updated": 1522593570
  },
  {
    "id": "92699e9d-e4ee-4d08-9015-7ad9ac60ef45",
    "data": [
      {
        "text": "comment fonctionne le primperan?",
        "userDefined": false
      }
    ],
    "isTemplate": false,
    "count": 0,
    "updated": 1522593570
  },
  {
    "id": "f3d095b3-c338-47c0-b261-924b1efd3660",
    "data": [
      {
        "text": "pilule adepal je comprend pas son mécanisme ?",
        "userDefined": false
      }
    ],
    "isTemplate": false,
    "count": 0,
    "updated": 1522593570
  },
  {
    "id": "bc710118-93f7-4c76-ad21-9f7af611b15f",
    "data": [
      {
        "text": "vaccin rubeole - porteur du virus apres vaccinnation ?",
        "userDefined": false
      }
    ],
    "isTemplate": false,
    "count": 0,
    "updated": 1522593570
  },
  {
    "id": "714ba862-7dee-4686-a6b6-9d7d6805548d",
    "data": [
      {
        "text": "voila je suis sous trinordiol normalement dès demain sor je devais avoir mes regles jusqu\u0027a la fin du weekend, mais seulement je prefere eviter d\u0027avoir mes regles ce week end a cause d un peti rencard  j ai donc prolongé ma pilule si demain soir jour normal de mes regles je ne les ai pas, ou meme vendredi, suis-je sure de ne pas les avoir ce week end? j espere m etre bien fé comprendre je vous remercie d\u0027avance pour vos reponse",
        "userDefined": false
      }
    ],
    "isTemplate": false,
    "count": 0,
    "updated": 1522593570
  },
  {
    "id": "3e246421-dc3a-4636-84e9-f1bf64903c4a",
    "data": [
      {
        "text": "je voulais savoir si le spasfon empeche les contraction comme le salbumol ?",
        "userDefined": false
      }
    ],
    "isTemplate": false,
    "count": 0,
    "updated": 1522593570
  },
  {
    "id": "ce015ef9-3880-4e70-bd23-03d6350065ee",
    "data": [
      {
        "text": "salut. je souffre d\u0027agoraphobie depuis des années et je dois me faire opèrer très bientot. j\u0027angoisse monstrueusement et malheureusement pour moi et mon entourage je ne supporte pas les calmants style xanax etc.. je me sent fatigué, sous substance et je panique à chaque x!! quelqu\u0027un à eu ce genre de problème et à trouvé une solution?? jof",
        "userDefined": false
      }
    ],
    "isTemplate": false,
    "count": 0,
    "updated": 1522593570
  },
  {
    "id": "521eabec-e54d-4f1e-aff3-3351e139c713",
    "data": [
      {
        "text": "duphaston maintient ovulation ??",
        "userDefined": false
      }
    ],
    "isTemplate": false,
    "count": 0,
    "updated": 1522593570
  },
  {
    "id": "20568fe2-9ec8-4e90-96df-41fc216a3a2b",
    "data": [
      {
        "text": "j\u0027ai oublié ma pilule (minulet) durant la première semaine. j\u0027ai repris ma pilule directement. Mais si j\u0027ai ovulé aurais-je mes règles quand même ?",
        "userDefined": false
      }
    ],
    "isTemplate": false,
    "count": 0,
    "updated": 1522593570
  },
  {
    "id": "5deb88f0-c3b0-4d3c-be02-5643a5a3c157",
    "data": [
      {
        "text": "evra comment ça agit ?",
        "userDefined": false
      }
    ],
    "isTemplate": false,
    "count": 0,
    "updated": 1522593570
  },
  {
    "id": "ada6801c-aacd-4a06-800a-92f0c45b904a",
    "data": [
      {
        "text": "le xanax a il un effet bêtabloquant ?",
        "userDefined": false
      }
    ],
    "isTemplate": false,
    "count": 0,
    "updated": 1522593570
  },
  {
    "id": "86e1aa6f-6e74-43ad-92c7-57fcbeb92570",
    "data": [
      {
        "text": "je voulais savoir si vous avez eu vos règles en prenant cérazette ?",
        "userDefined": false
      }
    ],
    "isTemplate": false,
    "count": 0,
    "updated": 1522593570
  },
  {
    "id": "c625740b-39f1-423c-a19a-d47cfdbacc90",
    "data": [
      {
        "text": "la ritaline comment ça fonctionne?",
        "userDefined": false
      }
    ],
    "isTemplate": false,
    "count": 0,
    "updated": 1522593570
  },
  {
    "id": "c63ebb91-c99c-4547-949e-1be3e63d0392",
    "data": [
      {
        "text": "je vous expose mon problème: le 10ème jour de mon cycle, j\u0027ai eu un rapport avec mon copain, on a utilisé un préservatif qui s\u0027est probablement déchiré, par précaution j\u0027ai donc pris 2 comprimés de stédiril 12h plus tard, et deux autres 12h après (la pilule du lendemain n\u0027étant pas commercialisée là où je vis), 6 jours plus tard, j\u0027ai eu quelques saignements de couleur assez foncé, et j\u0027ai l\u0027impression d\u0027avoir grossi. on m\u0027a dit que les saignements au cours d\u0027une grossesse pouvaient etre fréquents. les saignements voudraient dire que la pilule a fonctionné ou que je suis enceinte ? que faire ? j\u0027aimerais vos avis et conseils. merci d\u0027avance !",
        "userDefined": false
      }
    ],
    "isTemplate": false,
    "count": 0,
    "updated": 1522593570
  },
  {
    "id": "a85376b8-ca89-4b76-9043-a34292333700",
    "data": [
      {
        "text": "je vais me faire poser le stérilet mirena. Comment ça fonctionne ?",
        "userDefined": false
      }
    ],
    "isTemplate": false,
    "count": 0,
    "updated": 1522593570
  },
  {
    "id": "8b6c9718-a1fa-4ce0-ad7b-e0962081c007",
    "data": [
      {
        "text": "Comment ça marche le lexomil ?",
        "userDefined": false
      }
    ],
    "isTemplate": false,
    "count": 0,
    "updated": 1522593570
  },
  {
    "id": "ad7d7a3b-e841-4c1d-b8ea-0dfb9c86af3b",
    "data": [
      {
        "text": "Les acides linoléiques conjugués augmentent-ils réellement la lipolyse?",
        "userDefined": false
      }
    ],
    "isTemplate": false,
    "count": 0,
    "updated": 1522593570
  },
  {
    "id": "d6e47a10-a8a4-412b-b720-5d07e2ce79b2",
    "data": [
      {
        "text": "je vais bientot accoucher et compte allaiter x temps. j\u0027ai déja essayé la micro pillule qui me provoquait des saignements quotidiens, et avec le stérilet mirena c\u0027était carrément presque hémoragique  alors pour ma future contraception, je me tate sur le stérilet en cuivre  _provoque-t-il des saignements? à la mise en place? apres? et quand on allaite? les règles viennent naturellement ont sont elles régulées par le stérilet? merci d\u0027avance pour vos témoignages",
        "userDefined": false
      }
    ],
    "isTemplate": false,
    "count": 0,
    "updated": 1522593570
  },
  {
    "id": "a10153ba-3341-4b29-a26f-9997aa6d3e39",
    "data": [
      {
        "text": "je voulais savoir s\u0027il était possible d\u0027ovuler sous optilova ?",
        "userDefined": false
      }
    ],
    "isTemplate": false,
    "count": 0,
    "updated": 1522593570
  },
  {
    "id": "4620859d-f891-4571-a32e-1ab2e984b668",
    "data": [
      {
        "text": "Quel est le mécanisme d\u0027action du levothyrox?",
        "userDefined": false
      }
    ],
    "isTemplate": false,
    "count": 0,
    "updated": 1522593570
  },
  {
    "id": "51b1ff6a-2282-491c-ab13-7b2ab323a759",
    "data": [
      {
        "text": "est ce que cerazette bloque l\u0027ovulation ?",
        "userDefined": false
      }
    ],
    "isTemplate": false,
    "count": 0,
    "updated": 1522593570
  },
  {
    "id": "0248df52-1fb9-4d11-bb94-dc8c4c140900",
    "data": [
      {
        "text": "Quel est le mécanisme d\u0027action de la Clozapine?",
        "userDefined": false
      }
    ],
    "isTemplate": false,
    "count": 0,
    "updated": 1522593570
  },
  {
    "id": "85778445-9377-4ef0-998b-354205e14318",
    "data": [
      {
        "text": "combien de poids on perd avec xénical?",
        "userDefined": false
      }
    ],
    "isTemplate": false,
    "count": 0,
    "updated": 1522593570
  },
  {
    "id": "a3b812d6-622f-4862-8d7a-c84e78261a20",
    "data": [
      {
        "text": "bonjour, voilà. j\u0027ai pris diane pendant 4ans et là je change pour melodia. je sais que les règles arrivent pendant les cachets blancs mais par exemple, si elles arrivent pendant l\u0027avant dernier ou le dernier cachet blanc alors je n\u0027aurais les regles que pendant 1jour??vu qu\u0027après le dernier cachet blanc on enchaine avec l\u0027autre plaquette. je suis perdue vue qu\u0027avec diane il y a une pause d\u0027 1semaine et que les règles arrivent pendant celle-ci.. help me  merci pour vos reponses",
        "userDefined": false
      }
    ],
    "isTemplate": false,
    "count": 0,
    "updated": 1522593570
  },
  {
    "id": "773b7f9d-7253-4ef6-824b-aafcb736c19a",
    "data": [
      {
        "text": "yasminelle elle empêche l\u0027ovulation ou pas?",
        "userDefined": false
      }
    ],
    "isTemplate": false,
    "count": 0,
    "updated": 1522593570
  },
  {
    "id": "9d817773-f116-41a4-ba88-6495baa5ec9b",
    "data": [
      {
        "text": "comment fonctionne le vaccin col de l\u0027utérus ?",
        "userDefined": false
      }
    ],
    "isTemplate": false,
    "count": 0,
    "updated": 1522593570
  },
  {
    "id": "d4af2e47-33ce-4bb8-9dbb-83f737d80f53",
    "data": [
      {
        "text": "pourquoi un oublie de pillule de plus de 12h peut donner un risque de grossesse alors que pendant la pose de 7 jours maximum on reste protégée?",
        "userDefined": false
      }
    ],
    "isTemplate": false,
    "count": 0,
    "updated": 1522593570
  },
  {
    "id": "59feae41-8488-440d-87a6-9b674cfa6dca",
    "data": [
      {
        "text": "je viens de réaliser une idr pour mon vaccin bcg. on lit normalement le rsultat au bout de 72 heures seulement au bout de 8h me voila avec une induration de plus de 10mm.. est ce que je dois comprendre que je suis peut etre infecté?",
        "userDefined": false
      }
    ],
    "isTemplate": false,
    "count": 0,
    "updated": 1522593570
  },
  {
    "id": "f7ed52f8-b601-4877-9285-6d01cd8f80f8",
    "data": [
      {
        "text": "comment agit androcur?",
        "userDefined": false
      }
    ],
    "isTemplate": false,
    "count": 0,
    "updated": 1522593570
  },
  {
    "id": "53f61fa0-129c-4716-b407-f0c333241282",
    "data": [
      {
        "text": "réaction vaccin dtp ?",
        "userDefined": false
      }
    ],
    "isTemplate": false,
    "count": 0,
    "updated": 1522593570
  },
  {
    "id": "82ba0490-2b6a-4389-9aa5-84cfba3af550",
    "data": [
      {
        "text": "diane 35 : comment ça marche?",
        "userDefined": false
      }
    ],
    "isTemplate": false,
    "count": 0,
    "updated": 1522593570
  },
  {
    "id": "9d8936e2-bd49-4cbb-8160-c9b20b708318",
    "data": [
      {
        "text": "duphaston  - comment ça marche ??",
        "userDefined": false
      }
    ],
    "isTemplate": false,
    "count": 0,
    "updated": 1522593570
  },
  {
    "id": "eb0e4b70-a8f9-4763-8a53-dec4824c2626",
    "data": [
      {
        "text": "comment agit l’oroken?",
        "userDefined": false
      }
    ],
    "isTemplate": false,
    "count": 0,
    "updated": 1522593570
  },
  {
    "id": "4bf3f2fb-ee16-4712-a6f1-c876ddf38fd8",
    "data": [
      {
        "text": "qui connait le mode d\u0027action du rhophylac?",
        "userDefined": false
      }
    ],
    "isTemplate": false,
    "count": 0,
    "updated": 1522593570
  },
  {
    "id": "efc845d6-1edc-4629-90ad-b876dd9a9bed",
    "data": [
      {
        "text": "comment l\u0027isoror fonctionne ?",
        "userDefined": false
      }
    ],
    "isTemplate": false,
    "count": 0,
    "updated": 1522593570
  },
  {
    "id": "a82475c0-8430-46fa-9f58-d3ba03b6b9d8",
    "data": [
      {
        "text": "L122 agit-il en brulant les graisses ?",
        "userDefined": false
      }
    ],
    "isTemplate": false,
    "count": 0,
    "updated": 1522593570
  },
  {
    "id": "a0b1f3cb-cd74-4a0d-8027-d1665650d4e0",
    "data": [
      {
        "text": "cerazette : sur quoi ça agit ?",
        "userDefined": false
      }
    ],
    "isTemplate": false,
    "count": 0,
    "updated": 1522593570
  },
  {
    "id": "6faf7bd8-72ee-41b3-87b0-8dbe06c90d6d",
    "data": [
      {
        "text": "Est-ce que la pilule cérazette empêche l\u0027ovulation?",
        "userDefined": false
      }
    ],
    "isTemplate": false,
    "count": 0,
    "updated": 1522593570
  },
  {
    "id": "f7231266-f789-4bcf-806a-c4e62a40ad41",
    "data": [
      {
        "text": "mode d\u0027action du prozac ?",
        "userDefined": false
      }
    ],
    "isTemplate": false,
    "count": 0,
    "updated": 1522593570
  },
  {
    "id": "0a36ab90-ce8e-40b8-891b-bded7f9a75f3",
    "data": [
      {
        "text": "bonjour,   pour un problème d\u0027acné,ma doc m\u0027a prescrit un générique de diane. normalement mes règles devant débuter dans la journée,je suis sensée le débuter aujourd\u0027hui. la question est:\"cela va-t-il modifier mon cycle?\" je sais que par la suite,ce sera ma plaquette et puis arrêt,mes règles et reprise de plaquette,..et ainsi de suite. mes règlent durant 7 jours en plus :/,c\u0027est déjà juste pour le week-end à venir prévu  . un retard serait mal venu.      merci d\u0027avance pour vos réponses.",
        "userDefined": false
      }
    ],
    "isTemplate": false,
    "count": 0,
    "updated": 1522593570
  },
  {
    "id": "e2184965-7666-4e52-a2ec-26234ec1357c",
    "data": [
      {
        "text": "Mécanisme du theralene?",
        "userDefined": false
      }
    ],
    "isTemplate": false,
    "count": 0,
    "updated": 1522593570
  },
  {
    "id": "f2550fbf-d057-4fe9-b7cb-3edae292a1dd",
    "data": [
      {
        "text": "Quel est le mode d\u0027action du Rivotril?",
        "userDefined": false
      }
    ],
    "isTemplate": false,
    "count": 0,
    "updated": 1522593570
  },
  {
    "id": "75658976-f4f3-47a9-bbdd-41f22b62dea5",
    "data": [
      {
        "text": "je suis sous traitement xyzall. j\u0027ai entendu dire que les antihistaminiques en général, et le xyzall en particulier, sont des facteurs de prise de poids. Est-ce vrai ?",
        "userDefined": false
      }
    ],
    "isTemplate": false,
    "count": 0,
    "updated": 1522593570
  },
  {
    "id": "49a54ab3-cee3-4379-82f0-589e26261804",
    "data": [
      {
        "text": "Comment fonctionne le duphaston?",
        "userDefined": false
      }
    ],
    "isTemplate": false,
    "count": 0,
    "updated": 1522593570
  },
  {
    "id": "69d53be6-7fd0-4622-8309-4faa75eb05b6",
    "data": [
      {
        "text": "méliane : comment ça agit ?",
        "userDefined": false
      }
    ],
    "isTemplate": false,
    "count": 0,
    "updated": 1522593570
  },
  {
    "id": "2138cd53-4f39-4e15-951f-7fd2d5f1357c",
    "data": [
      {
        "text": "quelle est l\u0027action du sédatif pc sur le cerveaux ?",
        "userDefined": false
      }
    ],
    "isTemplate": false,
    "count": 0,
    "updated": 1522593570
  },
  {
    "id": "805f225d-351f-4d56-b896-becd2f3be8c0",
    "data": [
      {
        "text": "je voudrais savoir s\u0027il est possible de prendre du lutéran (14 à 25ej) et d\u0027ovuler??",
        "userDefined": false
      }
    ],
    "isTemplate": false,
    "count": 0,
    "updated": 1522593570
  },
  {
    "id": "13b3b3f7-e0e2-49d4-b77f-6e52323cc762",
    "data": [
      {
        "text": "est-ce que le tercian agit sur la dépression?",
        "userDefined": false
      }
    ],
    "isTemplate": false,
    "count": 0,
    "updated": 1522593570
  },
  {
    "id": "f0c06109-abda-411d-a11b-3b550f4600e2",
    "data": [
      {
        "text": "suite a une intolérance a daily g, je suis sous microval. pas trop d\u0027effet secondaire par contre des retards de règles assez important. sous microval il y a toujours ovulation non ?",
        "userDefined": false
      }
    ],
    "isTemplate": false,
    "count": 0,
    "updated": 1522593570
  },
  {
    "id": "25f5452e-8916-4b34-9a09-cae394f8d407",
    "data": [
      {
        "text": "Comment agissent les antidépresseurs ?",
        "userDefined": false
      }
    ],
    "isTemplate": false,
    "count": 0,
    "updated": 1522593570
  },
  {
    "id": "42650c4a-8f49-4a3f-9069-4d6c535fef71",
    "data": [
      {
        "text": "Sur quel récepteur agit le zyprexa?",
        "userDefined": false
      }
    ],
    "isTemplate": false,
    "count": 0,
    "updated": 1522593570
  },
  {
    "id": "53f087c2-39f1-4cdc-9a10-23b8b81d8c97",
    "data": [
      {
        "text": "c\u0027est quoi le mode d\u0027action du normacol?",
        "userDefined": false
      }
    ],
    "isTemplate": false,
    "count": 0,
    "updated": 1522593570
  },
  {
    "id": "11899108-b817-4cce-aebe-2d45161e8a6d",
    "data": [
      {
        "text": "bonjour  je viens de passer de microval a trinordiol   le dernier comprimé de la plaquette trinordiol je l\u0027ai pris samedi  je me demande quand  mes regles vont arriver  combien de jours sa met  pour vous? avant ma grossesse je prenais aussi trinordiol  et j\u0027avais mes regles le lendemain de  la prise du dernier comprimer  merci pour vos reponses",
        "userDefined": false
      }
    ],
    "isTemplate": false,
    "count": 0,
    "updated": 1522593570
  },
  {
    "id": "71e7800e-829e-4387-8697-64944bf0dc61",
    "data": [
      {
        "text": "la venlafaxine influait sur le poids ?  à quoi est-ce du?  cela modifie-t-il le métabolisme (du genre \"stocker plus\"  ? comment cette prise s\u0027explique-t-elle?",
        "userDefined": false
      }
    ],
    "isTemplate": false,
    "count": 0,
    "updated": 1522593570
  },
  {
    "id": "76940b1f-a4d1-4785-816f-503a8b5805ab",
    "data": [
      {
        "text": "Comment marche le movicol ?",
        "userDefined": false
      }
    ],
    "isTemplate": false,
    "count": 0,
    "updated": 1522593570
  },
  {
    "id": "8aa785cd-8826-4f96-a170-602257b9abbc",
    "data": [
      {
        "text": "citalopram : ça agit sur quel recepteur ?",
        "userDefined": false
      }
    ],
    "isTemplate": false,
    "count": 0,
    "updated": 1522593570
  },
  {
    "id": "ea55451e-bca1-4d95-86b5-b634efeef215",
    "data": [
      {
        "text": "Je vais arrêter de prendre Mercillon. Comment mes cycles vont être ?",
        "userDefined": false
      }
    ],
    "isTemplate": false,
    "count": 0,
    "updated": 1522593570
  },
  {
    "id": "8acd9679-2420-4b17-b7e8-9651a9012977",
    "data": [
      {
        "text": "est ce que antadys peut arrêter les règles?",
        "userDefined": false
      }
    ],
    "isTemplate": false,
    "count": 0,
    "updated": 1522593570
  },
  {
    "id": "2371e136-644a-4cc7-a705-103786c1a579",
    "data": [
      {
        "text": "je prends minesse et j\u0027aimerai savoir si je peux avoir des rapports sexuels sans capotes pendant les petites pillules blanche (placebo) de la fin de plaquette ?",
        "userDefined": false
      }
    ],
    "isTemplate": false,
    "count": 0,
    "updated": 1522593570
  },
  {
    "id": "0e4b0544-97c0-49dc-8c6c-f01ff0b3628a",
    "data": [
      {
        "text": "quelle est la différence de mode d\u0027action de spasfon Lyoc et phloroglucinol sublingual ?",
        "userDefined": false
      }
    ],
    "isTemplate": false,
    "count": 0,
    "updated": 1522593570
  },
  {
    "id": "2d98a0de-fc09-4b5f-9a47-4f261cee2408",
    "data": [
      {
        "text": "Je souhaiterez me faire poser le sterilet mirena. j\u0027aimerais savoir apres la pose du sterilet, vous avez eu vos regles pendant combien de temps, quantite ?? regle normale pendant 5-8jrs puis spotting ?",
        "userDefined": false
      }
    ],
    "isTemplate": false,
    "count": 0,
    "updated": 1522593570
  },
  {
    "id": "b90e21de-6f88-4591-98fd-887308edc92b",
    "data": [
      {
        "text": "je voudrais savoir comment agit le clomid sur un homme puis je attendre une augmentation considerable de testosteron?",
        "userDefined": false
      }
    ],
    "isTemplate": false,
    "count": 0,
    "updated": 1522593570
  },
  {
    "id": "f0ed60a7-9132-4d67-b190-69449f49fea7",
    "data": [
      {
        "text": "comment agit la toxine botulique ?",
        "userDefined": false
      }
    ],
    "isTemplate": false,
    "count": 0,
    "updated": 1522593570
  },
  {
    "id": "4ad8189f-b6f7-4977-9d66-b382ead5f1ac",
    "data": [
      {
        "text": "Je prends Jasminelle et j\u0027ai oublié un comprimé. Aurais-je mes règles même si je commence une nouvelle plaquette sans faire d\u0027arrêt de 7 jours comme il était prévu normalement ?",
        "userDefined": false
      }
    ],
    "isTemplate": false,
    "count": 0,
    "updated": 1522593570
  },
  {
    "id": "a8762fab-3803-40fa-82a0-8cb73cf6b0e6",
    "data": [
      {
        "text": "bonjour je desir avoir un reseignement.. j\u0027ai eu une medicament  qui s\u0027appelle lutenyl  et c\u0027est sensai etreune pillule contracetive mais je ne vois pas ou s\u0027est pressicé.. evite telle vraiment les grossesse.?? merci de vos reponse. message édité par audreymaz le 05/09/2007 à 22:32:05",
        "userDefined": false
      }
    ],
    "isTemplate": false,
    "count": 0,
    "updated": 1522593570
  },
  {
    "id": "271bf90d-a274-4d77-9f07-224919178f14",
    "data": [
      {
        "text": "pilule jasminelle. Comment fonctionne t-il?",
        "userDefined": false
      }
    ],
    "isTemplate": false,
    "count": 0,
    "updated": 1522593570
  },
  {
    "id": "9d51d3cd-623b-46b3-9883-379f0636e84b",
    "data": [
      {
        "text": "comment fonctionne le tahor 10  ?",
        "userDefined": false
      }
    ],
    "isTemplate": false,
    "count": 0,
    "updated": 1522593570
  },
  {
    "id": "e570f91f-fe9a-47f8-b4cb-866394ac1c2b",
    "data": [
      {
        "text": "pourquoi se sent on mieux après avoir pris effexor ?",
        "userDefined": false
      }
    ],
    "isTemplate": false,
    "count": 0,
    "updated": 1522593570
  },
  {
    "id": "2994ae59-36c3-46e7-a98b-2039ff03467f",
    "data": [
      {
        "text": "protegé durant les 7 jour d\u0027arret de la pillule??",
        "userDefined": false
      }
    ],
    "isTemplate": false,
    "count": 0,
    "updated": 1522593570
  },
  {
    "id": "331158a3-943e-453d-b0a4-2267d6f8c640",
    "data": [
      {
        "text": "le tolexine peut il augmente la bilirubine+taux de prothombine dans le sang?",
        "userDefined": false
      }
    ],
    "isTemplate": false,
    "count": 0,
    "updated": 1522593570
  },
  {
    "id": "d413c3fb-f284-41ad-b704-c8604cd7470e",
    "data": [
      {
        "text": "Comment le monovax fonctionne ?",
        "userDefined": false
      }
    ],
    "isTemplate": false,
    "count": 0,
    "updated": 1522593570
  },
  {
    "id": "7bd61943-5b33-459d-a9d5-6d0294f5c27a",
    "data": [
      {
        "text": "bonjour, je prends du seropram depuis quelques jours et je serais soulagée si vous pouviez me dire quels sont les effets positifs que vous avez ressenti? j\u0027ai perdu ma joie de vivre et je voudrais la retrouver.. merci de vos témoignages",
        "userDefined": false
      }
    ],
    "isTemplate": false,
    "count": 0,
    "updated": 1522593570
  },
  {
    "id": "59ebc265-4ac7-4fd0-8945-9ec3acab8ec8",
    "data": [
      {
        "text": "je prends cycléane 20 et le fait qu\u0027elle soit moins dosée que mon ancienne pilule (adepal) me gene. je redoute sa moindre efficacité sur mon corps. Comment fonctionne t\u0027elle ?",
        "userDefined": false
      }
    ],
    "isTemplate": false,
    "count": 0,
    "updated": 1522593570
  },
  {
    "id": "b7001f5d-ed0f-4a94-8920-aaa1aab35af4",
    "data": [
      {
        "text": "je me demande si le deroxat n est pas plus efficace que le generique ?? c l impression que cela me fais",
        "userDefined": false
      }
    ],
    "isTemplate": false,
    "count": 0,
    "updated": 1522593570
  },
  {
    "id": "6c4787a6-d2cf-47b1-8815-5044cedfe233",
    "data": [
      {
        "text": "gelsenium 9ch ? Comment ça fonctionne ?",
        "userDefined": false
      }
    ],
    "isTemplate": false,
    "count": 0,
    "updated": 1522593570
  },
  {
    "id": "0ec87224-108f-4eec-9509-2ae2e8976538",
    "data": [
      {
        "text": "g pris 2 fois dans le mem cycle norlevo et jaimeré savoir dans combien de temps vont arrivé mé prochaine régle?",
        "userDefined": false
      }
    ],
    "isTemplate": false,
    "count": 0,
    "updated": 1522593570
  },
  {
    "id": "48cdea5c-3f0f-4107-b3ea-12e72a8d5cd4",
    "data": [
      {
        "text": "je suis sous trinordiol mais aux alentours du 14j de prise j\u0027ai des pertes blanches. je voulais savoir si il est donc possible d\u0027ovuler même en étant sous pilule?",
        "userDefined": false
      }
    ],
    "isTemplate": false,
    "count": 0,
    "updated": 1522593570
  },
  {
    "id": "1f438fb4-df1d-46bf-9620-559a1ca9a2c6",
    "data": [
      {
        "text": "je prend microval . il me semble que cette pilule ne bloque pas l\u0027ovulation. C\u0027est ça ?",
        "userDefined": false
      }
    ],
    "isTemplate": false,
    "count": 0,
    "updated": 1522593570
  },
  {
    "id": "a5d53b52-de52-47da-8ac1-6b6d05742cf0",
    "data": [
      {
        "text": "je vais prendre un avion pour un voyage, je dois prendre stilnox, comment agit -il?",
        "userDefined": false
      }
    ],
    "isTemplate": false,
    "count": 0,
    "updated": 1522593570
  },
  {
    "id": "dabf3bcf-97d7-437a-8de1-a438a9171852",
    "data": [
      {
        "text": "j\u0027ai commencé clomid ce matin, 1cp pendant 5jour a partir de j5, je voudrai savoir apres ces 5jours,en  combien de jours ovule t\u0027on?",
        "userDefined": false
      }
    ],
    "isTemplate": false,
    "count": 0,
    "updated": 1522593570
  },
  {
    "id": "2f631fd7-b017-4347-94f3-4259bb0277d7",
    "data": [
      {
        "text": "Quel est le mode d’action de l\u0027aspegic nourrisson dans le cadre d\u0027une grossesse ?",
        "userDefined": false
      }
    ],
    "isTemplate": false,
    "count": 0,
    "updated": 1522593570
  },
  {
    "id": "07bbfdfe-56bf-480b-a075-cd252e8ad141",
    "data": [
      {
        "text": "j\u0027ai recommencé cerazette mais mon médecin à décidé de me faire enchaîner avec jasmine. je l\u0027ai prise et j\u0027ai ensuite été prise de gros vomissements, le médecin m\u0027a dit d\u0027arrêter jasmine et de réesayer au prochain cycle. j\u0027ai de nouveau réessayer jasmine il y\u0027à quinze jours, mais à partir du 3ème jour j\u0027ai commencé à avoir nausées et vomissements qui ne se sont arrêtés qu\u0027à l\u0027interruption de ma pilule. j\u0027ai pas mal d\u0027acnée, une petite dépression et j\u0027ai perdu beaucoup de poids. est-ce qu\u0027avec cette pilule si elle me convient, je peut espérer reprendre les 4 kilos que j\u0027ai perdu et surtout retrouver ma poitrine et diminue mon acné qui me ruine la vie en ce moment??",
        "userDefined": false
      }
    ],
    "isTemplate": false,
    "count": 0,
    "updated": 1522593570
  },
  {
    "id": "e4e32df6-3ec6-4f42-aeea-f51c05b15089",
    "data": [
      {
        "text": "j\u0027aimerai savoir s\u0027y la pilule  protege pdt la periode de régles ou  s\u0027il faut utiliser un preservatif?",
        "userDefined": false
      }
    ],
    "isTemplate": false,
    "count": 0,
    "updated": 1522593570
  }
]