[
  {
    "id": "e8d94942-e53a-47c0-94a1-6c0008ab961b",
    "data": [
      {
        "text": "jasminelle est une nouvelle pilule?",
        "userDefined": false
      }
    ],
    "isTemplate": false,
    "count": 0,
    "updated": 1522593226
  },
  {
    "id": "0a8bc43e-41d8-410a-a10e-9a9439cc311b",
    "data": [
      {
        "text": "Je voudrais connaitre la date de commercialisation du vaccin contre la grippe  afin de pouvoir vacciner ma fille au plus tot ?",
        "userDefined": false
      }
    ],
    "isTemplate": false,
    "count": 0,
    "updated": 1522593226
  },
  {
    "id": "1bb15e31-2d23-4792-83da-588d9bd9d650",
    "data": [
      {
        "text": "Un pharmacien souhaite savoir depuis quand est commercialisé Tanakan ?",
        "userDefined": false
      }
    ],
    "isTemplate": false,
    "count": 0,
    "updated": 1522593226
  },
  {
    "id": "739229ef-e5c2-4acb-849f-171ef34bef30",
    "data": [
      {
        "text": "l\u0027influenzinum qui correspond à la grippe a h1n1 devrait être accessible à quel moment ?",
        "userDefined": false
      }
    ],
    "isTemplate": false,
    "count": 0,
    "updated": 1522593226
  },
  {
    "id": "c47d49c1-6b94-4299-9efe-3b59529a4a14",
    "data": [
      {
        "text": "Quelle est la date d\u0027AMM du Plegridy dans la sclérose en plaques?",
        "userDefined": false
      }
    ],
    "isTemplate": false,
    "count": 0,
    "updated": 1522593226
  },
  {
    "id": "3ba1c7b9-7ffe-4175-857d-9f81891d18c1",
    "data": [
      {
        "text": "Depuis quelle année est-ce que Crestor est commercialisé en France?",
        "userDefined": false
      }
    ],
    "isTemplate": false,
    "count": 0,
    "updated": 1522593226
  },
  {
    "id": "0d311ff1-4b0d-4fb5-b882-82069d87ae04",
    "data": [
      {
        "text": "Avons-nous un recul suffisant de l\u0027utilisation de l\u0027Aubagio en France? Depuis quand est-il disponible?",
        "userDefined": false
      }
    ],
    "isTemplate": false,
    "count": 0,
    "updated": 1522593226
  },
  {
    "id": "099b9637-eb37-4340-85c1-384ba5b38b4f",
    "data": [
      {
        "text": "Quand est-ce que Copaxone 40mg sera disponible en France? J\u0027ai vu qu\u0027il était déjà commercialisé en Belgique.",
        "userDefined": false
      }
    ],
    "isTemplate": false,
    "count": 0,
    "updated": 1522593226
  },
  {
    "id": "3ef474e0-e31c-4e62-8cc6-31223dde54fb",
    "data": [
      {
        "text": "surgestone : depuis quand ça existe ..?",
        "userDefined": false
      }
    ],
    "isTemplate": false,
    "count": 0,
    "updated": 1522593226
  },
  {
    "id": "b4769ba0-f714-44fc-859d-19d0f15ed83f",
    "data": [
      {
        "text": "quand est ce que ziprasidone va refaire son apparition en france?",
        "userDefined": false
      }
    ],
    "isTemplate": false,
    "count": 0,
    "updated": 1522593226
  },
  {
    "id": "8442e5ac-a46e-4c63-8cd4-c88000f6cb19",
    "data": [
      {
        "text": "Quand est-ce que Rhinocort a été accepté en France?",
        "userDefined": false
      }
    ],
    "isTemplate": false,
    "count": 0,
    "updated": 1522593226
  },
  {
    "id": "dad9de85-2f0f-4b85-bdc9-dc59510f4784",
    "data": [
      {
        "text": "minesse : nouvelle pilule ?",
        "userDefined": false
      }
    ],
    "isTemplate": false,
    "count": 0,
    "updated": 1522593226
  },
  {
    "id": "5809317e-f5e8-4fb8-8ae2-0fab5ae4988d",
    "data": [
      {
        "text": "Est-ce que Valdonxan est un antidépresseur récent ?",
        "userDefined": false
      }
    ],
    "isTemplate": false,
    "count": 0,
    "updated": 1522593226
  },
  {
    "id": "f164a362-4d48-4ca1-a4fb-b3dfaecfd4a2",
    "data": [
      {
        "text": "Depuis quand trouve-t-on Kardegic en France?",
        "userDefined": false
      }
    ],
    "isTemplate": false,
    "count": 0,
    "updated": 1522593226
  },
  {
    "id": "1cfcc997-44bf-4db9-a426-7f79167c85f6",
    "data": [
      {
        "text": "ancienneté traitement (arimidex) ?",
        "userDefined": false
      }
    ],
    "isTemplate": false,
    "count": 0,
    "updated": 1522593226
  },
  {
    "id": "8e5fe759-a41a-47c1-9f34-e534b62a6720",
    "data": [
      {
        "text": "verrulia ? Depuis quand ça existe ?",
        "userDefined": false
      }
    ],
    "isTemplate": false,
    "count": 0,
    "updated": 1522593226
  },
  {
    "id": "ebf83b07-e721-4b6f-9379-a9cdea446fb5",
    "data": [
      {
        "text": "alodont autorisé?",
        "userDefined": false
      }
    ],
    "isTemplate": false,
    "count": 0,
    "updated": 1522593226
  },
  {
    "id": "3e2458da-e13b-4b39-b08d-6440071c292b",
    "data": [
      {
        "text": "date de commercialisation du vaccin contre la grippe?",
        "userDefined": false
      }
    ],
    "isTemplate": false,
    "count": 0,
    "updated": 1522593226
  },
  {
    "id": "c8e93eae-2fd9-46e3-adb3-bb5d17e807cc",
    "data": [
      {
        "text": "Une pharmacienne souhaite connaître la date de lancement de la spécialité Prégabaline Biogaran",
        "userDefined": false
      }
    ],
    "isTemplate": false,
    "count": 0,
    "updated": 1522593226
  },
  {
    "id": "2086805e-103e-4982-a5cb-b3d0fb372bc6",
    "data": [
      {
        "text": "mise sur le marché néoral",
        "userDefined": false
      }
    ],
    "isTemplate": false,
    "count": 0,
    "updated": 1522593226
  },
  {
    "id": "f476b922-78ef-4e22-aeaa-2f488fbaef3c",
    "data": [
      {
        "text": "abilify / traitement nouveau?",
        "userDefined": false
      }
    ],
    "isTemplate": false,
    "count": 0,
    "updated": 1522593226
  },
  {
    "id": "1f452228-dce6-4701-972d-42203d2ccbe4",
    "data": [
      {
        "text": "mon fils fait rhino et rhume sur rhume. son pédiatre m\u0027a conseillé le vaccin oral. est-ce que ça fait longtemps que ça existe ?",
        "userDefined": false
      }
    ],
    "isTemplate": false,
    "count": 0,
    "updated": 1522593226
  },
  {
    "id": "d4ce8554-52d0-41dc-bf83-0cf6f5311c1b",
    "data": [
      {
        "text": "C\u0027est depuis quand que le doliprane est vendu en pharmacie?",
        "userDefined": false
      }
    ],
    "isTemplate": false,
    "count": 0,
    "updated": 1522593226
  }
]