[
  {
    "id": "77ffa88d-e135-4ced-892f-a95671c28e21",
    "data": [
      {
        "text": "Clomid est il risqué en cas de fibrome ?",
        "userDefined": false
      }
    ],
    "isTemplate": false,
    "count": 0,
    "updated": 1522593226
  },
  {
    "id": "8207f549-6d16-475f-9470-473e16242f01",
    "data": [
      {
        "text": "je dois prendre solupred ( cortisone) pour un kyste dans le poignet mais le docteur a bien dit : \"pas de sel et ni de sucre\" le moins possible. pourquoi cela ?",
        "userDefined": false
      }
    ],
    "isTemplate": false,
    "count": 0,
    "updated": 1522593226
  },
  {
    "id": "6ec31cd9-0234-4a3d-abb4-f1fafa822f3f",
    "data": [
      {
        "text": "rispéridone chez l\u0027adulte hyperactif?",
        "userDefined": false
      }
    ],
    "isTemplate": false,
    "count": 0,
    "updated": 1522593226
  },
  {
    "id": "169b93dc-ca57-4a8d-b7c1-fb1ebf2ff515",
    "data": [
      {
        "text": "diane 35 chez un patient avec antécédent d\u0027embolie pulmonaire?",
        "userDefined": false
      }
    ],
    "isTemplate": false,
    "count": 0,
    "updated": 1522593226
  },
  {
    "id": "0fe2da94-4613-4c66-a961-aedc08a85ff5",
    "data": [
      {
        "text": "mucoviscidose et vaccins ??",
        "userDefined": false
      }
    ],
    "isTemplate": false,
    "count": 0,
    "updated": 1522593226
  },
  {
    "id": "7bc40c60-028f-40cc-a811-e529e451d6b1",
    "data": [
      {
        "text": "ma petite soeur a fait une embolie pulmonaire et se demande si elle pourrait utiliser nuvaring ?",
        "userDefined": false
      }
    ],
    "isTemplate": false,
    "count": 0,
    "updated": 1522593226
  },
  {
    "id": "a07db222-2623-4b53-8953-8f7bc0dc4046",
    "data": [
      {
        "text": "patch evra chez patient avec émétophobie ?",
        "userDefined": false
      }
    ],
    "isTemplate": false,
    "count": 0,
    "updated": 1522593226
  },
  {
    "id": "9e4d86ff-d723-4b61-8e73-4495b295ab27",
    "data": [
      {
        "text": "y-a-t-il une contre-indication à prendre stablon sachant que j\u0027ai pris de l\u0027effexor il y a 15 jours?",
        "userDefined": false
      }
    ],
    "isTemplate": false,
    "count": 0,
    "updated": 1522593226
  },
  {
    "id": "ab29f21e-7f1b-4a2c-ae7e-e86d4c776821",
    "data": [
      {
        "text": "efféralgant ? est-ce dangereux si insuffisance hépatique ?",
        "userDefined": false
      }
    ],
    "isTemplate": false,
    "count": 0,
    "updated": 1522593226
  },
  {
    "id": "ebca5c9b-b1f2-4654-9c60-3743f13e3c85",
    "data": [
      {
        "text": "paroxetine 20 mg et asthme?",
        "userDefined": false
      }
    ],
    "isTemplate": false,
    "count": 0,
    "updated": 1522593226
  },
  {
    "id": "4987cac0-b6e9-43bd-8c11-7597b82de1bc",
    "data": [
      {
        "text": "je prends des antibio pendant 5 jours et que je dois subir une petite intervention dentaire avec anesthesie locale .y a t il contre indication ?",
        "userDefined": false
      }
    ],
    "isTemplate": false,
    "count": 0,
    "updated": 1522593226
  },
  {
    "id": "0962c55a-948e-4e8b-8d4e-c3c98d068b34",
    "data": [
      {
        "text": "crohn et tamiflu?",
        "userDefined": false
      }
    ],
    "isTemplate": false,
    "count": 0,
    "updated": 1522593226
  },
  {
    "id": "6b6202a1-e6f3-46e0-803b-9aafa8f6e16a",
    "data": [
      {
        "text": "prise de pilule cerazette en ayant migraines ?",
        "userDefined": false
      }
    ],
    "isTemplate": false,
    "count": 0,
    "updated": 1522593226
  },
  {
    "id": "abc28e3a-2cab-4fec-97f1-9eecc916e1f8",
    "data": [
      {
        "text": "pourquoi alcool + antidépresseur \u003d toxique?",
        "userDefined": false
      }
    ],
    "isTemplate": false,
    "count": 0,
    "updated": 1522593226
  },
  {
    "id": "cbc8bd52-9661-403b-833c-2bbfc3dba691",
    "data": [
      {
        "text": "Quelles sont les précautions d\u0027emploi de la Norfloxacine ?",
        "userDefined": false
      }
    ],
    "isTemplate": false,
    "count": 0,
    "updated": 1522593226
  },
  {
    "id": "8187ab4c-e615-453d-a162-cd57212bbf7f",
    "data": [
      {
        "text": "Précautions d\u0027emploi Otezla ?",
        "userDefined": false
      }
    ],
    "isTemplate": false,
    "count": 0,
    "updated": 1522593226
  },
  {
    "id": "1179e954-5bbf-4d61-a477-dbc78a10cd28",
    "data": [
      {
        "text": "est ce que ixel est compatible avec le  trouble bipolaire?",
        "userDefined": false
      }
    ],
    "isTemplate": false,
    "count": 0,
    "updated": 1522593226
  },
  {
    "id": "7e667dbe-2b0f-462a-854c-301c526c0dc7",
    "data": [
      {
        "text": "je prends la pillule jasmine et je voulais savoir si y\u0027avait des risques qu\u0027elle ne fasse pas effet en cas de gastro entérite?",
        "userDefined": false
      }
    ],
    "isTemplate": false,
    "count": 0,
    "updated": 1522593226
  },
  {
    "id": "a20ae787-fd02-4cb9-b333-ac072077977f",
    "data": [
      {
        "text": "Il y a 7 ans, j\u0027ai une maladie auto-immune qui fait que les anticorps s\u0027attaquent aux plaquettes dans le sang.  j\u0027ai été \"soigné\" par perfusion, le problème ne s\u0027est plus manifesté depuis 6 ans et demi. puis-je désormais me faire vacciner sans problème ?",
        "userDefined": false
      }
    ],
    "isTemplate": false,
    "count": 0,
    "updated": 1522593226
  },
  {
    "id": "14e771ee-aea7-4c7e-bd45-a55bdc1db8af",
    "data": [
      {
        "text": "y a t il des contre indication au lycopodium ?",
        "userDefined": false
      }
    ],
    "isTemplate": false,
    "count": 0,
    "updated": 1522593226
  },
  {
    "id": "1403c5f5-95f1-4957-bd98-f9990435152d",
    "data": [
      {
        "text": "si on est allergique au bactrim , est ce qu\u0027on peut prendre oflocet?",
        "userDefined": false
      }
    ],
    "isTemplate": false,
    "count": 0,
    "updated": 1522593226
  },
  {
    "id": "6be773df-fe44-4992-8103-e857d0af6790",
    "data": [
      {
        "text": "Peut-on délivrer des gouttes à un patient en cas de légère douleur à l’oreille ?",
        "userDefined": false
      }
    ],
    "isTemplate": false,
    "count": 0,
    "updated": 1522593226
  },
  {
    "id": "fe139fbc-b5f3-4c51-8bd7-ce661735410e",
    "data": [
      {
        "text": "Quelles sont les mesures de précautions nécessaires sous Clozapine par rapport au risque d\u0027agranulocytose?",
        "userDefined": false
      }
    ],
    "isTemplate": false,
    "count": 0,
    "updated": 1522593226
  },
  {
    "id": "528f18a4-4c03-472c-921f-41ef1ae7f563",
    "data": [
      {
        "text": "dostinex et hypertension artérielle ?",
        "userDefined": false
      }
    ],
    "isTemplate": false,
    "count": 0,
    "updated": 1522593226
  },
  {
    "id": "972d1889-cf1d-4b91-b10b-ecdeab243cf7",
    "data": [
      {
        "text": "seropram chez asthmatique ?",
        "userDefined": false
      }
    ],
    "isTemplate": false,
    "count": 0,
    "updated": 1522593226
  },
  {
    "id": "321a3eec-1da9-4c72-b40b-33bd97b2c415",
    "data": [
      {
        "text": "lutéran 10 chez femme ménopausée ?",
        "userDefined": false
      }
    ],
    "isTemplate": false,
    "count": 0,
    "updated": 1522593226
  },
  {
    "id": "d0bf3572-7096-49a9-ab97-4b5b772f9025",
    "data": [
      {
        "text": "clomid et fibrome?",
        "userDefined": false
      }
    ],
    "isTemplate": false,
    "count": 0,
    "updated": 1522593226
  },
  {
    "id": "0c27c19b-4e08-4969-8db2-6726918206ef",
    "data": [
      {
        "text": "messieurs, qui êtes sous traitement humira , votre épouse, compagne, s\u0027est elle retrouvée enceinte pendant que vous prenez ce même traitement, comment cela se passe t-il ?",
        "userDefined": false
      }
    ],
    "isTemplate": false,
    "count": 0,
    "updated": 1522593226
  },
  {
    "id": "fae4719a-89d0-4979-a8e3-ab162e51f7f9",
    "data": [
      {
        "text": "Puis-je conduire sous temesta ?",
        "userDefined": false
      }
    ],
    "isTemplate": false,
    "count": 0,
    "updated": 1522593226
  },
  {
    "id": "c95a865b-b998-463f-87f2-a45a8fc61682",
    "data": [
      {
        "text": "dans quel cas le fervex est il contre indiqué?",
        "userDefined": false
      }
    ],
    "isTemplate": false,
    "count": 0,
    "updated": 1522593226
  },
  {
    "id": "db30fb10-084e-4b4d-b5eb-8a926a1f3cb9",
    "data": [
      {
        "text": "Le chondroflex est-il déconseillé avec le diabète ?",
        "userDefined": false
      }
    ],
    "isTemplate": false,
    "count": 0,
    "updated": 1522593226
  },
  {
    "id": "f1a7343f-1785-4255-8e19-61e0610b00bb",
    "data": [
      {
        "text": "est-ce que les diabétique peuvent prendre du sirop sucré ?",
        "userDefined": false
      }
    ],
    "isTemplate": false,
    "count": 0,
    "updated": 1522593226
  },
  {
    "id": "26c8abe0-460c-4ee7-992f-b1c25c3a28ce",
    "data": [
      {
        "text": "Je souffre de mastose, quelle pilule pourra me convenir?",
        "userDefined": false
      }
    ],
    "isTemplate": false,
    "count": 0,
    "updated": 1522593226
  },
  {
    "id": "090ed4da-c2a7-43d8-b314-e16cb2c2da96",
    "data": [
      {
        "text": "nuvaring et diabete ?",
        "userDefined": false
      }
    ],
    "isTemplate": false,
    "count": 0,
    "updated": 1522593226
  },
  {
    "id": "b57c1e97-7f94-45e6-8617-f492961e2200",
    "data": [
      {
        "text": "je vais bientot faire mon premier vaccin gardasil.  je voudrais savoir au bout de combien de temps je pourrai avoir des rapports sexuels ?",
        "userDefined": false
      }
    ],
    "isTemplate": false,
    "count": 0,
    "updated": 1522593226
  },
  {
    "id": "13050473-7bb7-4999-86b0-29015a39ed4f",
    "data": [
      {
        "text": "Norelevo chez insuffisant cardiaque ?",
        "userDefined": false
      }
    ],
    "isTemplate": false,
    "count": 0,
    "updated": 1522593226
  },
  {
    "id": "758838eb-4e33-45c6-bf8d-f971b8bcf352",
    "data": [
      {
        "text": "qui connait elevit ?? Ok chez insuffisant rénal ?",
        "userDefined": false
      }
    ],
    "isTemplate": false,
    "count": 0,
    "updated": 1522593226
  },
  {
    "id": "59767e3e-c21d-42a7-b8b6-2f6dcf5e50c0",
    "data": [
      {
        "text": "Est-ce vrai que le dispositif intra-utérin au cuivre n\u0027est pas conseillé aux femmes ayant des règles douloureuses et/ou abondantes ?",
        "userDefined": false
      }
    ],
    "isTemplate": false,
    "count": 0,
    "updated": 1522593226
  },
  {
    "id": "cbad8ac4-0528-4106-bd95-d70389e68b8d",
    "data": [
      {
        "text": "Peut on prendre cortrancyl (cortizone) apres fausse couche ?",
        "userDefined": false
      }
    ],
    "isTemplate": false,
    "count": 0,
    "updated": 1522593226
  },
  {
    "id": "d39c1593-f8b7-4dc2-b263-936ea9e6dd93",
    "data": [
      {
        "text": "aerius? On peut conduire ?",
        "userDefined": false
      }
    ],
    "isTemplate": false,
    "count": 0,
    "updated": 1522593226
  },
  {
    "id": "bb025604-94f6-4aa6-a1fd-6aa94fd3fa66",
    "data": [
      {
        "text": "Est-ce que l’arkocéan est déconseillé avec les troubles de la thyroïde ?",
        "userDefined": false
      }
    ],
    "isTemplate": false,
    "count": 0,
    "updated": 1522593226
  },
  {
    "id": "7189a5bc-18a0-45e6-b79e-459a3eda1a19",
    "data": [
      {
        "text": "On peut conduire avec escitalopram ?",
        "userDefined": false
      }
    ],
    "isTemplate": false,
    "count": 0,
    "updated": 1522593226
  },
  {
    "id": "67a58324-9927-430d-b01a-3e43175efaaa",
    "data": [
      {
        "text": "levothyrox et diabète ?",
        "userDefined": false
      }
    ],
    "isTemplate": false,
    "count": 0,
    "updated": 1522593226
  },
  {
    "id": "15a8e564-a640-4cc1-8871-cce9b77630f3",
    "data": [
      {
        "text": "il y aurait peut-être une contre indication du vaccin contre l\u0027hépatite a pour les gens qui ont une chance de faire de l\u0027alzheimer ?",
        "userDefined": false
      }
    ],
    "isTemplate": false,
    "count": 0,
    "updated": 1522593226
  },
  {
    "id": "b24e8f52-3c75-4f60-8410-41ebc6dd81bf",
    "data": [
      {
        "text": "existe t\u0027il des contre-indications à la spiruline Flamant vert?",
        "userDefined": false
      }
    ],
    "isTemplate": false,
    "count": 0,
    "updated": 1522593226
  },
  {
    "id": "626d2888-22cc-4771-84ea-d75a565a07d9",
    "data": [
      {
        "text": "sous anti-coagulants  (calciparine) depuis plusieurs années. je dois me faire opérer de la cataracte dans quelques jours, faut -il arreter le traitement?",
        "userDefined": false
      }
    ],
    "isTemplate": false,
    "count": 0,
    "updated": 1522593226
  },
  {
    "id": "2e2d5b41-1b1d-40a3-a5da-2c23dff0e077",
    "data": [
      {
        "text": "jaydess si patient SEP ?",
        "userDefined": false
      }
    ],
    "isTemplate": false,
    "count": 0,
    "updated": 1522593226
  },
  {
    "id": "0671fc54-21d4-4acb-865f-b731289a5237",
    "data": [
      {
        "text": "diane et HTA ?",
        "userDefined": false
      }
    ],
    "isTemplate": false,
    "count": 0,
    "updated": 1522593226
  },
  {
    "id": "3bdeefdd-9705-4cc6-a559-24042fc1cc48",
    "data": [
      {
        "text": "peux t-on injecter du syntocinon a une personne qui fait une hemoragie ?",
        "userDefined": false
      }
    ],
    "isTemplate": false,
    "count": 1,
    "updated": 1522593226
  },
  {
    "id": "917e8e1d-821c-49e8-8eac-636d863dce64",
    "data": [
      {
        "text": "je suis allergique au curare (mivacron), y a t-il un risque si je prends morphine?",
        "userDefined": false
      }
    ],
    "isTemplate": false,
    "count": 0,
    "updated": 1522593226
  },
  {
    "id": "41683f16-4d65-4e2c-bc9a-0a265586d13b",
    "data": [
      {
        "text": "j\u0027ai commencé mélodia.  j\u0027ai été sujette plusieurs fois a des crises d\u0027ashme et des bronchite asthmatique, ya t-il une contre indication?",
        "userDefined": false
      }
    ],
    "isTemplate": false,
    "count": 0,
    "updated": 1522593226
  },
  {
    "id": "6f06c36b-7898-48e0-8944-7105b226a940",
    "data": [
      {
        "text": "quelqu\u0027un pourrait m\u0027informer des risques de vacciner un enfant au priorix alors qu\u0027il est allergique a l\u0027oeuf ?",
        "userDefined": false
      }
    ],
    "isTemplate": false,
    "count": 0,
    "updated": 1522593226
  },
  {
    "id": "e731a1a4-06ac-40cc-9434-625efb4616c0",
    "data": [
      {
        "text": "asthme et xanax ?",
        "userDefined": false
      }
    ],
    "isTemplate": false,
    "count": 0,
    "updated": 1522593226
  },
  {
    "id": "31a746d3-c4dc-4a02-af21-3cf7b24c9f27",
    "data": [
      {
        "text": "Quelles sont les contre indications du birodogyl?",
        "userDefined": false
      }
    ],
    "isTemplate": false,
    "count": 0,
    "updated": 1522593226
  },
  {
    "id": "4d5f79fd-18d6-493e-9f28-83d7cef631b5",
    "data": [
      {
        "text": "orlistat: quelles sont ses contre-indications?",
        "userDefined": false
      }
    ],
    "isTemplate": false,
    "count": 0,
    "updated": 1522593226
  },
  {
    "id": "70d580a4-f150-458a-abaa-5c32bfd415fd",
    "data": [
      {
        "text": "je voudrais faire une cure de ginseng rouge, j\u0027ai lu que cela pouvait être contre-indiqué pour une personne sous anticoagulant. je prends actuellement du plavix 75mg a quel genre de problème je risque de m\u0027exposer ?",
        "userDefined": false
      }
    ],
    "isTemplate": false,
    "count": 0,
    "updated": 1522593226
  },
  {
    "id": "cce0d65f-a096-48b2-adf8-9f6821e24c0c",
    "data": [
      {
        "text": "Pourquoi le sinuspax ne doit pas être utilisé en cas de sinusite sans avis médical ?",
        "userDefined": false
      }
    ],
    "isTemplate": false,
    "count": 0,
    "updated": 1522593226
  },
  {
    "id": "ea62115c-d795-4dd6-8f2f-c4732338caf3",
    "data": [
      {
        "text": "liste des contre-indications du deroxat",
        "userDefined": false
      }
    ],
    "isTemplate": false,
    "count": 0,
    "updated": 1522593226
  },
  {
    "id": "3868106d-3c97-483d-bbee-b8adc4918157",
    "data": [
      {
        "text": "Est-il possible d\u0027allaiter sous Aubagio?",
        "userDefined": false
      }
    ],
    "isTemplate": false,
    "count": 0,
    "updated": 1522593226
  },
  {
    "id": "fa35d1c0-2cee-4f06-b3b0-3f5c5b32eb93",
    "data": [
      {
        "text": "quels sont les précautions à prendre avec harpagopytum tm ?",
        "userDefined": false
      }
    ],
    "isTemplate": false,
    "count": 0,
    "updated": 1522593226
  },
  {
    "id": "244bca2e-f050-4ad3-8e90-c530933fd823",
    "data": [
      {
        "text": "j\u0027ai entendu dire que la vitamine c fatiguait le foie. qu\u0027en pense le prof petzouille?  et si oui, pourquoi est-elle conseillée en cas de mononucléose (mon cas), maladie qui, je crois, a souvent une incidence pas terrible sur le foie?  j\u0027aimerai vraiment avoir vos avis et connaissances à ce sujet, ça urge car je n\u0027arrive pas à me rétablir (j\u0027en suis à 2g/jour de vit c et j\u0027ose pas augmenter la dose",
        "userDefined": false
      }
    ],
    "isTemplate": false,
    "count": 0,
    "updated": 1522593226
  },
  {
    "id": "6bdb716f-c8e4-4bcf-bb05-0e8c82045475",
    "data": [
      {
        "text": "Y a-t-il des contres indications à la cure de spiruline ?",
        "userDefined": false
      }
    ],
    "isTemplate": false,
    "count": 0,
    "updated": 1522593226
  },
  {
    "id": "2b8b420c-09c0-41d8-8d75-28934642ce42",
    "data": [
      {
        "text": "Précaution d\u0027utilisation de Zelitrex ?",
        "userDefined": false
      }
    ],
    "isTemplate": false,
    "count": 0,
    "updated": 1522593226
  },
  {
    "id": "5edf556e-2743-4aa9-ade5-de90d075c140",
    "data": [
      {
        "text": "est ce qu\u0027on peut prendre du bi profenid pendant les regles ?",
        "userDefined": false
      }
    ],
    "isTemplate": false,
    "count": 0,
    "updated": 1522593226
  },
  {
    "id": "d04bf991-3403-4f05-80ae-16eef5d81568",
    "data": [
      {
        "text": "differin a 3 semaines de grossesse  contre-indiqué?",
        "userDefined": false
      }
    ],
    "isTemplate": false,
    "count": 0,
    "updated": 1522593226
  },
  {
    "id": "945350fc-87a7-40f4-abd8-59527fcc5083",
    "data": [
      {
        "text": "precautions d\u0027emploi liées au remeron",
        "userDefined": false
      }
    ],
    "isTemplate": false,
    "count": 0,
    "updated": 1522593226
  },
  {
    "id": "4b66e454-5362-4e52-9cdd-c26e1687f9a4",
    "data": [
      {
        "text": "contre-indications de speciafoldine?",
        "userDefined": false
      }
    ],
    "isTemplate": false,
    "count": 0,
    "updated": 1522593226
  },
  {
    "id": "8f7e7242-6b9f-43f1-959d-dc2aa84e544f",
    "data": [
      {
        "text": "j\u0027ai entendu dire que la vitamine a est mauvaise surtout en plein été (il y a déjà du soleil) voire dangeureuse, or, dans tous les compléments vitaminiques de grossesse il y en a, qu\u0027en pensez vous ?",
        "userDefined": false
      }
    ],
    "isTemplate": false,
    "count": 0,
    "updated": 1522593226
  },
  {
    "id": "e3fea758-7acb-4f88-a3aa-5514890f1780",
    "data": [
      {
        "text": "Le Laroxyl peut-il poser problème pour la conduite et l\u0027utilisation de machines?",
        "userDefined": false
      }
    ],
    "isTemplate": false,
    "count": 0,
    "updated": 1522593226
  },
  {
    "id": "06e9d018-3455-4319-a772-025656f28afc",
    "data": [
      {
        "text": "est ce que dostinex est dangereux aux personnes avec hypertension et symptome pre eclampsie?",
        "userDefined": false
      }
    ],
    "isTemplate": false,
    "count": 0,
    "updated": 1522593226
  },
  {
    "id": "821a30f0-581d-4270-ad6e-a1324a570729",
    "data": [
      {
        "text": "vaccin anti-grippale pour les cardiaques?",
        "userDefined": false
      }
    ],
    "isTemplate": false,
    "count": 0,
    "updated": 1522593226
  },
  {
    "id": "1abce40e-6765-45a8-9df5-47cfcf247e26",
    "data": [
      {
        "text": "Le millepertuis est il contre indiqué chez la personne cardiaque ?",
        "userDefined": false
      }
    ],
    "isTemplate": false,
    "count": 0,
    "updated": 1522593226
  },
  {
    "id": "6d1dcfc9-e4aa-4869-9989-2975903f3064",
    "data": [
      {
        "text": "stérilet cuivre \u0026 hypertension ?",
        "userDefined": false
      }
    ],
    "isTemplate": false,
    "count": 0,
    "updated": 1522593226
  },
  {
    "id": "6ef5532a-ef71-4d3c-b41b-b9400990b72a",
    "data": [
      {
        "text": "Le Rivotril peut-il être utilisé chez un patient myasthénique?",
        "userDefined": false
      }
    ],
    "isTemplate": false,
    "count": 0,
    "updated": 1522593226
  },
  {
    "id": "20da4f13-1b9f-4b3b-a96b-56c895b60773",
    "data": [
      {
        "text": "je suis en dépression depuis 2 mois et mon médecin m\u0027a prescrit du témozépam 30mg pour dormir et on m\u0027a dit que c\u0027était pas recommandable pour les personnes en dépression, est-ce vrai ?",
        "userDefined": false
      }
    ],
    "isTemplate": false,
    "count": 0,
    "updated": 1522593226
  },
  {
    "id": "de743bc1-67b9-4f2b-86d9-5c982c1abc89",
    "data": [
      {
        "text": "Peut-on prescrire un anti-inflammatoire chez un patient avec un lupus?",
        "userDefined": false
      }
    ],
    "isTemplate": false,
    "count": 0,
    "updated": 1522593226
  },
  {
    "id": "0f0e2d58-b3ef-486b-af7d-6c3e32bd9448",
    "data": [
      {
        "text": "Asthme peut on utiliser le xanax normalement ?",
        "userDefined": false
      }
    ],
    "isTemplate": false,
    "count": 0,
    "updated": 1522593226
  },
  {
    "id": "f5b9f1c4-3349-4649-8a68-0529ac8187d6",
    "data": [
      {
        "text": "dans la notice (iomeron) il est marqué qu\u0027il est déconseillé au personnes souffrant de maladie cardio-vasculaires ( donc hypertension et avc) de s\u0027injecter ce produit car il y\u0027a risque d\u0027arret cardiaque mais le médecin a dit de ne pas croire à tout ce qui est marqué. a qui faire confiance ?",
        "userDefined": false
      }
    ],
    "isTemplate": false,
    "count": 0,
    "updated": 1522593226
  },
  {
    "id": "2a00263a-adc3-49ad-b565-87de0d7d1e44",
    "data": [
      {
        "text": "le futur papa prend du deroxat : risque pour bébé ?",
        "userDefined": false
      }
    ],
    "isTemplate": false,
    "count": 0,
    "updated": 1522593226
  },
  {
    "id": "59007fa2-cd71-4e92-8bbb-61f788085668",
    "data": [
      {
        "text": "Peut on conduire avec rivotril ?",
        "userDefined": false
      }
    ],
    "isTemplate": false,
    "count": 0,
    "updated": 1522593226
  },
  {
    "id": "ff41e406-e36b-48fa-9cc5-4f218345d7ed",
    "data": [
      {
        "text": "Quelles sont les précautions d\u0027emploi de la Dépakine ?",
        "userDefined": false
      }
    ],
    "isTemplate": false,
    "count": 0,
    "updated": 1522593226
  },
  {
    "id": "2edbcab7-f249-4f6a-aa4e-fc79d0622f27",
    "data": [
      {
        "text": "migraines chroniques et efféralgant ? est-ce dangereux si foie fragile",
        "userDefined": false
      }
    ],
    "isTemplate": false,
    "count": 0,
    "updated": 1522593226
  },
  {
    "id": "b17ee172-45c7-4e62-adb7-c6f95adff907",
    "data": [
      {
        "text": "est-on obligé de prendre la pilule contraceptive quand on est sous roaccutane ?",
        "userDefined": false
      }
    ],
    "isTemplate": false,
    "count": 0,
    "updated": 1522593226
  },
  {
    "id": "32376744-f203-4dd7-a3a2-2f7f744eb2f9",
    "data": [
      {
        "text": "j\u0027ai commencé effexor il y a un mois et j\u0027ai aussi commencé une infection. j\u0027ai eu les ganglions enflés, fièvre, expectoration, toux et fatigue extrême. et est-ce que je devrais arrêter le médicament le temps de guérir cette infection?",
        "userDefined": false
      }
    ],
    "isTemplate": false,
    "count": 0,
    "updated": 1522593226
  },
  {
    "id": "0063517a-bde2-469d-8575-289a3a0d7342",
    "data": [
      {
        "text": "suveal et asthme ?",
        "userDefined": false
      }
    ],
    "isTemplate": false,
    "count": 0,
    "updated": 1522593226
  },
  {
    "id": "fdd5b384-5b46-4fe8-9cdc-138ce1525549",
    "data": [
      {
        "text": "parkinson et solupred?",
        "userDefined": false
      }
    ],
    "isTemplate": false,
    "count": 0,
    "updated": 1522593226
  },
  {
    "id": "5f0963a5-c7e1-4880-b060-d9bd105383b0",
    "data": [
      {
        "text": "melodia et hypercholestérolémie ?",
        "userDefined": false
      }
    ],
    "isTemplate": false,
    "count": 0,
    "updated": 1522593226
  },
  {
    "id": "42d4d33c-e557-415b-a84f-ed1ecc066576",
    "data": [
      {
        "text": "esperal chez asthmatique ??",
        "userDefined": false
      }
    ],
    "isTemplate": false,
    "count": 0,
    "updated": 1522593226
  },
  {
    "id": "e975ac6f-5902-4d66-8504-1e308e9fbc6e",
    "data": [
      {
        "text": "Comment faire un vaccin en cas de purpura thrombotique ?",
        "userDefined": false
      }
    ],
    "isTemplate": false,
    "count": 0,
    "updated": 1522593226
  },
  {
    "id": "03f10809-39ca-492e-ae33-eca08d44dbc7",
    "data": [
      {
        "text": "le selegiline est il contre indiqué chez les personnes schyzophrenes ?",
        "userDefined": false
      }
    ],
    "isTemplate": false,
    "count": 0,
    "updated": 1522593226
  }
]