[
  {
    "id": "3e73fdeb-c69d-459a-a239-bf3cccc20daa",
    "data": [
      {
        "text": "ephedrine ?? Remboursée ?",
        "userDefined": false
      }
    ],
    "isTemplate": false,
    "count": 0,
    "updated": 1522593226
  },
  {
    "id": "083e874f-044b-4ca1-942b-4019f0a44cd9",
    "data": [
      {
        "text": "exomuc déremboursé ?",
        "userDefined": false
      }
    ],
    "isTemplate": false,
    "count": 3,
    "updated": 1522593226
  },
  {
    "id": "80679bfc-37a5-4748-92f9-5063a1fd4a8b",
    "data": [
      {
        "text": "Temesta est-il remboursé ?",
        "userDefined": false
      }
    ],
    "isTemplate": false,
    "count": 0,
    "updated": 1522593226
  },
  {
    "id": "974853b5-d681-42c2-a186-837de4f8d7fb",
    "data": [
      {
        "text": "Est-ce que la  mélatonine est remboursable?",
        "userDefined": false
      }
    ],
    "isTemplate": false,
    "count": 0,
    "updated": 1522593226
  },
  {
    "id": "1febd822-4f9f-4276-a142-82ce51f40e49",
    "data": [
      {
        "text": "mirena remboursée ?",
        "userDefined": false
      }
    ],
    "isTemplate": false,
    "count": 0,
    "updated": 1522593226
  },
  {
    "id": "031cc97b-447b-4b00-91c9-98ec6587a9e1",
    "data": [
      {
        "text": ")Sur les feuillets d\u0027art 115, est ce que les dépassements (par exemple bas de contentions) sont pris en charge ou à la charge du patient ?",
        "userDefined": false
      }
    ],
    "isTemplate": false,
    "count": 0,
    "updated": 1522593226
  },
  {
    "id": "fb065991-e1f1-4433-a6e9-dff2dac1b2c3",
    "data": [
      {
        "text": "je viens de lire en parcourant les infos sur le stérilet cuivre que \"le spotof\" pouvait diminuer les siagnements entre les règles.. est il remboursé ?",
        "userDefined": false
      }
    ],
    "isTemplate": false,
    "count": 0,
    "updated": 1522593226
  },
  {
    "id": "264448db-2663-4ba7-8ae3-f02f2896719e",
    "data": [
      {
        "text": "guronsan? Remboursé ?",
        "userDefined": false
      }
    ],
    "isTemplate": false,
    "count": 0,
    "updated": 1522593226
  },
  {
    "id": "ce4b8070-1ad3-409a-8f25-9cc6456c2884",
    "data": [
      {
        "text": "remboursement de la pilule diane par la sécu?",
        "userDefined": false
      }
    ],
    "isTemplate": false,
    "count": 0,
    "updated": 1522593226
  },
  {
    "id": "65e7a3bf-65de-444a-8005-802bb0abc874",
    "data": [
      {
        "text": "primperan?? Pris en charge sécu ?",
        "userDefined": false
      }
    ],
    "isTemplate": false,
    "count": 0,
    "updated": 1522593226
  },
  {
    "id": "45782711-f89a-4a55-8d85-a35946397aa8",
    "data": [
      {
        "text": "Le champix est-il remboursable par la sécurité sociale ?",
        "userDefined": false
      }
    ],
    "isTemplate": false,
    "count": 0,
    "updated": 1522593226
  },
  {
    "id": "c9c0935a-442b-4c25-b9fe-63bc030e8acf",
    "data": [
      {
        "text": "nexplanon payant??",
        "userDefined": false
      }
    ],
    "isTemplate": false,
    "count": 0,
    "updated": 1522593226
  },
  {
    "id": "798f2c5d-671a-440a-b1b3-7d7ece46555a",
    "data": [
      {
        "text": "La location d’un neurosimulateur est-elle prise en charge au-delà de 6mois ?",
        "userDefined": false
      }
    ],
    "isTemplate": false,
    "count": 0,
    "updated": 1522593226
  },
  {
    "id": "2cb7d832-b63d-46d7-881b-1a76e990e08a",
    "data": [
      {
        "text": "Une patiente souhaiterait connaître le taux de remboursement de l\u0027Imodium",
        "userDefined": false
      }
    ],
    "isTemplate": false,
    "count": 0,
    "updated": 1522593226
  },
  {
    "id": "fa12a266-adb1-448e-a78b-8c450151d401",
    "data": [
      {
        "text": "Les gélules placebo de lactose que je viens de faire...remboursées ou non?",
        "userDefined": false
      }
    ],
    "isTemplate": false,
    "count": 0,
    "updated": 1522593226
  },
  {
    "id": "feafc6a4-57b7-4aeb-95fb-51ae8796c9fe",
    "data": [
      {
        "text": "Quand un médecin prescrit de la doxycycline (en prophylaxie du palu), c’est remboursé ?",
        "userDefined": false
      }
    ],
    "isTemplate": false,
    "count": 0,
    "updated": 1522593226
  },
  {
    "id": "89e72c59-a1ad-4a63-8c5a-5a2c56418994",
    "data": [
      {
        "text": "Une posologie de Fosfomycine  à un sachet par semaine pendant 6 mois c’est remboursé?",
        "userDefined": false
      }
    ],
    "isTemplate": false,
    "count": 0,
    "updated": 1522593226
  },
  {
    "id": "ded4a4bc-1d5b-483e-a455-3417ffe57260",
    "data": [
      {
        "text": "pour celle qui fait les vaccins obligatoires chez leur medecin et non au pmi  sont ils remboursé à 100% ?",
        "userDefined": false
      }
    ],
    "isTemplate": false,
    "count": 0,
    "updated": 1522593226
  },
  {
    "id": "cb896e62-85c5-4bdf-8c3b-6cbc1b33fbea",
    "data": [
      {
        "text": "L\u0027homéopathie est elle prise en charge par la sécu ?",
        "userDefined": false
      }
    ],
    "isTemplate": false,
    "count": 0,
    "updated": 1522593226
  },
  {
    "id": "0f72198b-527e-409a-bcae-9e617668f79e",
    "data": [
      {
        "text": "Nous avons eu une prescription de ritaline pour un adulte mais il était spécifié \"hors amm non remboursable \" alors que l’ordonnance est faite pour un hyperactif qui suit ce traitement depuis longtemps.  S’il n’est pas écrit hors AMM non remboursable, est-ce qu’on rembourse ?",
        "userDefined": false
      }
    ],
    "isTemplate": false,
    "count": 0,
    "updated": 1522593226
  },
  {
    "id": "b5c3bc2b-53fd-4a28-a1f5-6aa66c545a4b",
    "data": [
      {
        "text": "carlin 20 remboursées ?",
        "userDefined": false
      }
    ],
    "isTemplate": false,
    "count": 0,
    "updated": 1522593226
  },
  {
    "id": "3550d60a-9710-48ce-b52c-36480faaae7c",
    "data": [
      {
        "text": "Il faut une mention particulière sur l\u0027ordonnance pour qu\u0027une ordonnance de Champix soit remboursée?",
        "userDefined": false
      }
    ],
    "isTemplate": false,
    "count": 0,
    "updated": 1522593226
  },
  {
    "id": "1ff693fd-ffe3-41d4-bacb-080ef7bd2be2",
    "data": [
      {
        "text": "diu cuivre remboursé ou non?",
        "userDefined": false
      }
    ],
    "isTemplate": false,
    "count": 0,
    "updated": 1522593226
  },
  {
    "id": "2750c073-6207-4a51-9606-ea0a91af834b",
    "data": [
      {
        "text": "je souhaitais savoir si minidril® était remboursé par la sécu ?",
        "userDefined": false
      }
    ],
    "isTemplate": false,
    "count": 0,
    "updated": 1522593226
  },
  {
    "id": "16339970-f479-444f-ab75-aeb4f540b29a",
    "data": [
      {
        "text": "Pour quelles indications les pansements vaselinés sont-ils remboursés ?",
        "userDefined": false
      }
    ],
    "isTemplate": false,
    "count": 0,
    "updated": 1522593226
  },
  {
    "id": "c1c0a045-81db-444a-a2b9-e4bca8a965f7",
    "data": [
      {
        "text": "Connaissez vous des sets de rinçage remboursés?",
        "userDefined": false
      }
    ],
    "isTemplate": false,
    "count": 0,
    "updated": 1522593226
  },
  {
    "id": "50c558c1-ca54-4c6c-ac89-c188b70dfae8",
    "data": [
      {
        "text": "cérazette ? Pris par la sécu ?",
        "userDefined": false
      }
    ],
    "isTemplate": false,
    "count": 0,
    "updated": 1522593226
  },
  {
    "id": "3471c120-3a26-4b96-9769-8994efbe1287",
    "data": [
      {
        "text": "Que faire face à un patient en grande précarité qui n’a pas les moyens de payer ses médicaments ?",
        "userDefined": false
      }
    ],
    "isTemplate": false,
    "count": 0,
    "updated": 1522593226
  },
  {
    "id": "e918c9da-e26f-48e9-a92f-46bd016286ce",
    "data": [
      {
        "text": "est ce que le viagra est vraiment rembourser par la secu??",
        "userDefined": false
      }
    ],
    "isTemplate": false,
    "count": 0,
    "updated": 1522593226
  },
  {
    "id": "7410e01d-f6c9-4d05-aad2-bd64903e602c",
    "data": [
      {
        "text": "Combien de paires de CHUT par an peut-on se faire rembourser par la sécurité sociale",
        "userDefined": false
      }
    ],
    "isTemplate": false,
    "count": 0,
    "updated": 1522593226
  },
  {
    "id": "47ae2496-4639-4ce9-be6a-354bfb9b4a7e",
    "data": [
      {
        "text": "seroplex est  remboursé ou pas ?",
        "userDefined": false
      }
    ],
    "isTemplate": false,
    "count": 0,
    "updated": 1522593226
  },
  {
    "id": "49822208-aa7b-4f74-85fc-17a72b02531b",
    "data": [
      {
        "text": "L’Ostenil  est-il remboursable par la sécurité sociale  ?",
        "userDefined": false
      }
    ],
    "isTemplate": false,
    "count": 0,
    "updated": 1522593226
  },
  {
    "id": "62cd310a-6cd3-4025-a6be-57471142abfc",
    "data": [
      {
        "text": "L\u0027exomuc est il remboursé ?",
        "userDefined": false
      }
    ],
    "isTemplate": false,
    "count": 0,
    "updated": 1522593226
  },
  {
    "id": "2b15bb21-898c-45a3-8c94-d5525b107925",
    "data": [
      {
        "text": "mélodia pas remboursée?",
        "userDefined": false
      }
    ],
    "isTemplate": false,
    "count": 0,
    "updated": 1522593226
  },
  {
    "id": "d8eb037f-71f0-4ac7-b991-ee8d3743eaf2",
    "data": [
      {
        "text": "Nexplanon est-il pris en charge dans le protocole contraception pour mineure de 15 à 18ans de manière anonyme et gratuite?",
        "userDefined": false
      }
    ],
    "isTemplate": false,
    "count": 0,
    "updated": 1522593226
  },
  {
    "id": "1e312ab0-3254-4bbd-b0ef-3539184b30e2",
    "data": [
      {
        "text": "roaccutane est remboursé ou pas?",
        "userDefined": false
      }
    ],
    "isTemplate": false,
    "count": 0,
    "updated": 1522593226
  },
  {
    "id": "ba91f142-5fd9-48b8-b08a-bbc1737edfa3",
    "data": [
      {
        "text": "j’ai eu une personne aujourd\u0027hui avec une ordonnance pour Gonal-F rédigée en français mais provenant d\u0027une clinique espagnole, est ce qu\u0027on peut faire le tiers payant avec la carte vitale si l\u0027ordonnance provient d\u0027un autre pays de l’UE ?",
        "userDefined": false
      }
    ],
    "isTemplate": false,
    "count": 0,
    "updated": 1522593226
  },
  {
    "id": "c054e610-93de-41f1-819e-59465985c014",
    "data": [
      {
        "text": "Le Solumedrol dans un appareil manosonique est-il remboursé ?",
        "userDefined": false
      }
    ],
    "isTemplate": false,
    "count": 0,
    "updated": 1522593226
  },
  {
    "id": "f3db509f-268c-457b-ab01-55f6d59624fc",
    "data": [
      {
        "text": "Quel médicament pour le TDAH chez l’adulte est-il rembooursé ?",
        "userDefined": false
      }
    ],
    "isTemplate": false,
    "count": 0,
    "updated": 1522593226
  },
  {
    "id": "dbb59ccb-ba9f-4c3c-b490-8bceb8c9323d",
    "data": [
      {
        "text": "Est-ce que pulsatille d30 est un médicament remboursé ?",
        "userDefined": false
      }
    ],
    "isTemplate": false,
    "count": 0,
    "updated": 1522593226
  },
  {
    "id": "997829fa-c2b0-49ac-9a4c-620ffb09698f",
    "data": [
      {
        "text": "le gardasil est t\u0027il rembourser par la sécurité sociale?",
        "userDefined": false
      }
    ],
    "isTemplate": false,
    "count": 0,
    "updated": 1522593226
  },
  {
    "id": "d23ee562-68e5-480d-ae7e-5dbb22695bf2",
    "data": [
      {
        "text": "ma gynéco m\u0027a prescrite gardasil, que savez-vous à propos du rembourssement?",
        "userDefined": false
      }
    ],
    "isTemplate": false,
    "count": 0,
    "updated": 1522593226
  },
  {
    "id": "a5bfa0a5-b345-4bd6-9d36-34fe5b1e8ea6",
    "data": [
      {
        "text": "pilule trinordiole est pris en charge??",
        "userDefined": false
      }
    ],
    "isTemplate": false,
    "count": 0,
    "updated": 1522593226
  },
  {
    "id": "fc0b00c9-a8e5-4514-a28d-fc149682422f",
    "data": [
      {
        "text": "Le vaccin contre la grippe est il remboursé ?",
        "userDefined": false
      }
    ],
    "isTemplate": false,
    "count": 0,
    "updated": 1522593226
  },
  {
    "id": "2c4a9429-1cd8-4bc3-92f4-fb5fab5a7276",
    "data": [
      {
        "text": "Une prescription de pilule du lendemain par un médecin doit obligatoirement passer par le numéro de sécurité sociale créé pour la délivrance de contraception d’urgence pour être remboursée?",
        "userDefined": false
      }
    ],
    "isTemplate": false,
    "count": 0,
    "updated": 1522593226
  },
  {
    "id": "788b0948-8b00-4ae8-8e8d-0d48216ef9ce",
    "data": [
      {
        "text": "Les comprimés de passiflore sont ils remboursable ?",
        "userDefined": false
      }
    ],
    "isTemplate": false,
    "count": 0,
    "updated": 1522593226
  },
  {
    "id": "8cac4638-2591-42fe-98b1-4f3cb8948b05",
    "data": [
      {
        "text": "Quels sont les cotons pris en charge ?",
        "userDefined": false
      }
    ],
    "isTemplate": false,
    "count": 0,
    "updated": 1522593226
  },
  {
    "id": "11197152-f5bf-424a-811a-c1e495244c50",
    "data": [
      {
        "text": "Quelle quantité de Baclofène la sécurité sociale rembourse-t-elle ?",
        "userDefined": false
      }
    ],
    "isTemplate": false,
    "count": 0,
    "updated": 1522593226
  },
  {
    "id": "17b17647-dc6a-4d6e-9b3c-04e21e756d56",
    "data": [
      {
        "text": "Est-ce que l\u0027Imodium Lingual est remboursé ?",
        "userDefined": false
      }
    ],
    "isTemplate": false,
    "count": 0,
    "updated": 1522593226
  },
  {
    "id": "181eea79-9d9c-4dfe-ac85-ff13c6bb92cb",
    "data": [
      {
        "text": "stresam ?? Remboursée ?",
        "userDefined": false
      }
    ],
    "isTemplate": false,
    "count": 0,
    "updated": 1522593226
  },
  {
    "id": "4e6e170b-6fbb-4458-970e-dbb539ec8a61",
    "data": [
      {
        "text": "cerazette : pris en charge ?",
        "userDefined": false
      }
    ],
    "isTemplate": false,
    "count": 0,
    "updated": 1522593226
  },
  {
    "id": "390b9c19-0905-4bfd-b1bd-5bbebc0a6ac2",
    "data": [
      {
        "text": "Le vaccin pour la grippe sur une ordonnance bizone dans la partie ALD est-il pris en charge par la caisse pour un patient ?",
        "userDefined": false
      }
    ],
    "isTemplate": false,
    "count": 0,
    "updated": 1522593226
  },
  {
    "id": "bf9a2f8d-01e9-42c5-9fd0-2465e31b4108",
    "data": [
      {
        "text": "j\u0027aimerai savoir si les médicaments de la même molécule que zovirax sont remboursé. je suis sous zelitrex 500mg pour 1 an à raison de 104 euros par mois minimum sans aucun remboursements. la mutuelle va-t-elle prendre en charge la difference ?",
        "userDefined": false
      }
    ],
    "isTemplate": false,
    "count": 0,
    "updated": 1522593226
  },
  {
    "id": "1128833b-8c0f-45dd-b425-990563fd1e09",
    "data": [
      {
        "text": "je me pose des questions aux sujet du vaccin gardasil, la sécurité sociale rembourse t-elle entièrement les 3 injections ?",
        "userDefined": false
      }
    ],
    "isTemplate": false,
    "count": 0,
    "updated": 1522593226
  },
  {
    "id": "c2a092dd-ac78-42bc-ae77-97a3fbb418aa",
    "data": [
      {
        "text": "harmonet est elle remboursée??",
        "userDefined": false
      }
    ],
    "isTemplate": false,
    "count": 0,
    "updated": 1522593226
  },
  {
    "id": "985f9c55-1fe3-4ec8-9026-354239f03480",
    "data": [
      {
        "text": "Un pharmacien voudrait connaître le taux de remboursement du Mircera",
        "userDefined": false
      }
    ],
    "isTemplate": false,
    "count": 0,
    "updated": 1522593226
  },
  {
    "id": "c8064903-930b-4968-ae36-5b3e662a816f",
    "data": [
      {
        "text": "j\u0027aimerais avoir quelques infos sur la vaccination (infanrix quinta ..) et notamment sur ce qui est pris en charge ou non?",
        "userDefined": false
      }
    ],
    "isTemplate": false,
    "count": 0,
    "updated": 1522593226
  },
  {
    "id": "28dcc1aa-bf4c-4c00-b2dd-2b3931a42958",
    "data": [
      {
        "text": "Y a-t-il du nouveau en terme de remboursement pour le havrix 720 ou n’est il toujours remboursé qu\u0027 en cas de mucoviscidose et maladie hépatique?",
        "userDefined": false
      }
    ],
    "isTemplate": false,
    "count": 0,
    "updated": 1522593226
  },
  {
    "id": "8df1122c-61a3-46c8-87ea-8f8702dcd8e1",
    "data": [
      {
        "text": "Comment gérez vous la facturation de Beclospin® (béclométasone) et Pulmicort® (budésonide) pour le traitement chez adulte?",
        "userDefined": false
      }
    ],
    "isTemplate": false,
    "count": 0,
    "updated": 1522593226
  },
  {
    "id": "924ed841-3e13-4901-8133-526f2c58746a",
    "data": [
      {
        "text": "Go-on Synsvic peut-il être remboursé si prescrit par un médecin généraliste ?",
        "userDefined": false
      }
    ],
    "isTemplate": false,
    "count": 0,
    "updated": 1522593226
  },
  {
    "id": "ae5d6afa-31e0-4aa3-9bd2-68198614027e",
    "data": [
      {
        "text": "Peut-on acheter un neurosimulateur sans l’avoir loué au préalable ?",
        "userDefined": false
      }
    ],
    "isTemplate": false,
    "count": 0,
    "updated": 1522593226
  },
  {
    "id": "d8821971-ff11-4654-9d53-a7b590be83b2",
    "data": [
      {
        "text": "Les flacons de NaCl sont remboursés dans toutes les indications ?",
        "userDefined": false
      }
    ],
    "isTemplate": false,
    "count": 0,
    "updated": 1522593226
  },
  {
    "id": "b551349a-c65a-445d-ade1-055ff0d8575d",
    "data": [
      {
        "text": "est ce que le traitement avec homeopathie est remboursé lorsque on a l\u0027ordonnance du médecin?",
        "userDefined": false
      }
    ],
    "isTemplate": false,
    "count": 0,
    "updated": 1522593226
  },
  {
    "id": "980bae22-cdf6-4ed4-9870-e66677308e25",
    "data": [
      {
        "text": "pour me faire rembourser a qui dois-je envoyer la feuille maladie, ma sécu ou ma mutuelle?",
        "userDefined": false
      }
    ],
    "isTemplate": false,
    "count": 0,
    "updated": 1522593226
  },
  {
    "id": "3e89d3e5-cc05-429e-9d2a-6d60d805c772",
    "data": [
      {
        "text": "L’Ostenil est-il remboursé?",
        "userDefined": false
      }
    ],
    "isTemplate": false,
    "count": 0,
    "updated": 1522593226
  },
  {
    "id": "fc8343c4-4207-497e-ac57-95b1f2ddcb41",
    "data": [
      {
        "text": "Le Sifrol est-il remboursable dans l\u0027indication des jambes sans repos?",
        "userDefined": false
      }
    ],
    "isTemplate": false,
    "count": 0,
    "updated": 1522593226
  },
  {
    "id": "9490aff9-eee3-457c-b5ff-70b31301386a",
    "data": [
      {
        "text": "est ce que la pilule jasmine est remboursé svp ?",
        "userDefined": false
      }
    ],
    "isTemplate": false,
    "count": 0,
    "updated": 1522593226
  },
  {
    "id": "cc3343c8-c58f-40da-a304-fd85de688cb6",
    "data": [
      {
        "text": "ZYPREXA 10 déremboursé à partir de lundi, quid de son générique?",
        "userDefined": false
      }
    ],
    "isTemplate": false,
    "count": 0,
    "updated": 1522593226
  },
  {
    "id": "7329e5cb-fae8-4cb7-b598-e04122da1ea5",
    "data": [
      {
        "text": "trinordiol  remboursée  ?",
        "userDefined": false
      }
    ],
    "isTemplate": false,
    "count": 0,
    "updated": 1522593226
  },
  {
    "id": "47ba1fda-bb8f-4117-971d-1f10000ab701",
    "data": [
      {
        "text": "En cas de prescription de stelara pour maladie de crohn, faite par un gastrologue non hospitalier, la CPAM rembourse-t-elle ?",
        "userDefined": false
      }
    ],
    "isTemplate": false,
    "count": 0,
    "updated": 1522593226
  },
  {
    "id": "5d113a01-bc23-4061-95bc-e3ab22140993",
    "data": [
      {
        "text": "Le freestyle libre est-il remboursable par la sécurité sociale  si le patient avait déjà un lecteur classique en début d’année ?",
        "userDefined": false
      }
    ],
    "isTemplate": false,
    "count": 0,
    "updated": 1522593226
  },
  {
    "id": "ac897b47-1265-4639-9f7f-be7b1dc7e536",
    "data": [
      {
        "text": "Face à une prescription d\u0027un médecin du travail, vous faites un tiers payant ?",
        "userDefined": false
      }
    ],
    "isTemplate": false,
    "count": 0,
    "updated": 1522593226
  },
  {
    "id": "4a746e94-6fd2-4834-bd71-a46c7d7e43e1",
    "data": [
      {
        "text": "le viagra est il vraiment rembourser ??",
        "userDefined": false
      }
    ],
    "isTemplate": false,
    "count": 0,
    "updated": 1522593226
  },
  {
    "id": "1c159c4f-3d1e-40b8-9871-5e079ffa9d02",
    "data": [
      {
        "text": "Un patient sous insuline Toujeo 1 injection le soir et Trulicity toutes les semaines se voit prescrire un lecteur freestyle libre avec capteurs ET un lecteur classique avec bandelettes. .  Quelles sont les conditions de remboursement? Les deux peuvent-ils être pris en charge?",
        "userDefined": false
      }
    ],
    "isTemplate": false,
    "count": 0,
    "updated": 1522593226
  },
  {
    "id": "b3284eda-f734-4fa9-9c9f-04d3cf48b17e",
    "data": [
      {
        "text": "Le Primalan sirop est remboursé pour les enfants ?",
        "userDefined": false
      }
    ],
    "isTemplate": false,
    "count": 0,
    "updated": 1522593226
  },
  {
    "id": "54eafc93-9977-495a-b908-6a86e3db80ac",
    "data": [
      {
        "text": "J’ai une ordonnance de 6 mois départ à l\u0027étranger avec du cetornan 2 par jour combien je peux délivrer de boîtes?y a t-il une limite réglementaire pour la prise en charge ?",
        "userDefined": false
      }
    ],
    "isTemplate": false,
    "count": 0,
    "updated": 1522593226
  },
  {
    "id": "c9f81033-be59-4188-9290-7d32f90237ab",
    "data": [
      {
        "text": "moclamine ? Pris en charge sécu ?",
        "userDefined": false
      }
    ],
    "isTemplate": false,
    "count": 0,
    "updated": 1522593226
  },
  {
    "id": "3f431d20-d62c-4e13-b050-27e689ed5e47",
    "data": [
      {
        "text": "Est ce que le vaccin anti grippe est pris en charge quand un patient en ALD nous présente une ordonnance bizone dans laquelle le vaccin est prescrit en 100% ?",
        "userDefined": false
      }
    ],
    "isTemplate": false,
    "count": 0,
    "updated": 1522593226
  },
  {
    "id": "691cd4f1-2819-4cf9-8059-ef6fc5a173ee",
    "data": [
      {
        "text": "Le Bexero est-il remboursé ?",
        "userDefined": false
      }
    ],
    "isTemplate": false,
    "count": 0,
    "updated": 1522593226
  }
]