[
  {
    "id": "5852a509-fd98-4656-a87d-2208f9e3bd15",
    "data": [
      {
        "text": "mon psy me dit de prendre 50mg de sertraline la matin et 50 mg de sertraline le soir. peut on prendre 100mg soit le matin ou a midi?",
        "userDefined": false
      }
    ],
    "isTemplate": false,
    "count": 0,
    "updated": 1522593570
  },
  {
    "id": "3fee92e0-89a8-4fc4-a5f7-f574f99b9955",
    "data": [
      {
        "text": "combien prendre de temesta ?",
        "userDefined": false
      }
    ],
    "isTemplate": false,
    "count": 0,
    "updated": 1522593570
  },
  {
    "id": "911d5b72-2a93-4ec9-a934-19bfbc97cb61",
    "data": [
      {
        "text": "effexor 75 + 2 x 100 mg surmontil par jour .qu\u0027en pensez-vous ?",
        "userDefined": false
      }
    ],
    "isTemplate": false,
    "count": 0,
    "updated": 1522593570
  },
  {
    "id": "689ccb5e-c1c5-46c7-b992-15567770d6e0",
    "data": [
      {
        "text": "stérogyl seulement pour les adutles ?",
        "userDefined": false
      }
    ],
    "isTemplate": false,
    "count": 0,
    "updated": 1522593570
  },
  {
    "id": "a90805a1-605b-4303-90fa-7e1f5f3c1711",
    "data": [
      {
        "text": "Quelle est la dose optimale de dexorat ?",
        "userDefined": false
      }
    ],
    "isTemplate": false,
    "count": 0,
    "updated": 1522593570
  },
  {
    "id": "73cc2fc7-c35e-4595-937e-a52db851f7b8",
    "data": [
      {
        "text": "vous prennez combien de mg du seroquel?",
        "userDefined": false
      }
    ],
    "isTemplate": false,
    "count": 0,
    "updated": 1522593570
  },
  {
    "id": "64a95538-ab8e-4212-9e7d-602957544893",
    "data": [
      {
        "text": "bonjour, je suis actuellemnt sous seroplex 5mg. je suis ateinte d\u0027une agoraphobie assez severe ainsi que d\u0027un trouble panique avec depersonalisation.je suis mon traitement depuis plus d\u0027un mois et aucunes ameliorations toujours aussi paniqué de m\u0027eloigner de mon domicile..et quand je suis a mon domicile c\u0027est pas mieux peur panique d\u0027être seule,peur de la nuit qui tombe etc.. je vis un enfer.mon generaliste m\u0027a dis d\u0027augumenter le seroplex à 10mg mais ca me fais peur.. qu\u0027en pensez vous?",
        "userDefined": false
      }
    ],
    "isTemplate": false,
    "count": 0,
    "updated": 1522593570
  },
  {
    "id": "b6259885-80ab-4eb2-b85d-03411a99fab4",
    "data": [
      {
        "text": "est ce que ma dose de seropram n\u0027est pas trop faible?",
        "userDefined": false
      }
    ],
    "isTemplate": false,
    "count": 0,
    "updated": 1522593570
  },
  {
    "id": "d891ee9a-68f5-486f-8b56-7ba6d715d6ed",
    "data": [
      {
        "text": "est-ce qu\u0027il y en a qui ont déjà réussi à diminuer les doses de norset et à dormir normalement ?",
        "userDefined": false
      }
    ],
    "isTemplate": false,
    "count": 0,
    "updated": 1522593570
  },
  {
    "id": "6a3fcf52-0a42-40f9-a0ad-6542d3ec4266",
    "data": [
      {
        "text": "j\u0027ai un épanchement de synovie apparu spontanément je suis allée voir une homéopathe qui m\u0027a prescrit des comprimés de ribes nigrum folia mais c\u0027est trop cher.  j\u0027ai découvert que bryonia est indiqué dans les épanchements ainsi qu\u0027apis mellifica. je pensais prendre bryonia en 5 ch.est-ce correct?",
        "userDefined": false
      }
    ],
    "isTemplate": false,
    "count": 0,
    "updated": 1522593570
  },
  {
    "id": "28eaed39-6764-46a1-8961-767d649c04bf",
    "data": [
      {
        "text": "le schéma vaccinal habituel est 2 - 3 - et 4 mois.  savez-vous quelle est la fourchette tolérée entre chaque dose ?",
        "userDefined": false
      }
    ],
    "isTemplate": false,
    "count": 0,
    "updated": 1522593570
  },
  {
    "id": "e3aae273-0078-447d-90fc-aa6eb8c41648",
    "data": [
      {
        "text": "Quel est le dosage recommandé d\u0027effexor ?",
        "userDefined": false
      }
    ],
    "isTemplate": false,
    "count": 0,
    "updated": 1522593570
  },
  {
    "id": "eb76441f-8802-42c4-98f4-63d419e66619",
    "data": [
      {
        "text": "je pense commencer folliculinum ,j aimerais que vous m aidiez pour me dire combien?",
        "userDefined": false
      }
    ],
    "isTemplate": false,
    "count": 0,
    "updated": 1522593570
  },
  {
    "id": "c1a66501-cbcc-4f57-87f1-e2cd25a517b3",
    "data": [
      {
        "text": "notre petit garçon fait ses dents et il semble que les granules de chamomilla soient le plus indiquées. cependant, je ne parviens pas à trouver une dilution et un dosage.",
        "userDefined": false
      }
    ],
    "isTemplate": false,
    "count": 0,
    "updated": 1522593570
  },
  {
    "id": "7b8ba47d-4183-4929-ae93-bfd8071d9ae1",
    "data": [
      {
        "text": "surdosage paracetamol ??",
        "userDefined": false
      }
    ],
    "isTemplate": false,
    "count": 0,
    "updated": 1522593570
  },
  {
    "id": "d27089bb-4a75-4b34-b61d-a35c6099e4fa",
    "data": [
      {
        "text": "4ème rappel prevenar nécessaire?",
        "userDefined": false
      }
    ],
    "isTemplate": false,
    "count": 0,
    "updated": 1522593570
  },
  {
    "id": "10a0c039-458c-493c-b9d3-89d80852aa7d",
    "data": [
      {
        "text": "puis-je prendre 2 prozac le matin au lieu d\u0027un seul ??",
        "userDefined": false
      }
    ],
    "isTemplate": false,
    "count": 0,
    "updated": 1522593570
  },
  {
    "id": "b76a293a-7f8a-46d1-84cc-472b4b8e2fca",
    "data": [
      {
        "text": "combien de gouttes de célestène à donner pour un bébé de 11 mois pesant 8 kg?",
        "userDefined": false
      }
    ],
    "isTemplate": false,
    "count": 1,
    "updated": 1522593570
  },
  {
    "id": "b34b1a9a-4e06-4e35-88b0-227675bbf28b",
    "data": [
      {
        "text": "Quel dosage pour clomid ?",
        "userDefined": false
      }
    ],
    "isTemplate": false,
    "count": 0,
    "updated": 1522593570
  },
  {
    "id": "60789745-343c-4296-8ea0-c27dbb5f0c5b",
    "data": [
      {
        "text": "25g de dafalgan par jour?",
        "userDefined": false
      }
    ],
    "isTemplate": false,
    "count": 0,
    "updated": 1522593570
  },
  {
    "id": "740e868a-f2b0-4f3a-ad99-74f79ebd3d5d",
    "data": [
      {
        "text": "abilify dosage minimal ?",
        "userDefined": false
      }
    ],
    "isTemplate": false,
    "count": 0,
    "updated": 1522593570
  },
  {
    "id": "433e33aa-ad05-4611-bc93-a5ca85498615",
    "data": [
      {
        "text": "dosage effexor, posologie maximale ?",
        "userDefined": false
      }
    ],
    "isTemplate": false,
    "count": 1,
    "updated": 1522593570
  },
  {
    "id": "96084160-14ea-46ab-8588-eb2b45c7f939",
    "data": [
      {
        "text": "Comment est définie la posologie de levothyrox?",
        "userDefined": false
      }
    ],
    "isTemplate": false,
    "count": 0,
    "updated": 1522593570
  },
  {
    "id": "91adfee3-a334-4ca8-8bc3-86c485749743",
    "data": [
      {
        "text": "Une pharmacienne reçoit la prescription de Monazol ovule vaginal à la posologie de 1 ovule par jour pendant 6 jours. Elle a refusé de délivrer et demande si elle a eu raison",
        "userDefined": false
      }
    ],
    "isTemplate": false,
    "count": 0,
    "updated": 1522593570
  },
  {
    "id": "820aad90-8266-4b6e-8535-894c1f76999b",
    "data": [
      {
        "text": "Quel est le dosage maximal de deroxat ?",
        "userDefined": false
      }
    ],
    "isTemplate": false,
    "count": 0,
    "updated": 1522593570
  },
  {
    "id": "34f34aec-fd53-4410-b45b-f53639b251b0",
    "data": [
      {
        "text": "Peut-on prendre deux pilules du lendemain le même jour?",
        "userDefined": false
      }
    ],
    "isTemplate": false,
    "count": 0,
    "updated": 1522593570
  },
  {
    "id": "d62b9de8-f494-427f-8aee-574f8f9959c0",
    "data": [
      {
        "text": "vaccinotixinum : quelle dilution pour un adule de 35 ans?",
        "userDefined": false
      }
    ],
    "isTemplate": false,
    "count": 0,
    "updated": 1522593570
  },
  {
    "id": "f8a08ca4-65be-4c69-abba-02944a9f3fca",
    "data": [
      {
        "text": "quel dosage hamamelis virginiana 5ch ?",
        "userDefined": false
      }
    ],
    "isTemplate": false,
    "count": 0,
    "updated": 1522593570
  },
  {
    "id": "9726f2a6-a135-4969-b53d-bac636fc48ef",
    "data": [
      {
        "text": "Concernant les acides linoléiques conjugués. quelle dose prendre?",
        "userDefined": false
      }
    ],
    "isTemplate": false,
    "count": 0,
    "updated": 1522593570
  },
  {
    "id": "bd871aa3-e174-4a86-84ef-00c5e8ff30d1",
    "data": [
      {
        "text": "temesta 7,5 mg / jour des avis ?",
        "userDefined": false
      }
    ],
    "isTemplate": false,
    "count": 0,
    "updated": 1522593570
  },
  {
    "id": "135ffb8c-cdb0-401f-a5d4-9af81a70266e",
    "data": [
      {
        "text": "Combien de temps les patients prennent-ils le Permixon ?",
        "userDefined": false
      }
    ],
    "isTemplate": false,
    "count": 0,
    "updated": 1522593570
  },
  {
    "id": "94157cb0-27ca-4864-8335-b689278b1257",
    "data": [
      {
        "text": "j\u0027auré aimé savoir quelle était la limitte maximum au niveau du nombre de cures de magnésium qu\u0027un ado\u0027 peut faire sur une année ?",
        "userDefined": false
      }
    ],
    "isTemplate": false,
    "count": 0,
    "updated": 1522593570
  },
  {
    "id": "337ada13-d4e9-4ec1-9955-b1a82dce88d8",
    "data": [
      {
        "text": "ma fille vient d\u0027être recousue. pour la cicatrisation, du calendula en granule oui mais quel ch? et combien de temps?",
        "userDefined": false
      }
    ],
    "isTemplate": false,
    "count": 0,
    "updated": 1522593570
  },
  {
    "id": "42451695-0bc4-4551-b058-596008282032",
    "data": [
      {
        "text": "peut-on prendre de la floradil et du miflonil en continue ?",
        "userDefined": false
      }
    ],
    "isTemplate": false,
    "count": 0,
    "updated": 1522593570
  },
  {
    "id": "e05af6a1-3a6d-47b5-8d50-b94a4b7a07d7",
    "data": [
      {
        "text": "dose max haldol ??",
        "userDefined": false
      }
    ],
    "isTemplate": false,
    "count": 0,
    "updated": 1522593570
  },
  {
    "id": "76c6d052-2f34-4551-89dc-bfdeb7af983b",
    "data": [
      {
        "text": "je voulais savoir qui est dependant(e) a l\u0027ixprim ou tramadol et à quelle dose ?",
        "userDefined": false
      }
    ],
    "isTemplate": false,
    "count": 0,
    "updated": 1522593570
  },
  {
    "id": "53c65139-5f93-4970-a4bd-43e54ba1341c",
    "data": [
      {
        "text": "combien prenez vous de deroxat par jour ?",
        "userDefined": false
      }
    ],
    "isTemplate": false,
    "count": 0,
    "updated": 1522593570
  },
  {
    "id": "5ce4f16c-47d5-4242-b335-681d4b0ea03e",
    "data": [
      {
        "text": "pdt combient de mois prendre speciafoldine?",
        "userDefined": false
      }
    ],
    "isTemplate": false,
    "count": 0,
    "updated": 1522593570
  },
  {
    "id": "7a2c5814-5902-4d5d-a903-4a5779dfdc92",
    "data": [
      {
        "text": "Pour le rotarix, faudra t il faire un rappel tout les ans ?",
        "userDefined": false
      }
    ],
    "isTemplate": false,
    "count": 0,
    "updated": 1522593570
  },
  {
    "id": "7a633741-62de-487c-9c7b-052023920c38",
    "data": [
      {
        "text": "combien faut-il prendre de paracétamole pour un perte de connaissance??",
        "userDefined": false
      }
    ],
    "isTemplate": false,
    "count": 0,
    "updated": 1522593570
  },
  {
    "id": "b00d5f65-b6fc-4f30-be01-294ebf63f011",
    "data": [
      {
        "text": "je viens de prendre deux cachets de xanax et j\u0027aimerais savoir si je suis en surdosage et si oui que fair e?",
        "userDefined": false
      }
    ],
    "isTemplate": false,
    "count": 0,
    "updated": 1522593570
  },
  {
    "id": "6bbd0d1e-83c6-43bb-8868-8faf68a785cf",
    "data": [
      {
        "text": "Un patient souhaiterai connaître la dose maximale de Spasfon Lyoc ainsi que la conduite a tenir en cas de surdosage",
        "userDefined": false
      }
    ],
    "isTemplate": false,
    "count": 0,
    "updated": 1522593570
  },
  {
    "id": "b23f1b6a-8161-46f5-9f21-83e8899e4137",
    "data": [
      {
        "text": "Peut-on utiliser le millepertuis plus de 15 jour?",
        "userDefined": false
      }
    ],
    "isTemplate": false,
    "count": 0,
    "updated": 1522593570
  },
  {
    "id": "03771aa0-fcd4-4adc-8156-ae857bd158d7",
    "data": [
      {
        "text": "Une patiente me demande si il est bon de donner la pilule une fois par semaine plutôt que tous les 15jours pour sa chatte ?",
        "userDefined": false
      }
    ],
    "isTemplate": false,
    "count": 0,
    "updated": 1522593570
  },
  {
    "id": "d4eac56e-461e-43fd-b1f9-35b5845dfbb0",
    "data": [
      {
        "text": "pertes non irritante : borax 4ch gluantes : alumina 4ch tres abondantes : nitricum acidum 4ch le pharmacien n\u0027avait que du 5ch. à quelle dose ?",
        "userDefined": false
      }
    ],
    "isTemplate": false,
    "count": 0,
    "updated": 1522593570
  },
  {
    "id": "8ade4d95-dba1-4293-a8be-c025d72459cd",
    "data": [
      {
        "text": "j ai commence le xenical , a la pharma on m a dit de prenre 1 par jour, le doc m a dit a chaque repas ( sauf si je saute 1 ou qu il n y a pas de graisse). que faire?",
        "userDefined": false
      }
    ],
    "isTemplate": false,
    "count": 0,
    "updated": 1522593570
  },
  {
    "id": "07c72bc2-50a1-49a8-b589-e537364a4251",
    "data": [
      {
        "text": "puis-je prendre 2 imovane ??",
        "userDefined": false
      }
    ],
    "isTemplate": false,
    "count": 0,
    "updated": 1522593570
  },
  {
    "id": "1fb38461-b085-4f97-b956-662b2a4db160",
    "data": [
      {
        "text": "on m\u0027a precris hamamelis virginiana 5ch: combien de granule et combien de fois par jour en prendre? pendant combien de temps ?",
        "userDefined": false
      }
    ],
    "isTemplate": false,
    "count": 0,
    "updated": 1522593570
  },
  {
    "id": "c833da64-b437-484e-8e5f-acdd9e3dc272",
    "data": [
      {
        "text": "j\u0027ai vacciné mon bébé à 10 mois pour le prévenar mais on m\u0027a dit qu\u0027il fallait refaire 2 injections à 1 mois d\u0027intervalle? est-ce vrai?",
        "userDefined": false
      }
    ],
    "isTemplate": false,
    "count": 0,
    "updated": 1522593570
  },
  {
    "id": "4631f514-1693-4ec3-804a-304c8fe15884",
    "data": [
      {
        "text": "8gr de dafalgan en une prise, c\u0027est grave ?",
        "userDefined": false
      }
    ],
    "isTemplate": false,
    "count": 0,
    "updated": 1522593570
  },
  {
    "id": "4cb1da59-4b67-4908-a2b9-94e8a16968b6",
    "data": [
      {
        "text": "lexomyl tous les soirs ?",
        "userDefined": false
      }
    ],
    "isTemplate": false,
    "count": 0,
    "updated": 1522593570
  },
  {
    "id": "6fe227ef-7ee9-46ef-86f1-7eda38683ee1",
    "data": [
      {
        "text": "arnica montana quel dosage ?",
        "userDefined": false
      }
    ],
    "isTemplate": false,
    "count": 0,
    "updated": 1522593570
  },
  {
    "id": "e326bdb1-b729-43b7-939c-5a068d92d555",
    "data": [
      {
        "text": "3ème rappel prévenar ??",
        "userDefined": false
      }
    ],
    "isTemplate": false,
    "count": 0,
    "updated": 1522593570
  },
  {
    "id": "b1f3455a-7c79-489f-a3dc-05cddc0d2701",
    "data": [
      {
        "text": "Magnésium, quelle durée pour une cure ?",
        "userDefined": false
      }
    ],
    "isTemplate": false,
    "count": 0,
    "updated": 1522593570
  },
  {
    "id": "35f424e8-b811-44a2-9c03-d8c28fbf700b",
    "data": [
      {
        "text": "Quel est la posologie du seresta ?",
        "userDefined": false
      }
    ],
    "isTemplate": false,
    "count": 0,
    "updated": 1522593570
  },
  {
    "id": "e593b06a-11c4-42b1-8efb-63c42dfe49d1",
    "data": [
      {
        "text": "deroxat, quel dosage?",
        "userDefined": false
      }
    ],
    "isTemplate": false,
    "count": 0,
    "updated": 1522593570
  },
  {
    "id": "e5c1d63e-cb7e-4b6d-8e3f-7e4506d4e7dc",
    "data": [
      {
        "text": "Quelle est la posologie d\u0027un médicament homéopathique en teinture mère ?",
        "userDefined": false
      }
    ],
    "isTemplate": false,
    "count": 0,
    "updated": 1522593570
  },
  {
    "id": "98fd7842-15de-4385-a3c0-888a6fea0eb9",
    "data": [
      {
        "text": "cb de tps prendre gelsemium?",
        "userDefined": false
      }
    ],
    "isTemplate": false,
    "count": 0,
    "updated": 1522593570
  },
  {
    "id": "cbd0234d-a210-42b5-ad98-90beb641d1f3",
    "data": [
      {
        "text": "lutéran pdt 20 ou 21jours ??",
        "userDefined": false
      }
    ],
    "isTemplate": false,
    "count": 0,
    "updated": 1522593570
  },
  {
    "id": "7a3c5751-7c98-4ce0-83d1-1629c2fefb5c",
    "data": [
      {
        "text": "seropram : combien de gouttes/ jour ?",
        "userDefined": false
      }
    ],
    "isTemplate": false,
    "count": 0,
    "updated": 1522593570
  },
  {
    "id": "1ca00055-c98a-4563-ab04-6f35138d21a7",
    "data": [
      {
        "text": "lasilix : quel plan de prise ?",
        "userDefined": false
      }
    ],
    "isTemplate": false,
    "count": 0,
    "updated": 1522593570
  },
  {
    "id": "1754ad6d-d713-4b6a-b6e6-b943531d3096",
    "data": [
      {
        "text": "je suis sous depakote 750mg et je voudrais savoir si c\u0027est possible de prendre les 750mg en une seule prise le soir?",
        "userDefined": false
      }
    ],
    "isTemplate": false,
    "count": 0,
    "updated": 1522593570
  },
  {
    "id": "36bd5b8f-e6de-4863-9922-4c8775e8c4a0",
    "data": [
      {
        "text": "melodia se prend-t-elle en continu?",
        "userDefined": false
      }
    ],
    "isTemplate": false,
    "count": 0,
    "updated": 1522593570
  },
  {
    "id": "b41f7a61-b37f-49a0-9b73-e5029c4392ce",
    "data": [
      {
        "text": "seroplex : débuter à 30mg ?",
        "userDefined": false
      }
    ],
    "isTemplate": false,
    "count": 0,
    "updated": 1522593570
  },
  {
    "id": "52f77ff0-df8a-4ca5-9fad-006d556d8898",
    "data": [
      {
        "text": "posologie journalière amoxicillin 500mg.. 2 comprimées??",
        "userDefined": false
      }
    ],
    "isTemplate": false,
    "count": 0,
    "updated": 1522593570
  },
  {
    "id": "bcc76537-7686-4dec-a60a-0cc3552b8696",
    "data": [
      {
        "text": "Quelle est la dose maximale de Mantadix?",
        "userDefined": false
      }
    ],
    "isTemplate": false,
    "count": 0,
    "updated": 1522593570
  },
  {
    "id": "8cc43b33-3555-4328-8a9e-c93b314bfd6f",
    "data": [
      {
        "text": "avec sertraline y\u0027a t-il beaucoup de différences entre prendre 50mg par jour et 75mg ?",
        "userDefined": false
      }
    ],
    "isTemplate": false,
    "count": 0,
    "updated": 1522593570
  },
  {
    "id": "0c23c4a5-a0c0-4712-8ada-cabe80b48558",
    "data": [
      {
        "text": "le rudivax est a faire tous les combien de temps?",
        "userDefined": false
      }
    ],
    "isTemplate": false,
    "count": 0,
    "updated": 1522593570
  },
  {
    "id": "61c39e00-7698-4d36-aa91-783ae428ac14",
    "data": [
      {
        "text": "combien de temps rester sous doxycycline pour de l\u0027acné ?",
        "userDefined": false
      }
    ],
    "isTemplate": false,
    "count": 0,
    "updated": 1522593570
  },
  {
    "id": "1987d6e5-21a0-4274-9dc3-08b9713a009e",
    "data": [
      {
        "text": "Combien de gramme de paracétamol pusi-je prendre, par jour ?",
        "userDefined": false
      }
    ],
    "isTemplate": false,
    "count": 0,
    "updated": 1522593570
  },
  {
    "id": "f47c98ea-4a57-46d2-990c-1cd67bd63d34",
    "data": [
      {
        "text": "j\u0027ai fait mon dernier rappel de vaccin antitétanique il y a environ 10 ans. je voudrais savoir si je dois vraiment attendre encore 10 ans pour faire un nouveau rappel d\u0027après ce que mon médecin ma dit ou dois-je le faire cette année?",
        "userDefined": false
      }
    ],
    "isTemplate": false,
    "count": 0,
    "updated": 1522593570
  },
  {
    "id": "192f9420-b6d3-4507-869b-12382c52bc49",
    "data": [
      {
        "text": "quelles sont les quantités à prendre pour influenzinum, serum de yersin et bryonia?",
        "userDefined": false
      }
    ],
    "isTemplate": false,
    "count": 0,
    "updated": 1522593570
  },
  {
    "id": "d4952ddf-0ce9-43fe-8828-365d77229b02",
    "data": [
      {
        "text": "arnica à quelle dose et quelle fréquance chez bébé ??",
        "userDefined": false
      }
    ],
    "isTemplate": false,
    "count": 1,
    "updated": 1522593570
  },
  {
    "id": "205087c7-0932-409e-b697-65bd6345a91a",
    "data": [
      {
        "text": "Quelle posologie pour l\u0027arnica en 9CH ?",
        "userDefined": false
      }
    ],
    "isTemplate": false,
    "count": 0,
    "updated": 1522593570
  },
  {
    "id": "b4b0a289-c6aa-44d6-827e-06c543e9d57e",
    "data": [
      {
        "text": "j\u0027ai 27 ans et je n\u0027ai eu qu\u0027une injection du vaccin ror à l\u0027âge de 12 ans. je sais qu\u0027il faut faire une deuxième injection, hors je ne l\u0027ai jamais faite. cette deuxième injection est\u0027elle conseillé?",
        "userDefined": false
      }
    ],
    "isTemplate": false,
    "count": 0,
    "updated": 1522593570
  },
  {
    "id": "ff194173-02d1-44f3-9112-254780bb42bc",
    "data": [
      {
        "text": "sédatif pc, quelle est la durée du traitement ?",
        "userDefined": false
      }
    ],
    "isTemplate": false,
    "count": 0,
    "updated": 1522593570
  },
  {
    "id": "c8a7fb05-7c61-49f4-987c-bbf56c53777f",
    "data": [
      {
        "text": "Quelle est la demi-vie du lysanxia ?",
        "userDefined": false
      }
    ],
    "isTemplate": false,
    "count": 0,
    "updated": 1522593570
  },
  {
    "id": "b7d4e891-8733-4917-9404-ceaec66ace95",
    "data": [
      {
        "text": "norlevo : combien de comprimé par jour ?",
        "userDefined": false
      }
    ],
    "isTemplate": false,
    "count": 0,
    "updated": 1522593570
  },
  {
    "id": "dea05b0b-d5dd-410d-9ea8-955c7f0cf524",
    "data": [
      {
        "text": "mon fils était chaque hiver sous tt prévention homéo grippe thymuline 9ch influenzinum 9ch serum de yersin 9ch j\u0027aimerai savoir si quelqu\u0027un peut m\u0027aider combien donner de granules ?",
        "userDefined": false
      }
    ],
    "isTemplate": false,
    "count": 0,
    "updated": 1522593570
  },
  {
    "id": "283aa5ea-0d5f-48aa-a820-cec1ee9654ab",
    "data": [
      {
        "text": "Une femme prenant Levocétirizine 5mg Arrow Laboratoires à raison de un comprimé par jour souhaite savoir si elle peut prendre 2 comprimés dans les périodes de crises allergiques ?",
        "userDefined": false
      }
    ],
    "isTemplate": false,
    "count": 0,
    "updated": 1522593570
  },
  {
    "id": "8f0af8b5-9c9e-4db1-8e39-977e3695105f",
    "data": [
      {
        "text": "mon médecin vient de me prescrire surgestone\" pour traiter l\u0027endometriose. Combien de temps faut-il le prendre ?",
        "userDefined": false
      }
    ],
    "isTemplate": false,
    "count": 0,
    "updated": 1522593570
  },
  {
    "id": "f269ea17-c17e-49f3-8c2a-dc7f15948470",
    "data": [
      {
        "text": "depuis dizaine de jours je prend du doliprane soit 100 mg par jours ce qui fait un total de 15 00 mg de doliprane en 15 jours est-ce un surdosage?",
        "userDefined": false
      }
    ],
    "isTemplate": false,
    "count": 0,
    "updated": 1522593570
  },
  {
    "id": "5cdd7469-757a-4dae-803e-454098f15b03",
    "data": [
      {
        "text": "luteran à prendre en continu ou pas ?",
        "userDefined": false
      }
    ],
    "isTemplate": false,
    "count": 0,
    "updated": 1522593570
  },
  {
    "id": "4976e1e9-1f8b-4334-8801-f229c2e4582b",
    "data": [
      {
        "text": "dosage amoxicilline enfant ?",
        "userDefined": false
      }
    ],
    "isTemplate": false,
    "count": 0,
    "updated": 1522593570
  },
  {
    "id": "2d0f8bc3-17f1-4310-bb05-d31334792004",
    "data": [
      {
        "text": "Dosage clarithromycine chez enfant ?",
        "userDefined": false
      }
    ],
    "isTemplate": false,
    "count": 0,
    "updated": 1522593570
  },
  {
    "id": "55188d2c-65f0-4e11-989a-bc6e72e1290d",
    "data": [
      {
        "text": "pourquoi le revaxis est-il indiqué seulement à partir de 6 ans?",
        "userDefined": false
      }
    ],
    "isTemplate": false,
    "count": 0,
    "updated": 1522593570
  },
  {
    "id": "086fffdb-c051-4461-9245-354044dc77a6",
    "data": [
      {
        "text": "je prends marsilid depuis 2 mois. souffrant d\u0027anxiété constante et surtout sociale handicapante, je n\u0027ai plus rien à perdre avec des manipulations hazardeuses à 2 mois de traitement et je suis persuadé que doubler(300mg)(6cmp) la dose maximale(150mg)(3cmp) pourrait amplemant soulager mon anxiété. cependant me direz vous que la dose maxi ne doit pas etre depassé chacun a + ou - son seuil de dose maximale propre à lui meme ?",
        "userDefined": false
      }
    ],
    "isTemplate": false,
    "count": 0,
    "updated": 1522593570
  },
  {
    "id": "e3a08709-1b51-4532-b3d6-2127b850d60b",
    "data": [
      {
        "text": "Quelle est la posologie maximale pour AMM  par rapport au Tramadol?",
        "userDefined": false
      }
    ],
    "isTemplate": false,
    "count": 0,
    "updated": 1522593570
  },
  {
    "id": "deddf8be-401a-46b1-ae03-4d65e6695e58",
    "data": [
      {
        "text": "arnica 5 ch : combien de granules prendre ?",
        "userDefined": false
      }
    ],
    "isTemplate": false,
    "count": 1,
    "updated": 1522593570
  },
  {
    "id": "cae8298d-7ccb-4e94-a07f-17c9e9fc257d",
    "data": [
      {
        "text": "Pouvez-vous m\u0027éclairer sur les dosages de zymaduo : dans quels cas donne-t-on du 150 ui, du 300?",
        "userDefined": false
      }
    ],
    "isTemplate": false,
    "count": 0,
    "updated": 1522593570
  },
  {
    "id": "a75679f9-0b47-459c-bc91-679152732ecc",
    "data": [
      {
        "text": "vaccin contre la grippe : à partir de quel age ?",
        "userDefined": false
      }
    ],
    "isTemplate": false,
    "count": 0,
    "updated": 1522593570
  },
  {
    "id": "67af27c8-af85-499a-b5d6-f3e09843479e",
    "data": [
      {
        "text": "lutenyl en tant que contraceptif : 5 ou 3.75 mg ?",
        "userDefined": false
      }
    ],
    "isTemplate": false,
    "count": 0,
    "updated": 1522593570
  },
  {
    "id": "f56d0119-fc28-4318-a46d-632a5d529901",
    "data": [
      {
        "text": "quel est l\u0027ordre de dosage des pillules?",
        "userDefined": false
      }
    ],
    "isTemplate": false,
    "count": 0,
    "updated": 1522593570
  },
  {
    "id": "c2d82c98-6680-45ad-b228-6ea5ecfa6fe1",
    "data": [
      {
        "text": "A quelle dose débuter LEVEMIR ,",
        "userDefined": false
      }
    ],
    "isTemplate": false,
    "count": 0,
    "updated": 1522593570
  },
  {
    "id": "745c51de-07e3-4c0e-a3be-3a3c74c49c50",
    "data": [
      {
        "text": "arnica à quelle dose et quelle fréquence chez un bébé ?",
        "userDefined": false
      }
    ],
    "isTemplate": false,
    "count": 0,
    "updated": 1522593570
  },
  {
    "id": "4c854173-e507-42f5-a32f-fa6de8d573d6",
    "data": [
      {
        "text": "A quelle dose prescrire le Diazepam à visée décontracturante ?",
        "userDefined": false
      }
    ],
    "isTemplate": false,
    "count": 0,
    "updated": 1522593570
  },
  {
    "id": "16ef0070-f7de-4e4d-8e2e-f37cca36bf1d",
    "data": [
      {
        "text": "combien de granules thymuline pour ma fille ?",
        "userDefined": false
      }
    ],
    "isTemplate": false,
    "count": 2,
    "updated": 1522593570
  },
  {
    "id": "0d118d65-b9f6-4cab-94ee-521891385d31",
    "data": [
      {
        "text": "est ce bon de prendre zyrtec tous les jours?",
        "userDefined": false
      }
    ],
    "isTemplate": false,
    "count": 0,
    "updated": 1522593570
  },
  {
    "id": "c4f8f558-98a5-40c6-bc2e-8ea7a88ab67a",
    "data": [
      {
        "text": "Quel dosage pour Azithromycine chez jeune enfant ?",
        "userDefined": false
      }
    ],
    "isTemplate": false,
    "count": 0,
    "updated": 1522593570
  },
  {
    "id": "35548462-2b5e-48c1-8eb5-d2b7711b98a3",
    "data": [
      {
        "text": "Quelle est la dose maximale de magnésium ?",
        "userDefined": false
      }
    ],
    "isTemplate": false,
    "count": 0,
    "updated": 1522593570
  },
  {
    "id": "87f34196-35f4-4a50-9a20-5beab20fbf0e",
    "data": [
      {
        "text": "prozac, 3 à 4 semaines ils disent ?",
        "userDefined": false
      }
    ],
    "isTemplate": false,
    "count": 0,
    "updated": 1522593570
  },
  {
    "id": "c97e5051-e825-4d5f-911b-5e53688cba75",
    "data": [
      {
        "text": "Quel est le dosage de calcium à donner en pédiatrie pour les 0 à 8 mois au lait sans protéine de lait de vache ?",
        "userDefined": false
      }
    ],
    "isTemplate": false,
    "count": 0,
    "updated": 1522593570
  },
  {
    "id": "d26c5f85-3591-463e-9e6a-f65572d35448",
    "data": [
      {
        "text": "Je suis sous gelsemium en granules 9 ch, à raison de 3 granules par prise. je me demandais si je peux en prendre plusieurs fois dans la journée ou moins souvent mais augmenter le nombre de granules ?",
        "userDefined": false
      }
    ],
    "isTemplate": false,
    "count": 0,
    "updated": 1522593570
  },
  {
    "id": "03755f03-3300-4b4f-8251-69e07b007016",
    "data": [
      {
        "text": "je comprend pas trop l\u0027ordonnance de mon gynécopour la pilule. c\u0027est marqué le 5 éme jour des régles commencer le luteran jusq\u0027au 25éme jour. pour le mois d\u0027aprés je fait comment? la même chose ?",
        "userDefined": false
      }
    ],
    "isTemplate": false,
    "count": 0,
    "updated": 1522593570
  },
  {
    "id": "44b3041e-1aaf-4b5a-a7d3-94181bdb72fb",
    "data": [
      {
        "text": "j\u0027ai décidé de faire mes vaccins tétanos. je vais chez le médecin, fait le rappel. et si je suis immunisée pourquoi le rappel après un mois?",
        "userDefined": false
      }
    ],
    "isTemplate": false,
    "count": 0,
    "updated": 1522593570
  },
  {
    "id": "e0ccfc99-f05f-4062-bf6f-0b9a72890b91",
    "data": [
      {
        "text": "dafalgan ? surdose",
        "userDefined": false
      }
    ],
    "isTemplate": false,
    "count": 0,
    "updated": 1522593570
  },
  {
    "id": "d7486c3e-0767-4666-bee8-c41f41ac715e",
    "data": [
      {
        "text": "anafranil au dose de : 3/jour a 75 : ok ?",
        "userDefined": false
      }
    ],
    "isTemplate": false,
    "count": 0,
    "updated": 1522593570
  },
  {
    "id": "884acf2f-358e-4f4e-be06-e79406638583",
    "data": [
      {
        "text": "Est-ce que donner de  l’Atropine 0,5 % collyre pour un enfant de 6 ans à hauteur d’une goutte deux fois par jour dans les deux yeux constitue une dose trop élevée ?",
        "userDefined": false
      }
    ],
    "isTemplate": false,
    "count": 0,
    "updated": 1522593570
  },
  {
    "id": "0c30f149-af2e-47fe-b369-176bb7543230",
    "data": [
      {
        "text": "posologie viscéralgine ?",
        "userDefined": false
      }
    ],
    "isTemplate": false,
    "count": 0,
    "updated": 1522593570
  },
  {
    "id": "b54d1c82-1b0c-43e5-8812-fbba86512fb5",
    "data": [
      {
        "text": "ma gyneco m\u0027a prescrit 2 clomid par jour jusqu\u0027à j12. le dosage de 2 clomid par jour vous parait il correct, sachant que j\u0027ovule habituellement normalement?",
        "userDefined": false
      }
    ],
    "isTemplate": false,
    "count": 0,
    "updated": 1522593570
  },
  {
    "id": "460c4513-cd46-4434-b954-00747b076560",
    "data": [
      {
        "text": "ledum palustre: quelle posologie pour ce remede ?",
        "userDefined": false
      }
    ],
    "isTemplate": false,
    "count": 0,
    "updated": 1522593570
  },
  {
    "id": "20eb1af6-4f14-44c1-903d-7b6c9528cad1",
    "data": [
      {
        "text": "combien de prise gaviscon par jour?",
        "userDefined": false
      }
    ],
    "isTemplate": false,
    "count": 0,
    "updated": 1522593570
  },
  {
    "id": "f211f2be-01dc-47ee-9e32-a8267a4b5d58",
    "data": [
      {
        "text": "on pense que notre petit garçon fait ses dents et il se réveille la nuit en pleurant de douleur. il semble que les granules de chamomilla soient le plus indiquées. A quelle dose ?",
        "userDefined": false
      }
    ],
    "isTemplate": false,
    "count": 0,
    "updated": 1522593570
  },
  {
    "id": "4d176305-28df-4a34-a7f3-57acbf8b9e5d",
    "data": [
      {
        "text": "quel doit-être le dosage du zithromax pour la maladie de lyme ?",
        "userDefined": false
      }
    ],
    "isTemplate": false,
    "count": 1,
    "updated": 1522593570
  },
  {
    "id": "098871b6-7ad3-489e-8a74-8914722cc6f5",
    "data": [
      {
        "text": "mon cousin a un cancer du fois. il prend nexavar, les tumeurs sont diminuées. combien de temps peut-il prendre ce médicament?",
        "userDefined": false
      }
    ],
    "isTemplate": false,
    "count": 0,
    "updated": 1522593570
  },
  {
    "id": "45f1393a-7495-46b4-9c29-fcc080ef8583",
    "data": [
      {
        "text": "En règle générale quelle dose de seropram prendre ?",
        "userDefined": false
      }
    ],
    "isTemplate": false,
    "count": 0,
    "updated": 1522593570
  },
  {
    "id": "5ac908da-3b97-438e-9bf9-c36456148930",
    "data": [
      {
        "text": "combien de temps est il conseillé de prendre androcur?",
        "userDefined": false
      }
    ],
    "isTemplate": false,
    "count": 0,
    "updated": 1522593570
  },
  {
    "id": "9461b31a-052a-4ef3-af68-b89b1d753e74",
    "data": [
      {
        "text": "rappel vaccination avec revaxis à 19mois?",
        "userDefined": false
      }
    ],
    "isTemplate": false,
    "count": 0,
    "updated": 1522593570
  },
  {
    "id": "ec3e0e1f-b440-40f5-9f1f-a471e0f6bd57",
    "data": [
      {
        "text": "est-ce possible de prendre seroplex à vie?",
        "userDefined": false
      }
    ],
    "isTemplate": false,
    "count": 0,
    "updated": 1522593570
  },
  {
    "id": "a06a3d75-5673-452a-90e6-28b4e6b39df0",
    "data": [
      {
        "text": "seroplex : quelle posologie journalière? 10 à 15mg??",
        "userDefined": false
      }
    ],
    "isTemplate": false,
    "count": 0,
    "updated": 1522593570
  },
  {
    "id": "8bb70dc0-5940-4c5a-9c11-962caaf7747f",
    "data": [
      {
        "text": "Dosage Stomectol selon poids ?",
        "userDefined": false
      }
    ],
    "isTemplate": false,
    "count": 0,
    "updated": 1522593570
  },
  {
    "id": "36fa2c6d-b695-45c2-894d-78ed64ec88c9",
    "data": [
      {
        "text": "arestal c\u0027est du 1mg ou 2mg? pour les diarrhées",
        "userDefined": false
      }
    ],
    "isTemplate": false,
    "count": 0,
    "updated": 1522593570
  },
  {
    "id": "85159607-45a5-4fc3-890a-4256d6b9fad7",
    "data": [
      {
        "text": "Puis-je passer de 1 comprimé à 2 comprimés de deroxat ?",
        "userDefined": false
      }
    ],
    "isTemplate": false,
    "count": 0,
    "updated": 1522593570
  },
  {
    "id": "8d35c262-9563-4938-b913-595094d04692",
    "data": [
      {
        "text": "Ma dernière vaccinations pour la tuberculose etait en 90, dois je en refaire ?",
        "userDefined": false
      }
    ],
    "isTemplate": false,
    "count": 0,
    "updated": 1522593570
  },
  {
    "id": "4c8a3258-faae-4fb0-81c1-2ac6f65a570e",
    "data": [
      {
        "text": "puis-je prendre ma pilule seulement 14 jours au lieu de 21 jours pour éviter d\u0027avoir mes règles pendant mes vacances ? je suis sous minidril",
        "userDefined": false
      }
    ],
    "isTemplate": false,
    "count": 0,
    "updated": 1522593570
  },
  {
    "id": "ca4ab662-d41f-4efb-b869-d417e9350136",
    "data": [
      {
        "text": "quelle dilution de nux vomica pour enfant de 6 mois ?",
        "userDefined": false
      }
    ],
    "isTemplate": false,
    "count": 0,
    "updated": 1522593570
  },
  {
    "id": "a6946962-f750-48af-86f9-711983c2a76d",
    "data": [
      {
        "text": "ixel une fois par jour?",
        "userDefined": false
      }
    ],
    "isTemplate": false,
    "count": 1,
    "updated": 1522593570
  },
  {
    "id": "fd61a07f-3ad1-4444-a60e-ec12fb1f958a",
    "data": [
      {
        "text": "J\u0027ai une ordonnance avec prescription de ménopur 337,5 ui par jour pendant 14jours. comment les injections se font? Je sais pas combien de boite il faut que je délivre.",
        "userDefined": false
      }
    ],
    "isTemplate": false,
    "count": 0,
    "updated": 1522593570
  },
  {
    "id": "d8746182-b5a0-45c1-9573-ad1bb37a48fe",
    "data": [
      {
        "text": "je voudrais savoir si je peux utiliser multibolic pro toute l\u0027année ou pas ?",
        "userDefined": false
      }
    ],
    "isTemplate": false,
    "count": 0,
    "updated": 1522593570
  },
  {
    "id": "c6677882-c1b8-45c9-a35f-98854d5adc00",
    "data": [
      {
        "text": "Combien de Advil™ et de Tylenol™ je peux prendre pour un mal de dent? Je n\u0027ai pas d\u0027allergie et je ne prends pas d\u0027autre médicament",
        "userDefined": false
      }
    ],
    "isTemplate": false,
    "count": 0,
    "updated": 1522593570
  },
  {
    "id": "b70a6db7-d93b-4d40-af10-b3082ee35ca2",
    "data": [
      {
        "text": "minoxydil à 5% déconseillé pour les femmes ?",
        "userDefined": false
      }
    ],
    "isTemplate": false,
    "count": 0,
    "updated": 1522593570
  },
  {
    "id": "ac3492be-e293-4716-a63a-3ffa383c4060",
    "data": [
      {
        "text": "Quel est la dose maximum d\u0027haldol ?",
        "userDefined": false
      }
    ],
    "isTemplate": false,
    "count": 0,
    "updated": 1522593570
  },
  {
    "id": "a427646b-965c-43bf-ba72-ae2af33ac999",
    "data": [
      {
        "text": "Est-ce que du  doxycycline 100 mg 2 comprimés en prise unique 1 jour correspond à la posologie protocolaire après une piqûre de tique ?",
        "userDefined": false
      }
    ],
    "isTemplate": false,
    "count": 0,
    "updated": 1522593570
  },
  {
    "id": "e214436e-e798-4b59-80e4-3e1618da5dc1",
    "data": [
      {
        "text": "La dose maximale de protéine par kg et jour est-elle de 2,5 à 3 g ?",
        "userDefined": false
      }
    ],
    "isTemplate": false,
    "count": 0,
    "updated": 1522593570
  },
  {
    "id": "0f07dfc4-766f-4ecc-ba76-d0593f5e2aff",
    "data": [
      {
        "text": "Combien de mg/jour de temesta dois-je prendre ?",
        "userDefined": false
      }
    ],
    "isTemplate": false,
    "count": 0,
    "updated": 1522593570
  },
  {
    "id": "a65686ba-4d20-44ad-9360-42022406d5ad",
    "data": [
      {
        "text": "j\u0027aimerais rajouté a mon régime alimentaire de la spiruline, du ginseng et éventuellement des baie de goji et du jus d\u0027orge vert. je voudrais avoir vos conseil sur les dosage?",
        "userDefined": false
      }
    ],
    "isTemplate": false,
    "count": 0,
    "updated": 1522593570
  },
  {
    "id": "69a5ba25-63fe-4043-94f8-1542b5b375b1",
    "data": [
      {
        "text": "mon gastro m\u0027a prescrit 2 eupantol 40 par jour, croyez vous pas que la posologie est trop forte?",
        "userDefined": false
      }
    ],
    "isTemplate": false,
    "count": 0,
    "updated": 1522593570
  },
  {
    "id": "d19f00b8-dbea-475a-97da-aa859f0656fd",
    "data": [
      {
        "text": "aspirine, à quelle dose ?",
        "userDefined": false
      }
    ],
    "isTemplate": false,
    "count": 0,
    "updated": 1522593570
  },
  {
    "id": "f11f8d71-7e5a-4431-abed-f9524d81af76",
    "data": [
      {
        "text": "combien faut t il en prendre de prozac 10mg par jour ?",
        "userDefined": false
      }
    ],
    "isTemplate": false,
    "count": 0,
    "updated": 1522593570
  },
  {
    "id": "9c3b9fa7-f83d-47a0-9cda-efcc10c6199f",
    "data": [
      {
        "text": "jusque combien on peut augmenter la dose de deroxat?",
        "userDefined": false
      }
    ],
    "isTemplate": false,
    "count": 0,
    "updated": 1522593570
  },
  {
    "id": "598dbf29-ad23-4cd8-921c-3c792a7a7dab",
    "data": [
      {
        "text": "vaccin r.o.r. : 2 ou 3 mois avant grossesse ?",
        "userDefined": false
      }
    ],
    "isTemplate": false,
    "count": 0,
    "updated": 1522593570
  },
  {
    "id": "4e1e95a6-c021-426c-a6a2-1d9a30250eb0",
    "data": [
      {
        "text": "Quelle est la posologie recommandée pour Circadin?",
        "userDefined": false
      }
    ],
    "isTemplate": false,
    "count": 0,
    "updated": 1522593570
  },
  {
    "id": "0bcbd47d-6967-4a12-8466-cf3a5a9f5330",
    "data": [
      {
        "text": "revaccination pentavac 1 an après la 3ème inject.?",
        "userDefined": false
      }
    ],
    "isTemplate": false,
    "count": 0,
    "updated": 1522593570
  },
  {
    "id": "35a8b72b-0aae-412b-99d9-f57d0d5b72db",
    "data": [
      {
        "text": "Quelle est la dose habituelle du Lepticur dans les syndromes parkinsoniens aux neuroleptiques?",
        "userDefined": false
      }
    ],
    "isTemplate": false,
    "count": 0,
    "updated": 1522593570
  },
  {
    "id": "1032c3ad-e596-4d1b-af57-06e532376908",
    "data": [
      {
        "text": "J\u0027ai une prescription de ménopur 337,5 ui par jour pendant 14jours, c’est normal ?",
        "userDefined": false
      }
    ],
    "isTemplate": false,
    "count": 0,
    "updated": 1522593570
  },
  {
    "id": "4ee3b406-8a4d-401a-a9bf-39069544dbd8",
    "data": [
      {
        "text": "peut-on prendre du gelsémium à vie?",
        "userDefined": false
      }
    ],
    "isTemplate": false,
    "count": 0,
    "updated": 1522593570
  },
  {
    "id": "1713094c-2316-4b9b-a20c-23b1fe8a2648",
    "data": [
      {
        "text": "Quelle est la titration recommandée pour Plegridy?",
        "userDefined": false
      }
    ],
    "isTemplate": false,
    "count": 0,
    "updated": 1522593570
  },
  {
    "id": "4e38ffd0-8d34-4da1-899d-4f5ace4d185c",
    "data": [
      {
        "text": "arnica à quelle dose et quelle fréquence chez bébé ?",
        "userDefined": false
      }
    ],
    "isTemplate": false,
    "count": 0,
    "updated": 1522593570
  },
  {
    "id": "06ac7139-33b5-4989-afc9-59e42fbba74a",
    "data": [
      {
        "text": "je prend climaston 1/10 mg, depuis que je prend ce traitement je suis malade au moment des régles, suis je la seule a connaître ça ?",
        "userDefined": false
      }
    ],
    "isTemplate": false,
    "count": 0,
    "updated": 1522593570
  },
  {
    "id": "3092dd43-c300-4dc8-823f-352a933d6421",
    "data": [
      {
        "text": "A quelle posologie prendre luteran ?",
        "userDefined": false
      }
    ],
    "isTemplate": false,
    "count": 0,
    "updated": 1522593570
  },
  {
    "id": "8a804bc4-679f-4666-b9d5-629adccc1fc6",
    "data": [
      {
        "text": "j ai pris 4 clozan a la suite e. quelle quantite maximale??",
        "userDefined": false
      }
    ],
    "isTemplate": false,
    "count": 0,
    "updated": 1522593570
  },
  {
    "id": "3710f077-185a-4cd0-9d2c-424000caee42",
    "data": [
      {
        "text": "solian déshinnibiteur au dessus de 200g?",
        "userDefined": false
      }
    ],
    "isTemplate": false,
    "count": 0,
    "updated": 1522593570
  },
  {
    "id": "0446e2d2-5002-4cda-8989-798a9e0d2888",
    "data": [
      {
        "text": "pms amoxicillin 500mg.. 2 comprimées??",
        "userDefined": false
      }
    ],
    "isTemplate": false,
    "count": 1,
    "updated": 1522593570
  },
  {
    "id": "e7ba89f3-8b17-43b2-967b-82346b980f2e",
    "data": [
      {
        "text": "sevrage deroxat \u003d 1/2  , 1 jour  sur 2 ?",
        "userDefined": false
      }
    ],
    "isTemplate": false,
    "count": 0,
    "updated": 1522593570
  },
  {
    "id": "f58ea289-b107-43e4-8a9b-0e57e3dbfe48",
    "data": [
      {
        "text": "peut on prendre 2 zaldiar d\u0027un coup?",
        "userDefined": false
      }
    ],
    "isTemplate": false,
    "count": 1,
    "updated": 1522593570
  },
  {
    "id": "b5eff02d-8ba0-432f-af5a-30b16884d150",
    "data": [
      {
        "text": "luteran posologie ?",
        "userDefined": false
      }
    ],
    "isTemplate": false,
    "count": 0,
    "updated": 1522593570
  },
  {
    "id": "565b4edc-9b4e-47a7-999b-9cee1e3aad95",
    "data": [
      {
        "text": "mon medecin ma prescrit du coffea cruda 15ch pour des trouble du sommeil pourtant je lis de partout que pour cette cause ces du 9 ch qu\u0027il faut, quel est le bon dosage?",
        "userDefined": false
      }
    ],
    "isTemplate": false,
    "count": 0,
    "updated": 1522593570
  },
  {
    "id": "21abac5f-21a0-42d9-aeb7-74f79ff56bbd",
    "data": [
      {
        "text": "Une patiente s\u0027est vu prescrire Amorolfine EG 5% par son médecin mais ce dernier n\u0027as pas spécifié de posologie elle souhaite donc savoir combien de fois utiliser le produit",
        "userDefined": false
      }
    ],
    "isTemplate": false,
    "count": 0,
    "updated": 1522593570
  },
  {
    "id": "a6bbed90-3c7e-4b0c-9768-06efcdcfb1f1",
    "data": [
      {
        "text": "Comment savoir le dosage de la griffonia ?",
        "userDefined": false
      }
    ],
    "isTemplate": false,
    "count": 0,
    "updated": 1522593570
  },
  {
    "id": "d6c2bec0-ac60-4327-ac59-72f219cff1eb",
    "data": [
      {
        "text": "est-ce q je peux prendre 28 comprimés de mercilon d\u0027un coup au lieu de 21  ?",
        "userDefined": false
      }
    ],
    "isTemplate": false,
    "count": 0,
    "updated": 1522593570
  },
  {
    "id": "b705fdec-95f3-409a-b238-7584c0c12b20",
    "data": [
      {
        "text": "Quelle est la dose initiale recommandée pour le Modafinil?",
        "userDefined": false
      }
    ],
    "isTemplate": false,
    "count": 0,
    "updated": 1522593570
  },
  {
    "id": "bf6d08fd-0111-4569-b82b-e2e07192061b",
    "data": [
      {
        "text": "Le Bactrim sirop, pour un enfant de 13 ans, 40 kg, souffrant de cystite, quelle posologie mettez vous ?",
        "userDefined": false
      }
    ],
    "isTemplate": false,
    "count": 0,
    "updated": 1522593570
  },
  {
    "id": "7988e5cd-6b42-4342-916f-3cce39caa174",
    "data": [
      {
        "text": "j\u0027ai un flacon de gelules de levures de bière qui contient pleins de vitamines. combien de gelules prenez vous par jour?",
        "userDefined": false
      }
    ],
    "isTemplate": false,
    "count": 0,
    "updated": 1522593570
  },
  {
    "id": "15960175-ebf9-4fc0-b561-a39ac41bdc68",
    "data": [
      {
        "text": "Comment prescrire Clarithromycine chez jeune enfant ?",
        "userDefined": false
      }
    ],
    "isTemplate": false,
    "count": 0,
    "updated": 1522593570
  },
  {
    "id": "316d3a23-37d5-44dd-b64a-dcb352d68295",
    "data": [
      {
        "text": "je fais un sevrage de xanax. mon medecin m\u0027a remplacé le xanax par le lysanxia plus facile à arreter. au départ a 50 gouttes j\u0027en suis aujordhui a 30 par jour. (15 mg) pouvez vous me dire si cette dose est encore excessive ?",
        "userDefined": false
      }
    ],
    "isTemplate": false,
    "count": 0,
    "updated": 1522593570
  },
  {
    "id": "27ae1f35-1892-4acc-8c01-a3ff02960f56",
    "data": [
      {
        "text": "bonjour,  je viens d\u0027aller voir un psychiatre pour soigner des tic et des toc que j\u0027ai. le médecin m\u0027a prescrit un comprimé de deroxat le matin et un le midi. en regardant sur de nombreux forum, la plupart des gens en prennent un voir un demi par jour.   ne pensez vous pas que le dosage de mon traitement n\u0027est pas un peu élevé pour un debut de traitement ?",
        "userDefined": false
      }
    ],
    "isTemplate": false,
    "count": 0,
    "updated": 1522593570
  },
  {
    "id": "68d729aa-6c82-4e59-8dcb-6d68ca21c37c",
    "data": [
      {
        "text": "quel dosage pour hamamelis virginiana 5ch ?",
        "userDefined": false
      }
    ],
    "isTemplate": false,
    "count": 0,
    "updated": 1522593570
  },
  {
    "id": "2d168e6e-4495-4652-9503-4def709ab74f",
    "data": [
      {
        "text": "nux vomica pour nourrison : quelle posologie(nombre de granule / jours et en combien de ch) ?",
        "userDefined": false
      }
    ],
    "isTemplate": false,
    "count": 0,
    "updated": 1522593570
  },
  {
    "id": "53baa527-6160-4e36-b79d-df4a0f832a3d",
    "data": [
      {
        "text": "es ce que un homéopathe ou un connaisseur pourrai m\u0027indiquer la \"dose létale 50\" de influenzinum 9 ch ?",
        "userDefined": false
      }
    ],
    "isTemplate": false,
    "count": 0,
    "updated": 1522593570
  },
  {
    "id": "a5ef148b-a305-4358-b7ba-99f75d9cf6f5",
    "data": [
      {
        "text": "Un médecin a lu dans le vidal que la posologie pour le Vogalène Lyoc 7,5mg chez l\u0027enfant était jusqu\u0027à 3 lyophylisats par jour, est-ce exact ?",
        "userDefined": false
      }
    ],
    "isTemplate": false,
    "count": 0,
    "updated": 1522593570
  },
  {
    "id": "51966c9f-7f37-46b3-8eec-5c76615a73c9",
    "data": [
      {
        "text": "Quelle est la dose maximal de citalopram ?",
        "userDefined": false
      }
    ],
    "isTemplate": false,
    "count": 0,
    "updated": 1522593570
  },
  {
    "id": "0856834b-b7cc-4ec2-82df-c3886663b4b8",
    "data": [
      {
        "text": "seroplex: 5 ou 10 mg en instauration?",
        "userDefined": false
      }
    ],
    "isTemplate": false,
    "count": 0,
    "updated": 1522593570
  },
  {
    "id": "971def0f-3b2b-4131-b0fe-193f442fefee",
    "data": [
      {
        "text": "seroplex à plus de 20mg. est-ce utile?",
        "userDefined": false
      }
    ],
    "isTemplate": false,
    "count": 0,
    "updated": 1522593570
  },
  {
    "id": "9a3f6fc0-3307-40cc-8af6-a78497aa9dcb",
    "data": [
      {
        "text": "Quelle est la dose maximale de baclofene?",
        "userDefined": false
      }
    ],
    "isTemplate": false,
    "count": 0,
    "updated": 1522593570
  },
  {
    "id": "3f1d7d48-7916-4832-a2c2-f53d36791089",
    "data": [
      {
        "text": "combien d\u0027injection de gardasil pour être couverte ?",
        "userDefined": false
      }
    ],
    "isTemplate": false,
    "count": 0,
    "updated": 1522593570
  },
  {
    "id": "76189fb3-646b-48dc-8b39-c655c3f6e491",
    "data": [
      {
        "text": "combien prenez vous de xanax par jour?",
        "userDefined": false
      }
    ],
    "isTemplate": false,
    "count": 0,
    "updated": 1522593570
  },
  {
    "id": "386d1c6a-1072-4b0e-959c-8e87cbb02189",
    "data": [
      {
        "text": "le poids sous laroxyl: à partir de combien de gouttes?",
        "userDefined": false
      }
    ],
    "isTemplate": false,
    "count": 0,
    "updated": 1522593570
  },
  {
    "id": "db027605-3fd2-4387-823f-e8c0eb004fa1",
    "data": [
      {
        "text": "combien de goutte du lysenxia dois-je prendre ?",
        "userDefined": false
      }
    ],
    "isTemplate": false,
    "count": 0,
    "updated": 1522593570
  },
  {
    "id": "9f00d0dc-4742-480d-b84d-0ec2d4f2e7d6",
    "data": [
      {
        "text": "Mon psy on a augmenté mon xeroquel à 150. cela fais 4 jours et je me sens encore très anxieuse. je me demande si il faut que que continue ce dosage?",
        "userDefined": false
      }
    ],
    "isTemplate": false,
    "count": 0,
    "updated": 1522593570
  },
  {
    "id": "d745e223-ae31-4a22-96e1-edd92dccc599",
    "data": [
      {
        "text": "fluoxetine, traitement de 6 mois, est-ce trop long?",
        "userDefined": false
      }
    ],
    "isTemplate": false,
    "count": 0,
    "updated": 1522593570
  },
  {
    "id": "9abbcff6-a002-45dd-bb4b-3c1e2334dd59",
    "data": [
      {
        "text": "je souffre de troubles anxieux depuis plusieurs annees et je prends paxil 20mg depuis environ 6 ans, pas de resultat positif, est ce que je dois augmenter ?",
        "userDefined": false
      }
    ],
    "isTemplate": false,
    "count": 0,
    "updated": 1522593570
  },
  {
    "id": "ca722f02-c5fc-4f67-87b0-5df07c49a007",
    "data": [
      {
        "text": "Quelle ascension posologique est recommandée pour introduire la Lamotrigine en monothérapie chez l\u0027adulte?",
        "userDefined": false
      }
    ],
    "isTemplate": false,
    "count": 0,
    "updated": 1522593570
  },
  {
    "id": "f5237810-d312-4966-b642-7c2d9b62f19b",
    "data": [
      {
        "text": "propranolol: quelle dose ??",
        "userDefined": false
      }
    ],
    "isTemplate": false,
    "count": 0,
    "updated": 1522593570
  },
  {
    "id": "8de68172-8d5d-4112-be49-ed344e31b0ad",
    "data": [
      {
        "text": "bonjour, je souhaiterais savoir si certaines personnes ont tenté un sevrage du zoloft par ce procédé. je suis sous cet ad depuis 12 ou 13 ans, j\u0027ai tenté maintes fois de me sevrer sans succès car sans doute trop vite. je voudrais donc faire ça le mieux possible. je sais qu\u0027on peut utiliser la titration pour les benzo, puis-je le faire avec le zoloft ? les gélules 50 et 25 mg ne permettant pas sinon de diminuer plus progressivement les doses. merci",
        "userDefined": false
      }
    ],
    "isTemplate": false,
    "count": 0,
    "updated": 1522593570
  },
  {
    "id": "85e3d768-b5b6-45d6-8bc5-80af9a2a74f5",
    "data": [
      {
        "text": "Quel dosage prescrire pour le norset ?",
        "userDefined": false
      }
    ],
    "isTemplate": false,
    "count": 0,
    "updated": 1522593570
  },
  {
    "id": "62ca6cee-8667-40e4-9fb5-47e9e90fccd0",
    "data": [
      {
        "text": "Dose de doliprane maximum par jour ?",
        "userDefined": false
      }
    ],
    "isTemplate": false,
    "count": 0,
    "updated": 1522593570
  },
  {
    "id": "8115de06-2d23-42cb-b428-0e28dd96c3c0",
    "data": [
      {
        "text": "En préventif quel est le dosage de Malarone chez l\u0027enfant?",
        "userDefined": false
      }
    ],
    "isTemplate": false,
    "count": 0,
    "updated": 1522593570
  },
  {
    "id": "60ca73ae-e087-4abe-a85c-f310a3d640c0",
    "data": [
      {
        "text": "peut on prendre du brexin pendant 2 mois ??",
        "userDefined": false
      }
    ],
    "isTemplate": false,
    "count": 0,
    "updated": 1522593570
  },
  {
    "id": "3d6f99f9-cce3-4caa-9c16-cabd8c3ac697",
    "data": [
      {
        "text": "dosage clomid ?",
        "userDefined": false
      }
    ],
    "isTemplate": false,
    "count": 0,
    "updated": 1522593570
  },
  {
    "id": "7f86c5df-4180-4bdf-b3ff-75a07e35def3",
    "data": [
      {
        "text": "prozac, 3 à 4 semaines ?",
        "userDefined": false
      }
    ],
    "isTemplate": false,
    "count": 0,
    "updated": 1522593570
  },
  {
    "id": "efb1f44a-ff3b-4812-bd89-157209b6e2a8",
    "data": [
      {
        "text": "qui est/a pris lamotrigine svp ? a quel dosage vous êtes/étiez ?",
        "userDefined": false
      }
    ],
    "isTemplate": false,
    "count": 0,
    "updated": 1522593570
  },
  {
    "id": "5f3b35a8-2ecc-4403-9c63-1c52623ddec0",
    "data": [
      {
        "text": "A quelle dose commencer l\u0027insuline TOUJEO ?",
        "userDefined": false
      }
    ],
    "isTemplate": false,
    "count": 0,
    "updated": 1522593570
  },
  {
    "id": "038d617e-24bd-4413-b06b-868eeb41e980",
    "data": [
      {
        "text": "combien dois-je prendre de stilnox avant de me couchez ?",
        "userDefined": false
      }
    ],
    "isTemplate": false,
    "count": 0,
    "updated": 1522593570
  },
  {
    "id": "afc919bb-a63d-4490-8887-83fb3e6d3e76",
    "data": [
      {
        "text": "vaccin rubeole tous les 5 ans?",
        "userDefined": false
      }
    ],
    "isTemplate": false,
    "count": 0,
    "updated": 1522593570
  },
  {
    "id": "467e765a-7fbe-4fb0-92b4-42c1138405f9",
    "data": [
      {
        "text": "Peut-on prendre 2 séropam par jour ?",
        "userDefined": false
      }
    ],
    "isTemplate": false,
    "count": 0,
    "updated": 1522593570
  },
  {
    "id": "6dd438a3-6681-4b07-8989-935a356de9b2",
    "data": [
      {
        "text": "j\u0027ai des oedemes et gonflements , rétention d\u0027eau, des genoux jusqu\u0027aux pieds. j\u0027ai lu que vipera redi 5 ou 7ch pourrait me venir en aide mais quelle posologie dois je prendre?",
        "userDefined": false
      }
    ],
    "isTemplate": false,
    "count": 0,
    "updated": 1522593570
  },
  {
    "id": "cf1ed779-c178-4f8d-916e-8c938f080e9e",
    "data": [
      {
        "text": "j\u0027ai commencé à prendre la pillule triella. j\u0027ai lu qu\u0027il fallait prendre une semaine les comprimés blancs, une autre semaines les comprimés jaunes et ensuite les comprimés orange? est-ce exact?",
        "userDefined": false
      }
    ],
    "isTemplate": false,
    "count": 0,
    "updated": 1522593570
  },
  {
    "id": "1a5b0d6e-3b82-4357-85b2-2dd3b52ddbc2",
    "data": [
      {
        "text": "bonjour, on m\u0027a conseille pour mon ami ledum palustre pour un bleu qui refuse de disparaitre sous l\u0027oeil (reste d\u0027un oeil au beurre noir qui date d\u0027environ 2 mois). quel posologie pour ce remede ?  je l\u0027avais deja pris pour une ecchymose ancienne sur la jambe et ca avait tres bien marche, par contre je ne me rappelle plus exactement pendant combien de temps ni a quelle dose je l\u0027avais pris. merci de votre aide",
        "userDefined": false
      }
    ],
    "isTemplate": false,
    "count": 0,
    "updated": 1522593570
  },
  {
    "id": "36eae528-9334-4ac2-9301-ac121d9dbb7e",
    "data": [
      {
        "text": "Est-ce que cette posologie  est trop dosée : amoxicilline 500 mg matin et soir 6 jours pour un nourrisson d\u0027un an et de 7,3 kg ?",
        "userDefined": false
      }
    ],
    "isTemplate": false,
    "count": 0,
    "updated": 1522593570
  },
  {
    "id": "ee1d1ed2-6b32-4cfd-9a6f-9ff21127091a",
    "data": [
      {
        "text": "connaissez vous le dosage approprié de l\u0027huile essentielle de sauge sclarée ?",
        "userDefined": false
      }
    ],
    "isTemplate": false,
    "count": 0,
    "updated": 1522593570
  },
  {
    "id": "ecf49120-3d87-4036-b314-5a534305aca7",
    "data": [
      {
        "text": "posologie arnica en 9 ch ?",
        "userDefined": false
      }
    ],
    "isTemplate": false,
    "count": 0,
    "updated": 1522593570
  },
  {
    "id": "1745ee49-ba67-422e-967c-dc3a328513e3",
    "data": [
      {
        "text": "Combien de temps  peut-on prendre  du stilnox pour l’AMM ?",
        "userDefined": false
      }
    ],
    "isTemplate": false,
    "count": 0,
    "updated": 1522593570
  },
  {
    "id": "770cb6a7-476c-4398-b70b-df83b6bab801",
    "data": [
      {
        "text": "savez-vous s\u0027il on peut prendre natrum mur. tous les jours ?",
        "userDefined": false
      }
    ],
    "isTemplate": false,
    "count": 0,
    "updated": 1522593570
  },
  {
    "id": "734ffa6c-850a-417e-961b-4e6a40c92705",
    "data": [
      {
        "text": "dosage debridat chez jeune enfant en dose poids?",
        "userDefined": false
      }
    ],
    "isTemplate": false,
    "count": 0,
    "updated": 1522593570
  },
  {
    "id": "f2b27aba-5267-4aeb-855c-398a5bab38b2",
    "data": [
      {
        "text": "Mon médecin m\u0027a prescrit 150mg d anafranil : est-ce une surdose ?",
        "userDefined": false
      }
    ],
    "isTemplate": false,
    "count": 0,
    "updated": 1522593570
  },
  {
    "id": "350e7d70-0a89-4283-9716-f73c1fee9d81",
    "data": [
      {
        "text": "dosage maximum de tranxene en une prise ??",
        "userDefined": false
      }
    ],
    "isTemplate": false,
    "count": 0,
    "updated": 1522593570
  },
  {
    "id": "4e7828c4-4421-41c0-bec6-20f553c0b0d6",
    "data": [
      {
        "text": "transpiration excessive,  le jaborandi, quel dosage prendre?",
        "userDefined": false
      }
    ],
    "isTemplate": false,
    "count": 0,
    "updated": 1522593570
  },
  {
    "id": "0313e311-1540-44d3-b13f-ac9c7c369bf6",
    "data": [
      {
        "text": "je souhaite faire une cure de magnésium car j\u0027ai la paupiere de l\u0027oeil qui saute, un mois me semble trop peu, non ?",
        "userDefined": false
      }
    ],
    "isTemplate": false,
    "count": 0,
    "updated": 1522593570
  },
  {
    "id": "8fa0807d-106c-4216-84cb-1f436ce0f681",
    "data": [
      {
        "text": "pourquoi la dose de l\u0027amiodorane (cordarone) est prescrite 5 jours sur 7 et pas 7 jours sur 7 ?",
        "userDefined": false
      }
    ],
    "isTemplate": false,
    "count": 0,
    "updated": 1522593570
  },
  {
    "id": "8a1d344b-ea53-43e3-a0b6-a4b28c2c20d4",
    "data": [
      {
        "text": "je souhaiterai donner ignatia et ambra grisea à ma petite fille de 3 ans. qui saurait me dire en quel ch et quelle posologie?",
        "userDefined": false
      }
    ],
    "isTemplate": false,
    "count": 0,
    "updated": 1522593570
  },
  {
    "id": "bb27ff27-e7b0-47bd-940d-c44d95dfb62d",
    "data": [
      {
        "text": "minidril : peut on reduire les 7 jours ?",
        "userDefined": false
      }
    ],
    "isTemplate": false,
    "count": 0,
    "updated": 1522593570
  },
  {
    "id": "38a8517c-282a-4692-bf86-6e35d1f89e81",
    "data": [
      {
        "text": "laroxyl : à quelle dose fait-il effet?",
        "userDefined": false
      }
    ],
    "isTemplate": false,
    "count": 0,
    "updated": 1522593570
  },
  {
    "id": "5becd4ba-05e5-42c4-b613-47f547bfa48b",
    "data": [
      {
        "text": "Quelle est l\u0027ascension posologique recommandée pour la Mémantine?",
        "userDefined": false
      }
    ],
    "isTemplate": false,
    "count": 0,
    "updated": 1522593570
  },
  {
    "id": "5bcec830-2f79-496d-9131-7d44eada37d4",
    "data": [
      {
        "text": "norlevo, combien de fois?",
        "userDefined": false
      }
    ],
    "isTemplate": false,
    "count": 1,
    "updated": 1522593570
  },
  {
    "id": "7b258235-b6cd-4577-9249-b9554737dc71",
    "data": [
      {
        "text": "je suis sous depamide  donc régulateur humeur,entihepiliptique.  et je suis sous tercian je voudrais savoir le dosage maximal amm contre l anxieter par jour",
        "userDefined": false
      }
    ],
    "isTemplate": false,
    "count": 0,
    "updated": 1522593570
  },
  {
    "id": "cdd145c9-899d-440b-a232-e4733f5193ca",
    "data": [
      {
        "text": "Quel est la dose usuelle de l\u0027amoxicilline pour un enfant?",
        "userDefined": false
      }
    ],
    "isTemplate": false,
    "count": 0,
    "updated": 1522593570
  },
  {
    "id": "4049ef12-b73d-4fa2-a0a5-1cf2dceee28b",
    "data": [
      {
        "text": "je souhaiterai savoir s\u0027il est possible de remplacer 1 comprimé de 100 mg de levothyrox par 2 comprimés de 50 mg ?",
        "userDefined": false
      }
    ],
    "isTemplate": false,
    "count": 0,
    "updated": 1522593570
  },
  {
    "id": "b57b64ba-8b6f-4f3b-a6a1-bbde62ba6ebf",
    "data": [
      {
        "text": "Quel est le dosage optimal en rivotril ?",
        "userDefined": false
      }
    ],
    "isTemplate": false,
    "count": 0,
    "updated": 1522593570
  },
  {
    "id": "0da1f2e7-da37-4d78-aae9-5f8ebca4b3b9",
    "data": [
      {
        "text": "takadol : durée de traitement ?",
        "userDefined": false
      }
    ],
    "isTemplate": false,
    "count": 0,
    "updated": 1522593570
  },
  {
    "id": "5c57bdd7-a8fa-4c86-934d-d797b80ed412",
    "data": [
      {
        "text": "après combien de temps peut-on  reprendre le sargenor?",
        "userDefined": false
      }
    ],
    "isTemplate": false,
    "count": 0,
    "updated": 1522593570
  },
  {
    "id": "c6feb7a3-257f-4d7a-a7f4-cdaa58bed4c3",
    "data": [
      {
        "text": "bonjours a tout(e)s. j\u0027aimerais savoir si prendre 12 comprimé de risperdal 1 mg c\u0027est grave ? (j\u0027ai 15 ans) merci.",
        "userDefined": false
      }
    ],
    "isTemplate": false,
    "count": 0,
    "updated": 1522593570
  },
  {
    "id": "eed58a1b-f8ad-49b3-93de-bda5f2b910aa",
    "data": [
      {
        "text": "Quelle est la posologie de  la feuille d\u0027Olivier, olea europea ?",
        "userDefined": false
      }
    ],
    "isTemplate": false,
    "count": 0,
    "updated": 1522593570
  },
  {
    "id": "c6b05e1c-70e4-46e0-b94a-42c3f1326952",
    "data": [
      {
        "text": "avec sertraline y\u0027a t-il beaucoup de différences entre prendre 50mg par jour et 75mg?",
        "userDefined": false
      }
    ],
    "isTemplate": false,
    "count": 0,
    "updated": 1522593570
  },
  {
    "id": "9b8005c0-9703-4c8e-852a-33e31b1c6fe8",
    "data": [
      {
        "text": "Quelle est la  posologie du laurier noble en inhalation humide?",
        "userDefined": false
      }
    ],
    "isTemplate": false,
    "count": 0,
    "updated": 1522593570
  },
  {
    "id": "daeb4b3b-9cb5-4066-9bc8-4c88c2662d5b",
    "data": [
      {
        "text": "c combien la dose normale de seroplex ?",
        "userDefined": false
      }
    ],
    "isTemplate": false,
    "count": 0,
    "updated": 1522593570
  },
  {
    "id": "bd3747a4-2046-402b-8ad6-3de02ea97454",
    "data": [
      {
        "text": "la chikungunya affecte la réunion. un collègue m\u0027a parlé du ledum palustre 9 ch. est ce que la posologie de 5 comprimés par jour est valable aussi pour les enfants?",
        "userDefined": false
      }
    ],
    "isTemplate": false,
    "count": 0,
    "updated": 1522593570
  },
  {
    "id": "e9cf9e7b-ef43-44d1-a4d9-d595ec9dfc80",
    "data": [
      {
        "text": "après des mois de traitements avec granudoxy , mon dermato ma prescrit tetramysal. je dois prendre toujours deux cachets / gélules seulement là les prises ne doivent plus se faire pendant le repas mais en dehors . sachant que je fais de la musculation et que je mange régulièrement ( 6h15 , 10h 12h 16h 19h ) je voudrais savoir quand je pourrais prendre de manière optimale les gélules sachant que je dois faire 2 prises par jour d\u0027une gélule . .",
        "userDefined": false
      }
    ],
    "isTemplate": false,
    "count": 0,
    "updated": 1522593570
  },
  {
    "id": "917c6d4e-2251-430c-a8b5-1b8a5422960f",
    "data": [
      {
        "text": "4 imovane / jour : puis je augmenter ?",
        "userDefined": false
      }
    ],
    "isTemplate": false,
    "count": 0,
    "updated": 1522593570
  },
  {
    "id": "a1a8d457-84e9-40bb-9f54-5d5e0b3d41b3",
    "data": [
      {
        "text": "je prends du seropram 2 par jour. mon medecin m\u0027a dit de le remonté donc 2.5 par jour cela va mieux, mais c\u0027est pas le top ; pensez vous qu\u0027il fallait monter l\u0027ad ?",
        "userDefined": false
      }
    ],
    "isTemplate": false,
    "count": 0,
    "updated": 1522593570
  },
  {
    "id": "7835ebd8-7d3b-4a4e-a3ad-2a12c7cd413c",
    "data": [
      {
        "text": "début deroxat 1 à 2cp??",
        "userDefined": false
      }
    ],
    "isTemplate": false,
    "count": 0,
    "updated": 1522593570
  },
  {
    "id": "5454e3a1-4d7b-4492-9e1e-566e4a8fe8cf",
    "data": [
      {
        "text": "pour stopper les grignottages du au stress, il fallait prendre ignatia amara en 15ch! mais le probleme c est que je ne sais pas combien de granules ni combien de fois/j!",
        "userDefined": false
      }
    ],
    "isTemplate": false,
    "count": 0,
    "updated": 1522593570
  },
  {
    "id": "54171ba1-aa93-4518-ae3d-3f0eff552dd3",
    "data": [
      {
        "text": "je dois faire le vacin de l\u0027hépatite seulement on ma dit que ça se faisait en plusieurs injection  es ce vrai? merci",
        "userDefined": false
      }
    ],
    "isTemplate": false,
    "count": 0,
    "updated": 1522593570
  },
  {
    "id": "ee5c83c1-489d-469b-848e-7b5f7c824550",
    "data": [
      {
        "text": "le pharmacien m\u0027a donné \"kalium bichromicum 5 ch\" pour ma fille margot (6 mois 8.5 kg) enrhumé, combien lui en donner?!?",
        "userDefined": false
      }
    ],
    "isTemplate": false,
    "count": 0,
    "updated": 1522593570
  },
  {
    "id": "f6f8067f-d101-47d1-ab3e-ae5bc70701c0",
    "data": [
      {
        "text": "je suis dans mon 9eme mois de grossesse et je souffre d\u0027hemorooides, savez vous pendant combien de jours je dois prendre les granulés?",
        "userDefined": false
      }
    ],
    "isTemplate": false,
    "count": 0,
    "updated": 1522593570
  },
  {
    "id": "53c9c6d3-300b-40ac-8539-88705755c763",
    "data": [
      {
        "text": "pour ne pas oublier ma pillule cerazette je l ai prise 1 heure avant l heure habituelle, est ce une bonne action que j ai fais ou j ai fais une betise ?",
        "userDefined": false
      }
    ],
    "isTemplate": false,
    "count": 0,
    "updated": 1522593570
  },
  {
    "id": "f8bf325e-d6d9-4403-b1e8-137fa74bc5f1",
    "data": [
      {
        "text": "Un patient souhaite connaître la posologie habituelle pour Vogalene Lyoc",
        "userDefined": false
      }
    ],
    "isTemplate": false,
    "count": 0,
    "updated": 1522593570
  },
  {
    "id": "cf46bd5c-cf30-44ff-bdca-0b7b88d6c63d",
    "data": [
      {
        "text": "faudra t il faire un rappel de rotarix tous les ans ?",
        "userDefined": false
      }
    ],
    "isTemplate": false,
    "count": 0,
    "updated": 1522593570
  },
  {
    "id": "83c229db-957c-470f-9a8e-607b9ce0d8c5",
    "data": [
      {
        "text": "pilule jasminelle peu dosée ??",
        "userDefined": false
      }
    ],
    "isTemplate": false,
    "count": 0,
    "updated": 1522593570
  },
  {
    "id": "e40ce15a-6ec1-4bbd-a6b8-f0e395dee560",
    "data": [
      {
        "text": "Quelles sont les posologies moyennes de Mysoline chez l\u0027enfant?",
        "userDefined": false
      }
    ],
    "isTemplate": false,
    "count": 0,
    "updated": 1522593570
  },
  {
    "id": "6c8d939c-3218-4957-83f6-df4ae196a866",
    "data": [
      {
        "text": "Quel est le dosage maximum de tranxène en une prise ?",
        "userDefined": false
      }
    ],
    "isTemplate": false,
    "count": 0,
    "updated": 1522593570
  },
  {
    "id": "e467b979-97a4-47d2-affa-950a83bee6e3",
    "data": [
      {
        "text": "je commence le zoloft 150mg, c\u0027est mieux de le prendre en 2 fois ou alors c\u0027est pas grave si je prends d\u0027un coup les 3 comprimés, ce que préfère ?",
        "userDefined": false
      }
    ],
    "isTemplate": false,
    "count": 0,
    "updated": 1522593570
  },
  {
    "id": "417b1b42-cff0-4de7-bfda-65b0a2aa02a9",
    "data": [
      {
        "text": "duphaston: combien de comprimés par jour?",
        "userDefined": false
      }
    ],
    "isTemplate": false,
    "count": 0,
    "updated": 1522593570
  },
  {
    "id": "07d7f38c-ed61-4c42-a451-ee7e9f18adf6",
    "data": [
      {
        "text": "surdosage de doliprane?",
        "userDefined": false
      }
    ],
    "isTemplate": false,
    "count": 1,
    "updated": 1522593570
  },
  {
    "id": "b10e73e0-37e0-4774-9c17-82befb67b15f",
    "data": [
      {
        "text": "combien de temps un traitement acidum phosphoricum combiné au kalium phosphoricum devrai durer ?",
        "userDefined": false
      }
    ],
    "isTemplate": false,
    "count": 0,
    "updated": 1522593570
  },
  {
    "id": "0d88dc94-e7f0-4d96-9a1c-ade2ef896d69",
    "data": [
      {
        "text": "infanrixtetra c\u0027est pour un bébé ou pas ?",
        "userDefined": false
      }
    ],
    "isTemplate": false,
    "count": 0,
    "updated": 1522593570
  },
  {
    "id": "20aa6b39-72be-4a80-afbe-b767378d0199",
    "data": [
      {
        "text": "bonjour, je prends du seroplex depuis 2 jours (le soir)et cette nuit etait pire que la premiere. nausees terribles, maux de tete pendant 10 heures! vous pensez que je peux arreter ;.. je n\u0027arrive pas a joindre mon medecin.ou bien passer a un demi comprime? merci pour vos reponses",
        "userDefined": false
      }
    ],
    "isTemplate": false,
    "count": 0,
    "updated": 1522593570
  },
  {
    "id": "00b5ccc1-e6c2-4556-a425-1acb03c1999e",
    "data": [
      {
        "text": "quelle dose de seropram prenez-vous?",
        "userDefined": false
      }
    ],
    "isTemplate": false,
    "count": 0,
    "updated": 1522593570
  },
  {
    "id": "d2c8a8cd-147a-427d-915d-a39b6ccea329",
    "data": [
      {
        "text": "a qu\u0027elle dose peut on prendre le millepertuis en teinture mère ?",
        "userDefined": false
      }
    ],
    "isTemplate": false,
    "count": 0,
    "updated": 1522593570
  },
  {
    "id": "d2e9e59c-7129-4796-8c50-b159f3d0dd48",
    "data": [
      {
        "text": "Quelle est la posologie maximale de Sifrol LP?",
        "userDefined": false
      }
    ],
    "isTemplate": false,
    "count": 0,
    "updated": 1522593570
  },
  {
    "id": "37051dab-35a2-4b86-9c8a-b1f30a6a0a45",
    "data": [
      {
        "text": "gelsemium sempervirens 9ch : faut-il prendre tout le tube ?",
        "userDefined": false
      }
    ],
    "isTemplate": false,
    "count": 0,
    "updated": 1522593570
  },
  {
    "id": "3e232156-862b-425b-940d-a099710f6b9c",
    "data": [
      {
        "text": "j\u0027aimerai savoir le vaccin pour la rubéole ror ce fais tout les 5 ans ou pas?",
        "userDefined": false
      }
    ],
    "isTemplate": false,
    "count": 0,
    "updated": 1522593570
  },
  {
    "id": "152e8450-b24d-46ba-a8db-2db893b309c7",
    "data": [
      {
        "text": "Une pharmacienne reçoit la prescription de Peridys 10mg comprimé pour une femme sous chimiothérapie. La posologie indiquée est de 3à4 comprimés 4 fois par jour, est-ce la posologie recommandée ?",
        "userDefined": false
      }
    ],
    "isTemplate": false,
    "count": 0,
    "updated": 1522593570
  },
  {
    "id": "9cbb5e42-ec0b-4782-8b99-5a911c341af4",
    "data": [
      {
        "text": "quelle dose du prozac avez vous commençer à voir les effets bénéfiques?",
        "userDefined": false
      }
    ],
    "isTemplate": false,
    "count": 0,
    "updated": 1522593570
  },
  {
    "id": "0820b001-0c01-4322-bf9d-f5801f6fa590",
    "data": [
      {
        "text": "valium dosage maximal de l\u0027autorisation mise sur le marcher ??",
        "userDefined": false
      }
    ],
    "isTemplate": false,
    "count": 0,
    "updated": 1522593570
  },
  {
    "id": "77839585-d747-415e-9a6f-069d74ada52e",
    "data": [
      {
        "text": "combien de temps de traitement sous doxycycline pour de l\u0027acné ?",
        "userDefined": false
      }
    ],
    "isTemplate": false,
    "count": 0,
    "updated": 1522593570
  },
  {
    "id": "e0cb2e20-79c9-4fdd-92fb-86099ae2d0ce",
    "data": [
      {
        "text": "ma fille a 1 mois et j\u0027ai dû consulter un médecin pour une laryngite: célestène 40 gouttes pendant 5 jours. n\u0027est ce pas trop pour un nourrisson de cet âge?",
        "userDefined": false
      }
    ],
    "isTemplate": false,
    "count": 0,
    "updated": 1522593570
  },
  {
    "id": "59d169f2-e333-4e55-9d77-e3c8c499803a",
    "data": [
      {
        "text": "quel est le dosage de zoloft recommandé ?",
        "userDefined": false
      }
    ],
    "isTemplate": false,
    "count": 0,
    "updated": 1522593570
  },
  {
    "id": "4662013d-546d-4b42-a957-ef195cf8522c",
    "data": [
      {
        "text": "le bas de mon ventre est \"gravement gonflé\", et on m\u0027a conseillé le charbon végétal. je voudrais savoir combien en prendre/jour.",
        "userDefined": false
      }
    ],
    "isTemplate": false,
    "count": 0,
    "updated": 1522593570
  },
  {
    "id": "e61872bd-75bb-44a4-acde-ef591d91a840",
    "data": [
      {
        "text": "temps de traitement des antibio?",
        "userDefined": false
      }
    ],
    "isTemplate": false,
    "count": 0,
    "updated": 1522593570
  },
  {
    "id": "45b8cd4e-6cb2-4348-8456-a9136fc8cd39",
    "data": [
      {
        "text": "ignitia amara a 9ch  ou 15ch? combien de granules?",
        "userDefined": false
      }
    ],
    "isTemplate": false,
    "count": 0,
    "updated": 1522593570
  },
  {
    "id": "4b40e271-f054-4cbd-99ed-2d3e45acd486",
    "data": [
      {
        "text": "Quelle est la posologie recommandée pour le temesta ?",
        "userDefined": false
      }
    ],
    "isTemplate": false,
    "count": 0,
    "updated": 1522593570
  },
  {
    "id": "a3d293f0-58e2-4ad3-90b9-a657ac390a96",
    "data": [
      {
        "text": "dose maximale de vitamine c pour grosse carence ?",
        "userDefined": false
      }
    ],
    "isTemplate": false,
    "count": 0,
    "updated": 1522593570
  },
  {
    "id": "60885093-5470-4acd-a08a-9150b48775a2",
    "data": [
      {
        "text": "tolexine. Quelle posologie ?",
        "userDefined": false
      }
    ],
    "isTemplate": false,
    "count": 0,
    "updated": 1522593570
  },
  {
    "id": "df0ff680-d9af-495a-86ba-ffc25f87d773",
    "data": [
      {
        "text": "a partir de quel age faut il faire le vaccin ror ?",
        "userDefined": false
      }
    ],
    "isTemplate": false,
    "count": 0,
    "updated": 1522593570
  },
  {
    "id": "67f2d373-2dea-4e63-b52d-6bd5058afc31",
    "data": [
      {
        "text": "il y a 11 mois environ,mon doc. m\u0027a arrêté pour dépression pendant 2mois1/2(c\u0027est moi qui a voulu reprendre le travail)auparavant,j\u0027étais sous stablon et urbanyl 5,qui ne m\u0027avaient pas fait prendre de poids;au moment de l\u0027arrêt le doc.m\u0027a mis sous anafranil inj.,laroxyl gttes et seresta 50;puis idem,mais anafranil 75 cpr + psy. à consulter.en mai ma psy. m\u0027a mis sous cymbalta(le reste était arrêté),je n\u0027ai pas vu d\u0027effets(perte de poids)donc mon doc.m\u0027a redonné stablon,sans succès!en septembre,il m\u0027a donné effexor 75 1/jour)et depuis 15 jours j\u0027ai baissé à 37,5 1/jour et depuis 2 jours 1 soir sur 2,car j\u0027en ai marre de la prise de poids et d\u0027avaler des médocs!donc voilà!quand pensez-vous?je vois toujours ma psy et je me sens zen.j\u0027ai 48ans",
        "userDefined": false
      }
    ],
    "isTemplate": false,
    "count": 0,
    "updated": 1522593570
  },
  {
    "id": "bd660b0d-e7d8-4ebe-b51c-21457170f55f",
    "data": [
      {
        "text": "est-ce que quelqu\u0027un connait les doses d\u0027anthocyanosides recommandées en thérapeutique?",
        "userDefined": false
      }
    ],
    "isTemplate": false,
    "count": 0,
    "updated": 1522593570
  },
  {
    "id": "939681d7-f559-4d64-98a5-2c1e05c22741",
    "data": [
      {
        "text": "durée traitement duphaston ?",
        "userDefined": false
      }
    ],
    "isTemplate": false,
    "count": 0,
    "updated": 1522593570
  },
  {
    "id": "3614b698-1ef2-4e00-ace2-a35fa43e6334",
    "data": [
      {
        "text": "Il faut mettre combien de gouttes de ravintsara par jour en local pour avoir une efficacité préventive ?",
        "userDefined": false
      }
    ],
    "isTemplate": false,
    "count": 1,
    "updated": 1522593570
  },
  {
    "id": "cc2bc077-729a-4a9a-b8c7-fb2599d238b6",
    "data": [
      {
        "text": "Quelle est la posologie pour l’huile d’Estragon ?",
        "userDefined": false
      }
    ],
    "isTemplate": false,
    "count": 0,
    "updated": 1522593570
  },
  {
    "id": "951df739-1f58-47d8-8edf-f81f9a7363a8",
    "data": [
      {
        "text": "J\u0027ai régulièrement des ordonnances d\u0027Effentora 800 microgrammes pour une patiente. Malgré la boîte de 28 comprimés, la patiente revient tous les 15 jours avec une nouvelle ordonnance est-elle en surdosage ? Que conseiller au médecin pour améliorer la prise en charge de cette patiente ?",
        "userDefined": false
      }
    ],
    "isTemplate": false,
    "count": 0,
    "updated": 1522593570
  },
  {
    "id": "cc0918da-4869-4ebb-894f-0e6f53e7a829",
    "data": [
      {
        "text": "magnesium pendant combien de temps ?",
        "userDefined": false
      }
    ],
    "isTemplate": false,
    "count": 0,
    "updated": 1522593570
  },
  {
    "id": "8a43d76c-e425-41e2-9f3b-94642fb7c92e",
    "data": [
      {
        "text": "je fais des crises de spasmophilie depuis quelques semaines, je me demandais si au lieu de prendre 1/2 lysanxia en cas de crise je ne serai pas mieux d\u0027en prendre 1/2 le matin et 1/2 le soir afin d\u0027éviter les crises. vous pensez que c\u0027est possible ?",
        "userDefined": false
      }
    ],
    "isTemplate": false,
    "count": 0,
    "updated": 1522593570
  },
  {
    "id": "87b875db-4bec-4b31-8053-466a7d94ba56",
    "data": [
      {
        "text": "jaimerai savoir comen avez vous mis la creme progestogel ( tous les jour?)",
        "userDefined": false
      }
    ],
    "isTemplate": false,
    "count": 0,
    "updated": 1522593570
  },
  {
    "id": "81903679-d0ee-4dc4-bdca-2a875800aecc",
    "data": [
      {
        "text": "si je veux prendre ignatia, medorrhinum et arsenicum en automédication, quelle dilution dois-je prendre?",
        "userDefined": false
      }
    ],
    "isTemplate": false,
    "count": 0,
    "updated": 1522593570
  },
  {
    "id": "6ac7fcf8-47db-46ed-b5a6-bab99ff21b70",
    "data": [
      {
        "text": "seresta , dosage?",
        "userDefined": false
      }
    ],
    "isTemplate": false,
    "count": 0,
    "updated": 1522593570
  },
  {
    "id": "d03b0784-2418-4acd-941a-40add20004ec",
    "data": [
      {
        "text": "je voudrais recombiner ibuprofène + paracetamol, mais quel délai est raisonnable pour administrer l\u0027ibuprofène en nombre d\u0027heures après avoir pris du solupred",
        "userDefined": false
      }
    ],
    "isTemplate": false,
    "count": 0,
    "updated": 1522593570
  },
  {
    "id": "1e1a3fa9-e643-4c49-9fc7-d93fee124a20",
    "data": [
      {
        "text": "je prend tous les jours du zoloft 50mg depuis 11mois.  Est-ce un dosage correct?",
        "userDefined": false
      }
    ],
    "isTemplate": false,
    "count": 0,
    "updated": 1522593570
  },
  {
    "id": "2a116f4b-7081-4d53-8a04-6fa56f7a8eda",
    "data": [
      {
        "text": "J\u0027ai du ciprofloxacin 500 mg pour traiter une infection urinaire à la maison. Combien puis-je en prendre par jour?",
        "userDefined": false
      }
    ],
    "isTemplate": false,
    "count": 0,
    "updated": 1522593570
  },
  {
    "id": "a4c29434-5988-4ece-960e-db246d5be69f",
    "data": [
      {
        "text": "Est-ce qu’une posologie de bactrim à 2 cp 3 fois par jour une seule journée chez un homme est indiquée?",
        "userDefined": false
      }
    ],
    "isTemplate": false,
    "count": 0,
    "updated": 1522593570
  },
  {
    "id": "b649ae51-690f-44a3-8ea7-9fe4b16c4e0e",
    "data": [
      {
        "text": "gelsémium contre stress-anxiété: peut-on en prendre tous les jours ?",
        "userDefined": false
      }
    ],
    "isTemplate": false,
    "count": 0,
    "updated": 1522593570
  },
  {
    "id": "5a9b48c6-ac54-41db-aeec-d06d99bd7af2",
    "data": [
      {
        "text": "prozac posologie ?",
        "userDefined": false
      }
    ],
    "isTemplate": false,
    "count": 0,
    "updated": 1522593570
  },
  {
    "id": "a7db8db7-08a1-43fb-af4c-c749aac4f284",
    "data": [
      {
        "text": "Quelle est la durée maximale du traitement par duoplavin",
        "userDefined": false
      }
    ],
    "isTemplate": false,
    "count": 0,
    "updated": 1522593570
  },
  {
    "id": "d7d1da03-23ed-4b19-9d29-2d7d96cf90f6",
    "data": [
      {
        "text": "est- ce que 20 mg de deroxat par jour est suffisant pour des tocs et des phobies d\u0027impulsion ?",
        "userDefined": false
      }
    ],
    "isTemplate": false,
    "count": 0,
    "updated": 1522593570
  },
  {
    "id": "9a544e84-5305-4cf5-a7b0-678ba4e67a66",
    "data": [
      {
        "text": "effexor en 2 prises?",
        "userDefined": false
      }
    ],
    "isTemplate": false,
    "count": 0,
    "updated": 1522593570
  },
  {
    "id": "d11e4297-2503-4015-a741-ee16ca619046",
    "data": [
      {
        "text": "dosage maximum de tanxene en une prise ?",
        "userDefined": false
      }
    ],
    "isTemplate": false,
    "count": 0,
    "updated": 1522593570
  },
  {
    "id": "840cd0ea-abba-4813-b1a3-47a147ca4906",
    "data": [
      {
        "text": "mon médecin a prescrit du ferrum phosphoricum 7 ch à mon bébé pour une rhino-pharingite. Ma fille est à nouveau malade, il se trouve que j\u0027ai dans ma trousse du ferrum phosphoricum 9 ch. pensez-vous que je peux lui donner du 9 ch ou dois-je aller acheter du 7 ch ?",
        "userDefined": false
      }
    ],
    "isTemplate": false,
    "count": 0,
    "updated": 1522593570
  },
  {
    "id": "cac9c442-2805-43e3-b01b-1cc66051a232",
    "data": [
      {
        "text": "j\u0027ai pris un comprimé de vogalene, dans combien de temps je pourrais en reprendre un autre ?",
        "userDefined": false
      }
    ],
    "isTemplate": false,
    "count": 0,
    "updated": 1522593570
  },
  {
    "id": "b449d770-831b-4fa4-b292-ea8dcca07ee3",
    "data": [
      {
        "text": "mon medecin m\u0027a donné atarax 25 mg un au coucher. A votre avis je peu en prendre 2 de 25mg?",
        "userDefined": false
      }
    ],
    "isTemplate": false,
    "count": 0,
    "updated": 1522593570
  },
  {
    "id": "ad8a7242-9a0c-4f10-a8c4-ddce2e76ca3a",
    "data": [
      {
        "text": "vaccin du col de l\u0027utérus, en ayant déjà fait l\u0027amour..?",
        "userDefined": false
      }
    ],
    "isTemplate": false,
    "count": 0,
    "updated": 1522593570
  },
  {
    "id": "15e57a47-2da1-4122-a381-6f7474b018bb",
    "data": [
      {
        "text": "le doliprane 100g sous forme de suppositoire a t\u0027il les memes posologies que la forme orale?",
        "userDefined": false
      }
    ],
    "isTemplate": false,
    "count": 0,
    "updated": 1522593570
  },
  {
    "id": "89401bac-c1cf-4cee-b11d-07107a58b6d7",
    "data": [
      {
        "text": "Je prends de l\u0027Avlocardyl de temps en temps en cas de stress mais aussi de la Paroxétine tous les soirs. Combien de fois par jour puis-je en prendre ?",
        "userDefined": false
      }
    ],
    "isTemplate": false,
    "count": 0,
    "updated": 1522593570
  },
  {
    "id": "9df11489-d41a-425d-a678-a1cc82294aad",
    "data": [
      {
        "text": "dosage azithromycine chez enfant ?",
        "userDefined": false
      }
    ],
    "isTemplate": false,
    "count": 0,
    "updated": 1522593570
  },
  {
    "id": "d390866d-ca33-479a-83c8-de5e487c0c8a",
    "data": [
      {
        "text": "Peut on prendre 3 grammes de vitamine C en une prise ?",
        "userDefined": false
      }
    ],
    "isTemplate": false,
    "count": 0,
    "updated": 1522593570
  },
  {
    "id": "fe73a3b6-9eaa-426e-8c52-46b75f9f6016",
    "data": [
      {
        "text": "Quelle dose de Stomectol prescrire ?",
        "userDefined": false
      }
    ],
    "isTemplate": false,
    "count": 0,
    "updated": 1522593570
  },
  {
    "id": "e8b21985-9db4-4f44-b254-adb253eea754",
    "data": [
      {
        "text": "est- ce que vous pensez que 20 mg de deroxat par jour est suffisant pour des tocs et des phobies d\u0027impulsion ?",
        "userDefined": false
      }
    ],
    "isTemplate": false,
    "count": 0,
    "updated": 1522593570
  },
  {
    "id": "3834b1e1-d36d-4c02-b922-46011509e70e",
    "data": [
      {
        "text": "duphaston prescrit pendant 4 jours seulement ?",
        "userDefined": false
      }
    ],
    "isTemplate": false,
    "count": 0,
    "updated": 1522593570
  },
  {
    "id": "08a83215-343a-4c89-a89d-2924549e1d2c",
    "data": [
      {
        "text": "j\u0027ai un petit garcon de 2 ans qui souffre des dents, quelle dose de chamomilla peut il prendre?",
        "userDefined": false
      }
    ],
    "isTemplate": false,
    "count": 0,
    "updated": 1522593570
  },
  {
    "id": "01602950-710a-4295-9913-58c61cb2a097",
    "data": [
      {
        "text": "quelle est la dose maximale de vitamine c pour grosse carence ?",
        "userDefined": false
      }
    ],
    "isTemplate": false,
    "count": 0,
    "updated": 1522593570
  },
  {
    "id": "419a8cb9-998e-4285-afc8-e8553cecd343",
    "data": [
      {
        "text": "doxycycline pour clamydiae : dosage ?",
        "userDefined": false
      }
    ],
    "isTemplate": false,
    "count": 0,
    "updated": 1522593570
  },
  {
    "id": "22163833-6045-45cf-b4c4-2c33f3444e1e",
    "data": [
      {
        "text": "Une ordonnance  d’Amoxicilline  en sirop à la posologie de 200mg toutes les 8h pendant 10 jours, pour un  enfant de 15 mois avec morsure de tique supposée depuis hier, enlevée ce matin (tombée toute seule), n’est-ce pas trop court en termes de durée de traitement ?",
        "userDefined": false
      }
    ],
    "isTemplate": false,
    "count": 0,
    "updated": 1522593570
  },
  {
    "id": "f4babdd7-d21f-4fe5-be09-6cbe588c2f92",
    "data": [
      {
        "text": "Un patient m’a ramené une ordonnance de 3x1g d\u0027amoxicilline pendant 5j pour une otite moyenne aiguë purulente d\u0027un adulte, est-ce une posologie normale ?",
        "userDefined": false
      }
    ],
    "isTemplate": false,
    "count": 0,
    "updated": 1522593570
  }
]