[
  {
    "id": "965ef480-99cc-4f06-b560-6199ce0064ba",
    "data": [
      {
        "text": "arret du mepronizine : quels effets ??",
        "userDefined": false
      }
    ],
    "isTemplate": false,
    "count": 0,
    "updated": 1522593226
  },
  {
    "id": "cfa440af-58f6-41ac-9a20-c372ac378e38",
    "data": [
      {
        "text": "avec lisanxia n\u0027y a t il pas trop de problème de sevrage ?",
        "userDefined": false
      }
    ],
    "isTemplate": false,
    "count": 0,
    "updated": 1522593226
  },
  {
    "id": "1454e354-ea77-4042-b873-0bedffb52e57",
    "data": [
      {
        "text": "sevrage seroplex très difficile?",
        "userDefined": false
      }
    ],
    "isTemplate": false,
    "count": 0,
    "updated": 1522593226
  },
  {
    "id": "dcb1bab7-8822-40fd-8c48-1278fc2df6c4",
    "data": [
      {
        "text": "j\u0027ai arrêté le prozac depus fin mars 2009, j\u0027ai ensuite des problemes de sommeil, pertes d\u0027energies, maux de tête, prise de poids. Suis je dépendante au prozac?",
        "userDefined": false
      }
    ],
    "isTemplate": false,
    "count": 0,
    "updated": 1522593226
  },
  {
    "id": "bc7ea417-2826-4b19-a1c1-33cb5daf88c7",
    "data": [
      {
        "text": "Qu\u0027est-ce que les inhibiteurs de la pompe à proton ?",
        "userDefined": false
      }
    ],
    "isTemplate": false,
    "count": 0,
    "updated": 1522593226
  },
  {
    "id": "81b97f80-596d-4307-8fe9-f1b080c99a1a",
    "data": [
      {
        "text": "j\u0027ai arrêté la pilule trinordiol et j\u0027ai de grosses douleurs au ventre, nausées, mal au crane. je voudrais savoir si c\u0027est un effet de la pilule?",
        "userDefined": false
      }
    ],
    "isTemplate": false,
    "count": 0,
    "updated": 1522593226
  },
  {
    "id": "72c325c2-dc60-455c-8ed1-20fdb94e20e3",
    "data": [
      {
        "text": "je suis sous traitement, j\u0027ai commencé par des tranquilisants musculaires, mais aucun effet, je prend maintenant des stresam, stilnox et atarax. mon mari ne supporte pas que je prennne ces médicaments. j\u0027ai donc arrêter ces traitements en même temps que ma pilule.  aujourd\u0027hui, je dors mal et très peu. je n\u0027ai pas eu mes règles !! est ce un signe ou est ce simplement un retard dû à un arrêt brutal des ad ?",
        "userDefined": false
      }
    ],
    "isTemplate": false,
    "count": 0,
    "updated": 1522593226
  },
  {
    "id": "81078fb3-7141-4135-be8c-1f00abbf596d",
    "data": [
      {
        "text": "j\u0027ai arreté diane 35 il y a 2 mois maintenant, et la première fois g eu mes règles un peu en retard mais je les ai eu, et ce mois ci je l\u0027ai ai pas eu! a votre avis c normal ou pa??",
        "userDefined": false
      }
    ],
    "isTemplate": false,
    "count": 0,
    "updated": 1522593226
  },
  {
    "id": "3c91300d-ae9c-4d07-98fe-b657f09bbbf7",
    "data": [
      {
        "text": "j\u0027ai retiré mon stérilet mirena et la gygy m\u0027a dit que j\u0027étais en période d\u0027ovulation. j\u0027avais eu un rapport non protégé avec mon mari la veille du retrait. depuis j\u0027ai des pertes marrons mais il me semble qu\u0027on peut également avoir ces symptomes après un stérilet le temps que tout se remette en place non?",
        "userDefined": false
      }
    ],
    "isTemplate": false,
    "count": 0,
    "updated": 1522593226
  },
  {
    "id": "b5446e8e-ab5e-46e4-a4ca-5d955847c849",
    "data": [
      {
        "text": "arrêt brutal effexor, quels effets?",
        "userDefined": false
      }
    ],
    "isTemplate": false,
    "count": 0,
    "updated": 1522593226
  },
  {
    "id": "4ea2be0e-9b0b-4819-9b36-0492402bfffe",
    "data": [
      {
        "text": "j\u0027ia arrêté androcur depuis 3-4 mois. après 3 mois sans règles, voilà que ça fait 1 mois que j\u0027ai des règles abondantes avec pleins de dentelle utérine qui descend. à quoi est ce du?",
        "userDefined": false
      }
    ],
    "isTemplate": false,
    "count": 0,
    "updated": 1522593226
  },
  {
    "id": "4ba43595-d07b-4ba6-9464-c5f478f1beff",
    "data": [
      {
        "text": "Après l\u0027arrêt de la pillule cerazette, je n\u0027ai plus mes règles. est ce normal?",
        "userDefined": false
      }
    ],
    "isTemplate": false,
    "count": 0,
    "updated": 1522593226
  },
  {
    "id": "f6c46e4a-ecd0-400a-b3a0-fd117f953be2",
    "data": [
      {
        "text": "j\u0027ai arrêté androcur et j\u0027ai pas de règles..et vous?",
        "userDefined": false
      }
    ],
    "isTemplate": false,
    "count": 0,
    "updated": 1522593226
  },
  {
    "id": "a9b46312-06e7-45b1-82ac-d1c79e3ce6ee",
    "data": [
      {
        "text": "retrait mirena : règles et douelurs ??",
        "userDefined": false
      }
    ],
    "isTemplate": false,
    "count": 0,
    "updated": 1522593226
  },
  {
    "id": "ef04da1d-469e-456b-91d3-abaad0f5f4f9",
    "data": [
      {
        "text": "je suis sous cerazette depuis plus d\u0027un an. depuis le 23juin j\u0027ai arreté ma pilule, et depuis je n\u0027ai tjs pas eu mes regles. est ce normal ?",
        "userDefined": false
      }
    ],
    "isTemplate": false,
    "count": 0,
    "updated": 1522593226
  },
  {
    "id": "a748eb2c-c048-48a5-a658-85c1180d8de6",
    "data": [
      {
        "text": "bonsoir je prend du seroplex 20mg et du zyprexa 20mg depuis 2ans et il y a 15jours j\u0027ai stopper brutalement le traitement sans l\u0027accord de ma psy mais depuis une semaine j\u0027ai des sueurs chaud froid je fais que vomir j\u0027ai mal au ventre terriblement et je n\u0027arrive pas a manger je ne dort plus cela peut il a voir avec l\u0027arrêt du traitement?",
        "userDefined": false
      }
    ],
    "isTemplate": false,
    "count": 0,
    "updated": 1522593226
  },
  {
    "id": "0ec56cb1-c72d-4cb2-a4b2-ff3db4be3eec",
    "data": [
      {
        "text": "arret cerazette  .. pas ms regles ?",
        "userDefined": false
      }
    ],
    "isTemplate": false,
    "count": 0,
    "updated": 1522593226
  },
  {
    "id": "ebaebcf4-21e4-40a7-85be-2bc12a5868c1",
    "data": [
      {
        "text": "es ce que vos poils sont plus important qu\u0027au début apres l\u0027arret d\u0027androcur?",
        "userDefined": false
      }
    ],
    "isTemplate": false,
    "count": 0,
    "updated": 1522593226
  },
  {
    "id": "8428b969-dd4c-4812-99a3-12f1777325f7",
    "data": [
      {
        "text": "est ce que l\u0027arrêt du seresta entraine l\u0027insomnie?",
        "userDefined": false
      }
    ],
    "isTemplate": false,
    "count": 0,
    "updated": 1522593226
  },
  {
    "id": "c4498228-ccc1-453a-aef1-63b554705769",
    "data": [
      {
        "text": "Que faut-il craindre à l\u0027arrêt du subutex ?",
        "userDefined": false
      }
    ],
    "isTemplate": false,
    "count": 0,
    "updated": 1522593226
  },
  {
    "id": "5142ca7f-2ae5-4a41-bcc4-8977d9554968",
    "data": [
      {
        "text": "zoloft (sertraline) : sevrage difficile ?",
        "userDefined": false
      }
    ],
    "isTemplate": false,
    "count": 0,
    "updated": 1522593226
  },
  {
    "id": "a19e55ec-8343-412a-90bb-d153b974e79e",
    "data": [
      {
        "text": "est-ce que je vais prendre du poids en arrêtant adepal??",
        "userDefined": false
      }
    ],
    "isTemplate": false,
    "count": 0,
    "updated": 1522593226
  },
  {
    "id": "f9831e5a-c1e9-49ac-a403-b67ea0eb6242",
    "data": [
      {
        "text": "je suis sous seropram et je dois passer au deroxat. je me demande donc si je vais ressentir les effets du sevrage du seropram?",
        "userDefined": false
      }
    ],
    "isTemplate": false,
    "count": 0,
    "updated": 1522593226
  },
  {
    "id": "82f24598-1250-449d-a6d9-dcf16752c66a",
    "data": [
      {
        "text": "est ce que l\u0027arrêt de risperdal consta entraine une perte de poids?",
        "userDefined": false
      }
    ],
    "isTemplate": false,
    "count": 0,
    "updated": 1522593226
  },
  {
    "id": "12765461-7971-42c5-895f-b917d3b46e76",
    "data": [
      {
        "text": "Quel sevrage à l\u0027arrêt du Deroxat ?",
        "userDefined": false
      }
    ],
    "isTemplate": false,
    "count": 0,
    "updated": 1522593226
  },
  {
    "id": "bc9c046f-5537-4610-b39c-157b2a033fc5",
    "data": [
      {
        "text": "quelqu\u0027un a t il eu un sevrage de laroxyl assez rapide comme le miens et qui n\u0027a pas eu d\u0027effets secondaires ?",
        "userDefined": false
      }
    ],
    "isTemplate": false,
    "count": 0,
    "updated": 1522593226
  },
  {
    "id": "862f9ad2-2623-44b4-a4b2-027f0fac4684",
    "data": [
      {
        "text": "arrêt brutal du deroxat : quels sont les effets ?",
        "userDefined": false
      }
    ],
    "isTemplate": false,
    "count": 0,
    "updated": 1522593226
  },
  {
    "id": "7da5ac73-04f7-4abf-b070-4f9a4e671bc2",
    "data": [
      {
        "text": "Quels sont les symptomes du sevrage de l\u0027effexor ?",
        "userDefined": false
      }
    ],
    "isTemplate": false,
    "count": 0,
    "updated": 1522593226
  },
  {
    "id": "dff33eab-65f6-4158-9238-b15e94288260",
    "data": [
      {
        "text": "j\u0027aimerais bien savoir si le prozac diminué progressivement engendre effectivement en pratique , moins de syndrome de sevrage.",
        "userDefined": false
      }
    ],
    "isTemplate": false,
    "count": 0,
    "updated": 1522593226
  },
  {
    "id": "742ff815-bef9-4a05-bad5-c6f87fc69024",
    "data": [
      {
        "text": "perd-on obligatoirement du poids après l\u0027arrêt de diane ?",
        "userDefined": false
      }
    ],
    "isTemplate": false,
    "count": 0,
    "updated": 1522593226
  },
  {
    "id": "bbca7ddd-6e75-4c6f-9bd0-de3e8169d37b",
    "data": [
      {
        "text": "arrêt du déroxat : que se passe-t-il ?",
        "userDefined": false
      }
    ],
    "isTemplate": false,
    "count": 0,
    "updated": 1522593226
  },
  {
    "id": "00dd815a-eb0f-479c-a570-a0b5bb621e8e",
    "data": [
      {
        "text": "je suis en sevrage de divarius. cela va faire 10 jours que j\u0027ai cessé ce médicament. pourtant, je suis atteint de vertiges, bouffées de chaleur et fortes angoisses, ceci alors que mon moral est bon et stabilisé.  est-ce dû à l\u0027arrêt du médicament ?",
        "userDefined": false
      }
    ],
    "isTemplate": false,
    "count": 0,
    "updated": 1522593226
  },
  {
    "id": "bf6e2d92-4449-47b0-8653-e780a77dc594",
    "data": [
      {
        "text": "effets sevrage de lexomil ?",
        "userDefined": false
      }
    ],
    "isTemplate": false,
    "count": 0,
    "updated": 1522593226
  },
  {
    "id": "ea275dc4-80e4-4eea-b95a-d320c61034bf",
    "data": [
      {
        "text": "arrêt diane 35, vos règles?",
        "userDefined": false
      }
    ],
    "isTemplate": false,
    "count": 0,
    "updated": 1522593226
  },
  {
    "id": "aace0a2b-caf3-49fe-9634-134aee45a24d",
    "data": [
      {
        "text": "pourquoi ai-je mes règles le lendemain du retrait de nuvaring?",
        "userDefined": false
      }
    ],
    "isTemplate": false,
    "count": 0,
    "updated": 1522593226
  },
  {
    "id": "803c8fb0-42d5-4bd0-bacc-e56f0e82580b",
    "data": [
      {
        "text": "des que je diminue les doses ou si je repousse l heure du xanax j\u0027ai des troubles de la vision et j\u0027ai la sensation d\u0027etre saoul, normal ?",
        "userDefined": false
      }
    ],
    "isTemplate": false,
    "count": 0,
    "updated": 1522593226
  },
  {
    "id": "dfc13bd2-94f7-4428-896a-1f0bd73dc76b",
    "data": [
      {
        "text": "est-il normal qu\u0027après mon traitement au duphaston me sont apparus des poils dans le cou ?",
        "userDefined": false
      }
    ],
    "isTemplate": false,
    "count": 0,
    "updated": 1522593226
  },
  {
    "id": "c2ee7b33-e5bf-4cc2-9141-29e9ff3ee110",
    "data": [
      {
        "text": "arreter leffexor après plusieurs mois de traitement ca peut rendre malade? ca va durer longtps selon vous??",
        "userDefined": false
      }
    ],
    "isTemplate": false,
    "count": 0,
    "updated": 1522593226
  },
  {
    "id": "c9610f9b-f5e8-4999-a1aa-04a677388a52",
    "data": [
      {
        "text": "mon medecin m\u0027a prescrit du zoloft car je fais beaucoup d\u0027angoisse et ai toujours peur de vomir. quand on l\u0027arrete ca fait quoi ?",
        "userDefined": false
      }
    ],
    "isTemplate": false,
    "count": 0,
    "updated": 1522593226
  },
  {
    "id": "bed9834d-bd27-4112-8011-88327af5c088",
    "data": [
      {
        "text": "bonjour, j\u0027ai décidé d\u0027arreter de prendre du deroxat (j\u0027en prenais un par jour) la premiere semaine est cahotique j\u0027ai l\u0027impression d\u0027être toujours fatigué et je suis pris de vertiges dés que je tourne la tete. en fait j\u0027ai l\u0027impression que c\u0027est mes yeux qui n\u0027arrivent pas a suivre le mouvement de ma tete.. c\u0027est invivable et me donne l\u0027impression d\u0027etre toujours énervé! est ce normal et ces effets  vont ils s\u0027estompés? merci de vos réponses!",
        "userDefined": false
      }
    ],
    "isTemplate": false,
    "count": 0,
    "updated": 1522593226
  },
  {
    "id": "d882e8a3-dc29-4410-83a1-3243ef2adb75",
    "data": [
      {
        "text": "seropram en gouttes et sevrage ?",
        "userDefined": false
      }
    ],
    "isTemplate": false,
    "count": 1,
    "updated": 1522593226
  },
  {
    "id": "88a5bba3-ea03-4158-a876-2af47c51b2f2",
    "data": [
      {
        "text": "j\u0027aimerais savoir si on perd du poids après l\u0027arret du seropram (j\u0027avais pris 6 à 8 kilos), car j\u0027ai l\u0027impression que ce sera pire pour moi. qu\u0027en est t-il ?",
        "userDefined": false
      }
    ],
    "isTemplate": false,
    "count": 0,
    "updated": 1522593226
  },
  {
    "id": "d51242a6-5ac0-4835-b77c-e70b00a3ca7c",
    "data": [
      {
        "text": "Des extrasystoles sont elle un signe de sevrage du deroxat ?",
        "userDefined": false
      }
    ],
    "isTemplate": false,
    "count": 0,
    "updated": 1522593226
  },
  {
    "id": "e6b12cfd-2f06-4bb2-8e84-2935c1660a65",
    "data": [
      {
        "text": "Je suis sous Effexor 150 mg depuis bientôt 1 an et je vais surement arrêter pour  passer sous Seroplex. Le sevrage est-il pénible ?",
        "userDefined": false
      }
    ],
    "isTemplate": false,
    "count": 0,
    "updated": 1522593226
  },
  {
    "id": "8de7c5a3-30a8-4fa9-a20e-672b98901811",
    "data": [
      {
        "text": "conséquence du sevrage de seroplex ??",
        "userDefined": false
      }
    ],
    "isTemplate": false,
    "count": 0,
    "updated": 1522593226
  },
  {
    "id": "aa569ead-11d4-4eb6-bf40-d562bd12cf1b",
    "data": [
      {
        "text": "arrêt diane 35\u003dacné ?",
        "userDefined": false
      }
    ],
    "isTemplate": false,
    "count": 1,
    "updated": 1522593226
  },
  {
    "id": "3d1d0b78-4d7e-49ad-b65a-a038f2edd57f",
    "data": [
      {
        "text": "j ai change d\u0027antidépresseur. je prenais du deroxat et j\u0027ai arrêté il y 15 jours pour l\u0027effexor.  pas d\u0027effet secondaire les 15 premiers jours.  pourquoi j ai des effets secondaires au bout de 15 jours ? c est parce que j avais encore deroxat dans le sang c est pour ca ? ou c est parce que j ai arreter deroxat d\u0027un coup?",
        "userDefined": false
      }
    ],
    "isTemplate": false,
    "count": 0,
    "updated": 1522593226
  },
  {
    "id": "eb42ec69-8f26-4c9e-b6e5-5a6c0481d27a",
    "data": [
      {
        "text": "sevrage effeor 75mg/jr c\u0027est psychosomatique ??",
        "userDefined": false
      }
    ],
    "isTemplate": false,
    "count": 0,
    "updated": 1522593226
  },
  {
    "id": "52dea38b-4269-4bf9-985e-88d8886f8b0d",
    "data": [
      {
        "text": "je prenait la générique de trinordiol mais je les arreter a mon dernier cycle car je me sentais trop faible. depuis je me sens plus en forme et plus de vertrige, j\u0027ai des douleurs en bas du ventre et dans le dos. je viens icic pour avoir des temoignages de filles qui ont arreter la pillule et savoir si ca leur arrive ce genre de douleurs",
        "userDefined": false
      }
    ],
    "isTemplate": false,
    "count": 0,
    "updated": 1522593226
  },
  {
    "id": "7db6aa14-b63c-47ac-abc6-3457eb4163b7",
    "data": [
      {
        "text": "je prend du deroxat. j\u0027ai arreter 3 moi sil y a pas longtemps et puis j\u0027ai du e reprendre. là je reessaye a nouveau mais j\u0027ai juste un chouya diminuer la dose, et c\u0027est le bad complet! est ce normal?",
        "userDefined": false
      }
    ],
    "isTemplate": false,
    "count": 0,
    "updated": 1522593226
  },
  {
    "id": "c367a379-9378-408b-a3f7-da2deb0340b9",
    "data": [
      {
        "text": "je commence le sevrage risperdal, quel sont les effets qu\u0027on peut ressentir physiquement et psychiquement??",
        "userDefined": false
      }
    ],
    "isTemplate": false,
    "count": 0,
    "updated": 1522593226
  },
  {
    "id": "a849f920-e207-47e3-a49e-7241acb2516a",
    "data": [
      {
        "text": "diminution de sertraline \u003d augmentation de l\u0027apetit?",
        "userDefined": false
      }
    ],
    "isTemplate": false,
    "count": 1,
    "updated": 1522593226
  },
  {
    "id": "9660b573-4285-4467-a41b-1adb4d855b51",
    "data": [
      {
        "text": "quelles peuvent être les conséquences d\u0027un arrêt du traitement clomid le mois prochain?",
        "userDefined": false
      }
    ],
    "isTemplate": false,
    "count": 0,
    "updated": 1522593226
  },
  {
    "id": "1ec5d19e-0e00-4fcb-9081-eb6b0ef77d21",
    "data": [
      {
        "text": "quels sont les effets indésirables si on arrête en cours de plaquette de trinordiol?",
        "userDefined": false
      }
    ],
    "isTemplate": false,
    "count": 0,
    "updated": 1522593226
  },
  {
    "id": "9536eb8e-29ed-4e7e-9eec-444618457d7b",
    "data": [
      {
        "text": "Je prend tranxene 10 mg depuis deux mois, mais je fais une dépression sévère. Mon médecin m\u0027a prescrit deroxat en contre partis je dois faire un sevrage du tranxene, je n\u0027ai plus de nausées ni angoisses mais d\u0027affreux vertiges  pensez vous que cela viendrais du sevrage??",
        "userDefined": false
      }
    ],
    "isTemplate": false,
    "count": 0,
    "updated": 1522593226
  },
  {
    "id": "80dc3344-99c9-4b61-a3e7-0987eea7fe62",
    "data": [
      {
        "text": "j\u0027ai arreté la pillule diane 35 le 26 décembre 2007 pour essai bébé. après plus de 2 mois, je n\u0027ai ni règle, ni ovulation (courbe de température depuis 1 mois et demi et test d\u0027ovulation depuis 2 semaines). est-ce normal?",
        "userDefined": false
      }
    ],
    "isTemplate": false,
    "count": 0,
    "updated": 1522593226
  },
  {
    "id": "67765086-a192-4914-b26c-5b6a084656cd",
    "data": [
      {
        "text": "retrait mirena depuis 8jours saignement important??",
        "userDefined": false
      }
    ],
    "isTemplate": false,
    "count": 1,
    "updated": 1522593226
  },
  {
    "id": "1aaa191f-1438-4bbf-8806-eb7335eda1f3",
    "data": [
      {
        "text": "je prend 6 a 12 decontractyl par jour. je veux arreter, dois je faire un sevrage,quel sont les symptomes",
        "userDefined": false
      }
    ],
    "isTemplate": false,
    "count": 0,
    "updated": 1522593226
  },
  {
    "id": "c1b65a65-0831-4fc5-b324-13eb1dd3d68d",
    "data": [
      {
        "text": "voilà 10 jours que j\u0027ai descendu paroxetine à 1/2 comprime par jour et les symptômes d\u0027anxiété et de panique sont revenues, est ce le sevrage ?",
        "userDefined": false
      }
    ],
    "isTemplate": false,
    "count": 0,
    "updated": 1522593226
  },
  {
    "id": "3d819bb9-f69a-494f-b805-8bec566ab765",
    "data": [
      {
        "text": "arret effexor duré vertige??",
        "userDefined": false
      }
    ],
    "isTemplate": false,
    "count": 0,
    "updated": 1522593226
  },
  {
    "id": "1814057f-06fb-4085-8e32-e456b0392ec8",
    "data": [
      {
        "text": "j\u0027ai décidé de diminuer deroxat, depuis 1 mois je suis hyper sensible et tout prend des proportions impressionantes: serait ce les effets du sevrage?",
        "userDefined": false
      }
    ],
    "isTemplate": false,
    "count": 0,
    "updated": 1522593226
  },
  {
    "id": "2ea964dd-1234-4b3b-98d7-048f2f5d9aaf",
    "data": [
      {
        "text": "ma psy m\u0027a dit de diminuer lentement le deroxat, j\u0027ai perdu l\u0027appetit je me sens \"vaseuse\" et j\u0027ai pris du poids (j\u0027ai toujours le ventre gonflé), est ce sevrage du deroxat?",
        "userDefined": false
      }
    ],
    "isTemplate": false,
    "count": 0,
    "updated": 1522593226
  },
  {
    "id": "126358e2-0bb0-48c5-9187-a3c9a9ef6d2c",
    "data": [
      {
        "text": "sa fait 1 mois que j\u0027ai arreter luteran 10mg et je n\u0027es toujours pas mes regles es ce normale ??",
        "userDefined": false
      }
    ],
    "isTemplate": false,
    "count": 0,
    "updated": 1522593226
  },
  {
    "id": "dbcd9f17-f325-4d17-aed7-10b318fa3d7f",
    "data": [
      {
        "text": "des effets secondaires dû au retrait de nexplanon?",
        "userDefined": false
      }
    ],
    "isTemplate": false,
    "count": 0,
    "updated": 1522593226
  },
  {
    "id": "3e4c3734-e83f-468c-a418-ed2ff929d22d",
    "data": [
      {
        "text": "je prend melodia, mon premier cycle de règle a été de 10 jours après l\u0027arrèt de ma pilulle. est-ce normal?",
        "userDefined": false
      }
    ],
    "isTemplate": false,
    "count": 0,
    "updated": 1522593226
  },
  {
    "id": "1cbdcaa7-34c2-446a-91cf-f15c59d4e2d9",
    "data": [
      {
        "text": "arrêt de seroquel et perte de poids?",
        "userDefined": false
      }
    ],
    "isTemplate": false,
    "count": 0,
    "updated": 1522593226
  },
  {
    "id": "62f4c3a2-2ade-4562-841e-4e2a2b64429a",
    "data": [
      {
        "text": "sevrage deroxat - effets secondaires ??!!",
        "userDefined": false
      }
    ],
    "isTemplate": false,
    "count": 0,
    "updated": 1522593226
  },
  {
    "id": "c03d2f8d-2b83-4beb-afe7-4d648ae765f0",
    "data": [
      {
        "text": "j\u0027ai arrêté androcur  (1 cp/j les 10 1ers jour de la plaquette de pilule) avec accord de mon medecin. donc je n\u0027ai plus que ma pilule (générique de varnoline) et ce mois ci j\u0027ai des pertes de sang alors que je suis en plein milieu de la plaquette. est ce en rapport?",
        "userDefined": false
      }
    ],
    "isTemplate": false,
    "count": 0,
    "updated": 1522593226
  },
  {
    "id": "d5efa5f5-1e3a-4939-8c26-f0c057fde019",
    "data": [
      {
        "text": "Y a-t-il un sevrage au millepertuis ?",
        "userDefined": false
      }
    ],
    "isTemplate": false,
    "count": 0,
    "updated": 1522593226
  },
  {
    "id": "26453095-0c58-4aca-bb39-ed8550a83e29",
    "data": [
      {
        "text": "j\u0027 ai arreté le deroxat involonterement depuis jeudi matin 1 et 1demi un jour sur 2 car je n\u0027en avais plus. dimanche g bu 3 biere et 1 ricard, lundi . le reveil a été tres dur fatigue constante mardi je suis toujours fatigué est ce normal?",
        "userDefined": false
      }
    ],
    "isTemplate": false,
    "count": 0,
    "updated": 1522593226
  },
  {
    "id": "fc23df80-57fc-4931-97a1-8fd6845d43de",
    "data": [
      {
        "text": "arret de diane 35 quelles conséquences ?",
        "userDefined": false
      }
    ],
    "isTemplate": false,
    "count": 0,
    "updated": 1522593226
  },
  {
    "id": "ccbe0e36-b9eb-4204-b2b6-3d91890a4342",
    "data": [
      {
        "text": "arrêt minidril -\u003e acné ?",
        "userDefined": false
      }
    ],
    "isTemplate": false,
    "count": 0,
    "updated": 1522593226
  },
  {
    "id": "dd720371-09e0-46c5-96bc-cc94e7dfc60a",
    "data": [
      {
        "text": "sevrage effecor 75mg/jr, c\u0027est psychosomatique ou reel ?",
        "userDefined": false
      }
    ],
    "isTemplate": false,
    "count": 0,
    "updated": 1522593226
  },
  {
    "id": "5fed9c13-1815-4406-9045-f4def98aa8c6",
    "data": [
      {
        "text": "j\u0027ai arrêter mon traitement de fond avlocardyl et dihydroergotamine pour essai bébé. depuis j\u0027ai mal a la tête quotidiennement. normal?",
        "userDefined": false
      }
    ],
    "isTemplate": false,
    "count": 0,
    "updated": 1522593226
  },
  {
    "id": "c629d922-57a4-463e-9c7d-8dce05efbdc0",
    "data": [
      {
        "text": "depuis que j\u0027ai arrêté la pilule leloo ge, j\u0027ai eu mal aux intestins et j\u0027ai eu des gaz, et depuis je sens mon ventre comme \"vide\". est ce lié avec l\u0027arrêt de la pilule ?",
        "userDefined": false
      }
    ],
    "isTemplate": false,
    "count": 0,
    "updated": 1522593226
  },
  {
    "id": "9e253b0a-93e2-48c7-8404-b119e3781ebe",
    "data": [
      {
        "text": "j\u0027ai arrêté le seropram, aujourd\u0027hui alors les symptomes vertiges,mal de tete,insomnie,stress je prenais 40 mg par jour, vais je enfin retrouvé ma vrai personnalité?",
        "userDefined": false
      }
    ],
    "isTemplate": false,
    "count": 0,
    "updated": 1522593226
  },
  {
    "id": "d7a7159e-1447-4f6b-a3ea-3964f062eb29",
    "data": [
      {
        "text": "arrêt deroxat ? et après ?",
        "userDefined": false
      }
    ],
    "isTemplate": false,
    "count": 0,
    "updated": 1522593226
  },
  {
    "id": "ddc8fb08-835c-4731-987c-5e75a9f26cd3",
    "data": [
      {
        "text": "effets sevrage norset?",
        "userDefined": false
      }
    ],
    "isTemplate": false,
    "count": 0,
    "updated": 1522593226
  },
  {
    "id": "8af38b1b-8be2-4b62-b8ec-9805e35ec366",
    "data": [
      {
        "text": "arrêt progressif du seroplex 10mg et nausées?",
        "userDefined": false
      }
    ],
    "isTemplate": false,
    "count": 0,
    "updated": 1522593226
  },
  {
    "id": "19e49a98-e5f0-412d-b236-4fd1c2b32187",
    "data": [
      {
        "text": "diminution haldol \u003d perte de poids ?",
        "userDefined": false
      }
    ],
    "isTemplate": false,
    "count": 0,
    "updated": 1522593226
  },
  {
    "id": "4abd4148-22e2-435e-887c-c5efff3dc98a",
    "data": [
      {
        "text": "apres retrait de mirena les regles reviennent au bout de combien de temps ?",
        "userDefined": false
      }
    ],
    "isTemplate": false,
    "count": 0,
    "updated": 1522593226
  },
  {
    "id": "7b07ea3a-37ea-4ebd-a454-a1d50f7ae57a",
    "data": [
      {
        "text": "quand on décide d\u0027arrêter un traitement de risperdal, par injection. y a t il des effets secondaires qui restent ?",
        "userDefined": false
      }
    ],
    "isTemplate": false,
    "count": 0,
    "updated": 1522593226
  },
  {
    "id": "2a499eac-66b2-41dc-97a3-e24e73f124c5",
    "data": [
      {
        "text": "arret cerazette symptomes?",
        "userDefined": false
      }
    ],
    "isTemplate": false,
    "count": 0,
    "updated": 1522593226
  },
  {
    "id": "cd4af8ee-ac42-400d-a3a0-a8b3fce8eb94",
    "data": [
      {
        "text": "je prend deroxat et j\u0027essaie de le diminuer. depuis 3-4 semaines, tremblements, frissons depuis 10 jours, nausées, douleurs gasto-intestinuax, diarhhée (comme une gastro en fait !) de tels effets sont possibles ?",
        "userDefined": false
      }
    ],
    "isTemplate": false,
    "count": 0,
    "updated": 1522593226
  },
  {
    "id": "441fa8f9-b62d-4584-b20e-e2193bc34193",
    "data": [
      {
        "text": "Mon amie a arrêté Androcur il y a environ 15 jours. depuis elle est tout simplement impossible à vivre… est-ce du à l\u0027arrêt ?",
        "userDefined": false
      }
    ],
    "isTemplate": false,
    "count": 0,
    "updated": 1522593226
  },
  {
    "id": "95373e31-db14-49c7-abe0-ef1526c3ecbf",
    "data": [
      {
        "text": "mon psy m\u0027a retiré les benzodiazepines, et les a remplacés par du tercian 40 mg, à raison de 10 gouttes 4 x par jour. je suis très mal, douleurs dans la poitrine, sensations de chute, tremblements, perte d\"équilibre, arythmie, dépersonnalisation..  sont-t\u0027ils du au servrage ?",
        "userDefined": false
      }
    ],
    "isTemplate": false,
    "count": 0,
    "updated": 1522593226
  },
  {
    "id": "5ac4f508-ccae-43ff-b244-b31a60b377f8",
    "data": [
      {
        "text": "bonjour, je suis actuellement suivis pour une dépression et l\u0027on m\u0027a prescrit du zyprexa. j\u0027aimerais entrer en contact avec des gens qui connaissent ce médicament et qui n\u0027en prenne plus. je redoute le jour ou l\u0027on va me le faire arreter, est ce dur de se sevrer? merci d\u0027avance",
        "userDefined": false
      }
    ],
    "isTemplate": false,
    "count": 0,
    "updated": 1522593226
  },
  {
    "id": "3b787f74-b36f-4345-96c0-0dfd545d5aa4",
    "data": [
      {
        "text": "j\u0027ai arrete brutalement le deroxat.une semaine apres j\u0027ai eu des vertiges.ma tension allonge est 12/7 et ma tension debout 9 ? est ce du au deroxat?",
        "userDefined": false
      }
    ],
    "isTemplate": false,
    "count": 0,
    "updated": 1522593226
  },
  {
    "id": "8b244189-a1d6-48f2-bbe6-665487d8df23",
    "data": [
      {
        "text": "j\u0027ai un traitement effexor et solian pendant 2 moi puis je suis passé à l\u0027anafranil 1 mois. j\u0027ai décidé tout seul d\u0027interrompre le traitement et depuis j\u0027ai des vertiges et nausées. lié ?",
        "userDefined": false
      }
    ],
    "isTemplate": false,
    "count": 0,
    "updated": 1522593226
  },
  {
    "id": "c6679e8d-1bda-46d0-aa0d-41f6ac1c21e0",
    "data": [
      {
        "text": "depuis 9ans j\u0027était sous diane35 et là il y 3mois ma gygy m\u0027a changé pour leelo gé . j\u0027ai dû arréter la pillule et depuis je suis pas bien moralement. est ce que ça peut étre du a l\u0027arrét de la pillule ou est ce moi tout simplement ?",
        "userDefined": false
      }
    ],
    "isTemplate": false,
    "count": 0,
    "updated": 1522593226
  },
  {
    "id": "5b4e65f1-e401-415f-8958-8c0fb0416fb9",
    "data": [
      {
        "text": "j\u0027ai pris du seropram. j\u0027ai arreté complétement et depuis je me sent pas bien : étourdissement , nausées , sensation de tomber dans les pommes. encore combien de temps vais je devoir supporter cet état ?",
        "userDefined": false
      }
    ],
    "isTemplate": false,
    "count": 0,
    "updated": 1522593226
  },
  {
    "id": "d319e173-e53e-4aac-97db-35f7e4bed2ab",
    "data": [
      {
        "text": "arret deroxat sensations à la tete ?",
        "userDefined": false
      }
    ],
    "isTemplate": false,
    "count": 0,
    "updated": 1522593226
  },
  {
    "id": "a0dedcda-5e26-416f-b866-fb49d7a18ceb",
    "data": [
      {
        "text": "sous propranolol, j\u0027ai décidé de diminuer les quantités de manière progressive. mais j\u0027ai été victime d\u0027un malaise accompagné d\u0027une sensation intense de chaleur, d\u0027une perte d\u0027équilibre, et d\u0027un trouble de la vue. pensez-vous que la diminution des quantités de béta-bloquants peut entraîner ce genre de malaise?",
        "userDefined": false
      }
    ],
    "isTemplate": false,
    "count": 0,
    "updated": 1522593226
  },
  {
    "id": "f8f80084-b534-41d6-85c3-61f7843d8557",
    "data": [
      {
        "text": "J\u0027arrete progressivement Deroxat mais j\u0027ai des sensations de décharges électriques, est ce normal?",
        "userDefined": false
      }
    ],
    "isTemplate": false,
    "count": 0,
    "updated": 1522593226
  },
  {
    "id": "b4039680-eb3e-43e3-bab4-fd19eb38f7e6",
    "data": [
      {
        "text": "j\u0027ai pris du stablon pendant 15 jours consécutifs.bcp d\u0027effets secondaires mon med m a dit d\u0027arreter..spntanément il y a 1 semaine et depuis j ai des nausées et 1 peu enervé.. est ce normal?",
        "userDefined": false
      }
    ],
    "isTemplate": false,
    "count": 0,
    "updated": 1522593226
  },
  {
    "id": "a3eafec7-1609-47ee-a52b-0fe7f51f324f",
    "data": [
      {
        "text": "j\u0027aimerais savoir si il est possible de ressentir les effets de la diminution du deroxat seulement 1 mois 1/2 après ? cela fait 2 semaines que je ressens ces effets et c\u0027est de pire en pire. est ce normal ?",
        "userDefined": false
      }
    ],
    "isTemplate": false,
    "count": 0,
    "updated": 1522593226
  },
  {
    "id": "1c95038b-284e-4ac4-bd1d-6d54adbf176c",
    "data": [
      {
        "text": "sevrage deroxat et ses effets ?!",
        "userDefined": false
      }
    ],
    "isTemplate": false,
    "count": 0,
    "updated": 1522593226
  },
  {
    "id": "435339f5-49e3-4a7b-89d0-02986c954938",
    "data": [
      {
        "text": "je prends deroxat depuis 2 semaines a 1/2 comprimé par jour.  que  sont ses effets de sevrage ?",
        "userDefined": false
      }
    ],
    "isTemplate": false,
    "count": 0,
    "updated": 1522593226
  },
  {
    "id": "c4120e76-f9d0-4945-9614-74cf3b550d27",
    "data": [
      {
        "text": "quels symptômes du sevrage de deroxat ?",
        "userDefined": false
      }
    ],
    "isTemplate": false,
    "count": 0,
    "updated": 1522593226
  },
  {
    "id": "775f2229-a81a-4bb5-8af1-7acb03289116",
    "data": [
      {
        "text": "alprozolam : symptômes de sevrage fréquent ?",
        "userDefined": false
      }
    ],
    "isTemplate": false,
    "count": 0,
    "updated": 1522593226
  },
  {
    "id": "f6335bad-5cf3-4f1c-8cc2-fcaa6d27861d",
    "data": [
      {
        "text": "j\u0027ai arrêté de prendre ma pilule car on a décidé d\u0027avoir un enfant. le mois d\u0027après, j\u0027ai eu mes regles normalement mais le mois suivant je ne les ai pas eu malgré un test de grossesse négatif. est-ce normal ?",
        "userDefined": false
      }
    ],
    "isTemplate": false,
    "count": 0,
    "updated": 1522593226
  },
  {
    "id": "d9e0eb7f-513f-4242-8567-8f3edc84bea1",
    "data": [
      {
        "text": "quels sont les effets ressentis à l\u0027arrêt du subutex?",
        "userDefined": false
      }
    ],
    "isTemplate": false,
    "count": 0,
    "updated": 1522593226
  },
  {
    "id": "d7d7a57b-029e-4964-894f-85b8bfccc36e",
    "data": [
      {
        "text": "j\u0027ai arrete le deroxat depuis 6 jours maintenant et c\u0027est l\u0027enfer, je balance a cause des vertiges qui se manifestent toute la journee, j\u0027ai l\u0027impression d\u0027entendre des cigales dans la tete, nausees, etc. est-ce du à l\u0027arrêt du médicament ?",
        "userDefined": false
      }
    ],
    "isTemplate": false,
    "count": 0,
    "updated": 1522593226
  },
  {
    "id": "a5732e1a-5409-4ead-8da2-9e44e5ceea25",
    "data": [
      {
        "text": "on m\u0027a mis sous risperdal pendant 2 mois. puis 1 mois de norset. maintenant, j\u0027ai arrété les médocs. mais je sens que j\u0027ai une personnalité complètement différente : apathique et j\u0027men foutiste et manque de confiance en moi. d\u0027ou vient ce changement ?",
        "userDefined": false
      }
    ],
    "isTemplate": false,
    "count": 0,
    "updated": 1522593226
  },
  {
    "id": "7732a880-ed63-4029-a5e0-f551281bb67b",
    "data": [
      {
        "text": "Quels effets attendre à l\u0027arrêt du zoloft ?",
        "userDefined": false
      }
    ],
    "isTemplate": false,
    "count": 0,
    "updated": 1522593226
  },
  {
    "id": "492bebfb-d8e1-41f7-bfd3-29d24e5295b5",
    "data": [
      {
        "text": "depuis que j\u0027ai arrêté fluoxétine, jai des courbatures, montées de fièvre, vertiges, maux de tête, crise d\u0027angoisse.. j\u0027aimerais juste savoir combien de temps ça va durer pour ceux ou celles qui sont passés par là ?",
        "userDefined": false
      }
    ],
    "isTemplate": false,
    "count": 0,
    "updated": 1522593226
  },
  {
    "id": "6a3b16d6-9204-4dde-9b58-86605453485a",
    "data": [
      {
        "text": "arret d\u0027anafranil et perte de poids?",
        "userDefined": false
      }
    ],
    "isTemplate": false,
    "count": 0,
    "updated": 1522593226
  },
  {
    "id": "1cdc7def-b6b5-409a-a245-4f6f0a52e88c",
    "data": [
      {
        "text": "je prends  de l\u0027avlocardyl lp, comment vais je me sortir etant donné que j\u0027en suis devenue dependante ? quels sont les symptmes de sevrage?",
        "userDefined": false
      }
    ],
    "isTemplate": false,
    "count": 0,
    "updated": 1522593226
  },
  {
    "id": "c60c66c2-ac7e-4b8e-9de2-dcf5f6cb2849",
    "data": [
      {
        "text": "effets secondaires possibles, arret de belara ?",
        "userDefined": false
      }
    ],
    "isTemplate": false,
    "count": 0,
    "updated": 1522593226
  },
  {
    "id": "a36f9b31-465f-4a25-a661-2dfcb2d731df",
    "data": [
      {
        "text": "quels symptômes à l’arrêt de lexomil",
        "userDefined": false
      }
    ],
    "isTemplate": false,
    "count": 0,
    "updated": 1522593226
  },
  {
    "id": "348f868e-b0d0-4d07-a317-f03edf340d2c",
    "data": [
      {
        "text": "j\u0027aimerai arreter deroxat, je suis passés à 1 comprimé , j\u0027ai la sensation de vertige comme si ma vision n\u0027était plus la meme, je ressens une fatigue, est ce que ce sont des symptomes de sevrage?",
        "userDefined": false
      }
    ],
    "isTemplate": false,
    "count": 0,
    "updated": 1522593226
  },
  {
    "id": "b2a3c5da-c8f9-4d01-8c6f-3aeae45d166e",
    "data": [
      {
        "text": "dui cuivre retirer conséquence ?",
        "userDefined": false
      }
    ],
    "isTemplate": false,
    "count": 0,
    "updated": 1522593226
  },
  {
    "id": "53c8a371-abc2-404c-8ef6-a970e75d3274",
    "data": [
      {
        "text": "j\u0027ai arrêté deroxat sur demande du psy et j\u0027ai réduit lexomil puis j\u0027ai  d\u0027arrêtér le sulpidal. les symptomes de l\u0027angoisse se sont installés. je voudrais savoir est ce que c\u0027est normal tout ça en période de sevrage ou je dois faire d\u0027aures examans",
        "userDefined": false
      }
    ],
    "isTemplate": false,
    "count": 0,
    "updated": 1522593226
  },
  {
    "id": "0226d196-1181-4d77-aec5-21213c9106bb",
    "data": [
      {
        "text": "j\u0027ai arrêté mon ad en décembre 2013 mais depuis mars je souffre de sensation de vertige est ce possible que se soit mon corps qui réagit au sevrage 8 mois après ?",
        "userDefined": false
      }
    ],
    "isTemplate": false,
    "count": 0,
    "updated": 1522593226
  },
  {
    "id": "302310d9-661b-436d-aae7-4bd62677f97b",
    "data": [
      {
        "text": "j\u0027ai arrêté evepar mais j\u0027ai eu mes regles 3 fois ce mois-ci. est ce normal ?",
        "userDefined": false
      }
    ],
    "isTemplate": false,
    "count": 0,
    "updated": 1522593226
  },
  {
    "id": "799a2c7b-98b5-47d8-a26e-5bd4a8cb2c11",
    "data": [
      {
        "text": "J\u0027étais sous Effexor LP 262.5mg. J\u0027ai baissé la dose à 75 mg brusquement, ce fut catastrophique. J\u0027ai donc repris la dose de 262.5mg mais j\u0027ai de terribles angoisses, une énorme anxiété, une boule dans la gorge et je me sens très dépressif depuis. Est-ce normal?",
        "userDefined": false
      }
    ],
    "isTemplate": false,
    "count": 0,
    "updated": 1522593226
  },
  {
    "id": "4bf9b403-476b-4562-94dd-6de36db3231f",
    "data": [
      {
        "text": "je viens d\u0027arrêter ma pilule diane 35. je suis dans mon premier cycle sans pilule et j\u0027arrive au 10ème jour et mes cheveux commencent à tomber par mèches. est ce que cela peut etre du à l\u0027arret de la pilule",
        "userDefined": false
      }
    ],
    "isTemplate": false,
    "count": 0,
    "updated": 1522593226
  },
  {
    "id": "92ac393b-1ecd-4b0a-ac15-3450cd5536b6",
    "data": [
      {
        "text": "j\u0027ai fais enlevez mon stérilet en cuivre. j\u0027ai eu de rapport avec mon conjoint avant et après le retrait de mon stérilet. je n\u0027est plus mes règles depuis, n\u0027i de symptôme de grossesse. je mange juste un peu plus et je suis plus fatiguer que d\u0027habitude, mes je n\u0027ai pas de nausez puis ma poitrine n\u0027est pas douloureuse. je voulait savoir si c\u0027etait normal apres mon retrait? ou y\u0027a t-il une chance que je soit enceinte?",
        "userDefined": false
      }
    ],
    "isTemplate": false,
    "count": 0,
    "updated": 1522593226
  },
  {
    "id": "fd480ad3-b37d-482f-b23a-bed18dfa0d22",
    "data": [
      {
        "text": "est ce que l\u0027arrêt de cerazette provoque des symptôme?",
        "userDefined": false
      }
    ],
    "isTemplate": false,
    "count": 0,
    "updated": 1522593226
  },
  {
    "id": "0264e45e-1ad0-40c4-9918-4bf95e7d4dc2",
    "data": [
      {
        "text": "je prenais 100 mg de floxyfral par jour, soit 2 comprimés, et depuis 15 jours, je suis passée à 75 mg. j\u0027ai l\u0027impression aujourd\u0027hui de me sentir \"mal\" . est-ce normal ?",
        "userDefined": false
      }
    ],
    "isTemplate": false,
    "count": 0,
    "updated": 1522593226
  },
  {
    "id": "24cad5a9-efe7-4eb1-9273-45581b40c391",
    "data": [
      {
        "text": "arret deroxat sensation à la tete ??",
        "userDefined": false
      }
    ],
    "isTemplate": false,
    "count": 1,
    "updated": 1522593226
  },
  {
    "id": "e5697744-42b0-44f8-b1a1-f385ad884bf1",
    "data": [
      {
        "text": "Lorsque je décale la prise du comprimé de deroxat, seulement de quelques heures, je suis comme en sensation de manque, je me sens enervee, j\u0027ai presque envie de mordre, je sens une tension affreuse en moi et je me dis que je deviens dingue, est-ce que c\u0027est normal ?",
        "userDefined": false
      }
    ],
    "isTemplate": false,
    "count": 0,
    "updated": 1522593226
  },
  {
    "id": "359f83ee-d834-48d4-b0d2-72a36475d7a8",
    "data": [
      {
        "text": "effexor quels symptomes de sevrage ?",
        "userDefined": false
      }
    ],
    "isTemplate": false,
    "count": 0,
    "updated": 1522593226
  },
  {
    "id": "c1be38b0-272d-4c25-8731-599bf730c4b8",
    "data": [
      {
        "text": "je prends seroplex depuis maintenant 8 mois. j\u0027ai voulu arrêter y\u0027a 3 jours de cela mais ce matin j\u0027ai eu des vertiges. Est-ce à cause de l\u0027arrêt du médicament?",
        "userDefined": false
      }
    ],
    "isTemplate": false,
    "count": 0,
    "updated": 1522593226
  },
  {
    "id": "67ad83e8-9185-4c30-9729-8864992959e0",
    "data": [
      {
        "text": "Y a-t-il un syndrome de sevrage du lysanxia ?",
        "userDefined": false
      }
    ],
    "isTemplate": false,
    "count": 0,
    "updated": 1522593226
  },
  {
    "id": "3ecf76f8-9271-4092-b073-56b98d0bb4aa",
    "data": [
      {
        "text": "sevrage de l\u0027oxycontin : pas d\u0027effet Iir ?",
        "userDefined": false
      }
    ],
    "isTemplate": false,
    "count": 0,
    "updated": 1522593226
  },
  {
    "id": "32cda228-dc4f-4fd4-9a05-2b8a39d990a8",
    "data": [
      {
        "text": "combien de temps dure sevrage effexor ?",
        "userDefined": false
      }
    ],
    "isTemplate": false,
    "count": 0,
    "updated": 1522593226
  },
  {
    "id": "5fecc5e6-07be-4558-ad81-b06f430a00d9",
    "data": [
      {
        "text": "Les extrasystoles sont elles un signe de sevrage du deroxat ?",
        "userDefined": false
      }
    ],
    "isTemplate": false,
    "count": 0,
    "updated": 1522593226
  },
  {
    "id": "0defeac3-9497-4a25-8ad6-a7e0aa34e337",
    "data": [
      {
        "text": "ayant arrêté les neuroleptiques depuis trois semaines, je souffre de migraines et de nausées. est ce que cela peut avoir un lien?",
        "userDefined": false
      }
    ],
    "isTemplate": false,
    "count": 0,
    "updated": 1522593226
  },
  {
    "id": "4d6e1d37-3180-4501-a78b-3ff583a34e17",
    "data": [
      {
        "text": "est il possible de prendre du poids lors de l arret de la pilule diane 35??",
        "userDefined": false
      }
    ],
    "isTemplate": false,
    "count": 0,
    "updated": 1522593226
  },
  {
    "id": "ee2824bb-b231-42aa-bbec-40518639fde2",
    "data": [
      {
        "text": "j\u0027ai arrêté cérazette il y 3 semaines et demi. j\u0027ai eu divers symptomes : des seins sensibles à des douleurs , difficultés à dormir et j\u0027ai des sueurs au réveil .. avez vous connu ceci?",
        "userDefined": false
      }
    ],
    "isTemplate": false,
    "count": 0,
    "updated": 1522593226
  },
  {
    "id": "6f3a06b3-baa8-46a8-a6e6-2216dbb767e5",
    "data": [
      {
        "text": "si j\u0027arrête la pilule trinordiol est ce que mes boutons risquent de revenir ?",
        "userDefined": false
      }
    ],
    "isTemplate": false,
    "count": 0,
    "updated": 1522593226
  },
  {
    "id": "aa32d1ae-488e-47f0-8f37-79eb707fc0fb",
    "data": [
      {
        "text": "seropram en gouttes et effets sevrage ?",
        "userDefined": false
      }
    ],
    "isTemplate": false,
    "count": 0,
    "updated": 1522593226
  },
  {
    "id": "7c1060cb-eb0d-4915-a8d8-78db5827fe2f",
    "data": [
      {
        "text": "Quels sont les symptômes de sevrage du valium ?",
        "userDefined": false
      }
    ],
    "isTemplate": false,
    "count": 0,
    "updated": 1522593226
  },
  {
    "id": "6fa42953-de09-4549-855c-3ae92801ba38",
    "data": [
      {
        "text": "J\u0027ai perdus l\u0027apétit après l\u0027arrêt de l\u0027abilify , est-ce normal ?",
        "userDefined": false
      }
    ],
    "isTemplate": false,
    "count": 0,
    "updated": 1522593226
  },
  {
    "id": "93331066-b518-40a0-9963-b23a51a0ff0e",
    "data": [
      {
        "text": "abilify .diminution du traitement\u003dperte de poid ?",
        "userDefined": false
      }
    ],
    "isTemplate": false,
    "count": 0,
    "updated": 1522593226
  },
  {
    "id": "e093c4c4-b7c1-4dbd-8a8d-d8cc54134e7b",
    "data": [
      {
        "text": "j\u0027ai pris diane 35 pdt 10ans et j\u0027aimerais avoir un bébé  ..combien de temps faut il en general pour tomber enceinte ?",
        "userDefined": false
      }
    ],
    "isTemplate": false,
    "count": 0,
    "updated": 1522593226
  },
  {
    "id": "0cbb3521-fcf2-45fd-99ab-4cf9f400f232",
    "data": [
      {
        "text": "on vient de m\u0027arrêter bustar  pour lisanxia, n\u0027y a t il pas trop de problème de sevrage ?",
        "userDefined": false
      }
    ],
    "isTemplate": false,
    "count": 0,
    "updated": 1522593226
  },
  {
    "id": "5d8e24b7-56dc-4c03-8cb1-d06392faef06",
    "data": [
      {
        "text": "est-ce que quelqu\u0027un pourrait me renseigner sur les conséquences de l\u0027arrêt de la pillule minesse.  est-ce que nos hormones mettent du temps à reprendre leur activité normale?",
        "userDefined": false
      }
    ],
    "isTemplate": false,
    "count": 0,
    "updated": 1522593226
  },
  {
    "id": "2e2256a5-efb2-46c6-9f8d-13e3cea0b3aa",
    "data": [
      {
        "text": "J\u0027éprouve des montées d\u0027angoisse, spasmes musculaires, sens décuplés, déprime, asthénie, passivité, tristesse… Après l\u0027arrêt de lysanxia, suis-je sevré ?",
        "userDefined": false
      }
    ],
    "isTemplate": false,
    "count": 0,
    "updated": 1522593226
  },
  {
    "id": "eb868459-59f0-46ce-b610-dfcf37dc5b1d",
    "data": [
      {
        "text": "A l\u0027arrêt de cerazette, est ce que le cycle menstruel est long pour revenir ?",
        "userDefined": false
      }
    ],
    "isTemplate": false,
    "count": 0,
    "updated": 1522593226
  },
  {
    "id": "d90aada2-665a-43d5-9ca9-2fccba04356e",
    "data": [
      {
        "text": "bonsoir a tous, voila j étais depuis 1 an environ sous effexor 37.50  mg lp a raison de 3 gelules le matin, j\u0027ai pris 10 kgs , donc voyant que je grossissais j\u0027ai opté pour une medecine plus naturelle, l\u0027acuponcture, j\u0027ai fait environ 7 seances ce qui me permet de diminuer le traitement la j\u0027en suis a 1 gelule le matin, toutefois je ne me sens pas au top, un peu de blues, douleur articulations etc, baisse  legere de moral, est ce du au sevrage?? que pensez vous de l\u0027acuponcture pour la dépression ? quelqu\u0027un a t\u0027il testé?? en tout cas, merci par avance pour vos réponses qui j\u0027espere seront nombreuses lyne",
        "userDefined": false
      }
    ],
    "isTemplate": false,
    "count": 0,
    "updated": 1522593226
  },
  {
    "id": "9976b3ab-2b8e-4dd3-b00b-582ce64c1d5e",
    "data": [
      {
        "text": "j\u0027ai diminué le seropram depuis 1 semaine aujourd\u0027hui. aujourd\u0027hui (6 jours + tard ) j\u0027ai des nausées, des bouffées de chaleur, des écoeurements et une grosse fatigue. est ce dû au sevrage ?",
        "userDefined": false
      }
    ],
    "isTemplate": false,
    "count": 0,
    "updated": 1522593226
  },
  {
    "id": "e2cd3084-e5e5-4132-afc5-5b08ced8c472",
    "data": [
      {
        "text": "Y a-t-il un syndrome de sevrage après l\u0027arrêt de deroxat ?",
        "userDefined": false
      }
    ],
    "isTemplate": false,
    "count": 0,
    "updated": 1522593226
  },
  {
    "id": "f5bf031f-da6f-4e79-bf8a-3926b2f6502c",
    "data": [
      {
        "text": "bonjour, c\u0027est encore moi.cela fait douze jours que je viens de supprimer mon quart du midi (après une diminution très progressive)et j\u0027ai remarqué depuis 2 jours que j\u0027ai des tremblements au niveau des mains.je continue a prendre mon anti dépresseurs (50 mg de tofranil par jour.)est ce que ces tremblements viennent du sevrage de lexomil, ou est ce que cela vient de mon ad ? au bout de combien de temps cela va t\u0027il s\u0027arrêter? a +",
        "userDefined": false
      }
    ],
    "isTemplate": false,
    "count": 0,
    "updated": 1522593226
  },
  {
    "id": "dcc6344b-8547-47a0-8dea-c72872ac363e",
    "data": [
      {
        "text": "j\u0027ai diminué petit à petit la dose de deroxat , j\u0027ai très nombreuse reaction bizarres, normal?",
        "userDefined": false
      }
    ],
    "isTemplate": false,
    "count": 0,
    "updated": 1522593226
  },
  {
    "id": "8b9de347-b93c-4c81-b4c5-992399730890",
    "data": [
      {
        "text": "symptômes de sevrage fréquent avec loxapac ?",
        "userDefined": false
      }
    ],
    "isTemplate": false,
    "count": 0,
    "updated": 1522593226
  },
  {
    "id": "c48bf850-c863-4a29-95af-ddd68348e9d1",
    "data": [
      {
        "text": "mon ami prend du triofan depuis plus de 2 ans et il est accro dès qu\u0027il arrête il a le nez complètement bouché et ne peux plus respirer, qui connaît?",
        "userDefined": false
      }
    ],
    "isTemplate": false,
    "count": 0,
    "updated": 1522593226
  },
  {
    "id": "00f6631d-c00f-4c4e-b094-2584c89a3a37",
    "data": [
      {
        "text": "j\u0027ai arrêté le traitement lutenyl et j\u0027ai des nausée et mal au seins. est ce que c\u0027est normal ?",
        "userDefined": false
      }
    ],
    "isTemplate": false,
    "count": 0,
    "updated": 1522593226
  },
  {
    "id": "bf7ad99c-59bb-4c05-8d02-8be53403b020",
    "data": [
      {
        "text": "ma mère avait réduit sa dose de lysanxia de 3 par jour à 1 et demi mais depuis elle a un point au côté droit et elle a mal quant elle respire, est ce de l\u0027angoisse ? est ce que cela est lié à la réduction de son anxiolitique ?",
        "userDefined": false
      }
    ],
    "isTemplate": false,
    "count": 0,
    "updated": 1522593226
  },
  {
    "id": "58578f8b-0b6f-4c5e-b323-01dc6d527245",
    "data": [
      {
        "text": "Y-a-t il un sevrage long avec noctran ?",
        "userDefined": false
      }
    ],
    "isTemplate": false,
    "count": 0,
    "updated": 1522593226
  },
  {
    "id": "6afdfb21-7bab-4950-a961-f1787178b887",
    "data": [
      {
        "text": "Y-a-t il un sevrage à l\u0027équanil 400mg ?",
        "userDefined": false
      }
    ],
    "isTemplate": false,
    "count": 0,
    "updated": 1522593226
  },
  {
    "id": "15786837-5819-4683-a2cb-ec24888ee943",
    "data": [
      {
        "text": "j\u0027ai arrêté ma pilule mélodia et depuis je ne suis plus très bien réglé et la ca fait 1 moi plu de règle plu rien est ce normal??",
        "userDefined": false
      }
    ],
    "isTemplate": false,
    "count": 0,
    "updated": 1522593226
  },
  {
    "id": "8bd80cf5-7371-4993-9eaa-f440e396c5e5",
    "data": [
      {
        "text": "j\u0027ai arrete brutalement le deroxat.une semaine apres j\u0027ai eu des vertiges. est ce du à l\u0027arrêt du deroxat ?",
        "userDefined": false
      }
    ],
    "isTemplate": false,
    "count": 0,
    "updated": 1522593226
  },
  {
    "id": "f7fbf922-f665-4734-b9e1-541ca2e4d509",
    "data": [
      {
        "text": "le sevrage de la mianserine donne des symptômes génants ?",
        "userDefined": false
      }
    ],
    "isTemplate": false,
    "count": 0,
    "updated": 1522593226
  },
  {
    "id": "002c7fd2-8ada-4bd4-b417-64c2a5079455",
    "data": [
      {
        "text": "J\u0027ai Varnoline pour mon problème d\u0027acné. pensez-vous que si j\u0027arrête ma pilule, mon fort acné de mon adolescence va resurgir ?",
        "userDefined": false
      }
    ],
    "isTemplate": false,
    "count": 0,
    "updated": 1522593226
  },
  {
    "id": "8f34558a-64cc-45d3-95d1-ffe0cdec0b13",
    "data": [
      {
        "text": "abilfy sevrage et effets ?",
        "userDefined": false
      }
    ],
    "isTemplate": false,
    "count": 0,
    "updated": 1522593226
  },
  {
    "id": "46c29e6e-0f8a-4fa0-b068-a98faa4e7d78",
    "data": [
      {
        "text": "Quels sont les effets du sevrage de zoloft ?",
        "userDefined": false
      }
    ],
    "isTemplate": false,
    "count": 0,
    "updated": 1522593226
  },
  {
    "id": "51af7206-3f13-4d88-8bf1-1e941d84acfe",
    "data": [
      {
        "text": "sevrage effexor, mes symptomes sont dû à quoi?",
        "userDefined": false
      }
    ],
    "isTemplate": false,
    "count": 0,
    "updated": 1522593226
  },
  {
    "id": "2e3c064e-bef8-4a94-ab01-901aa46d1563",
    "data": [
      {
        "text": "j\u0027ai arrêté cerazette le 5 juin. depuis je fais une courbe d\u0027ovulation qui ne donne rien. au bout de combien de jour a eu lieu votre première ovulation?",
        "userDefined": false
      }
    ],
    "isTemplate": false,
    "count": 0,
    "updated": 1522593226
  },
  {
    "id": "59a686f5-269e-44ff-a1dc-3de589d7b157",
    "data": [
      {
        "text": "sevrage brutale valium 10 mg possibilité de brûlure dorsal ?",
        "userDefined": false
      }
    ],
    "isTemplate": false,
    "count": 0,
    "updated": 1522593226
  },
  {
    "id": "17cb1d24-4e97-4c06-8460-afece426914f",
    "data": [
      {
        "text": "deja 1 semaine apres avoir arrete laroxyl, je sentais mes fringales s\u0027estomper et vous avez vous connu ca et avec quel medicament?",
        "userDefined": false
      }
    ],
    "isTemplate": false,
    "count": 0,
    "updated": 1522593226
  },
  {
    "id": "554c16c9-6b5d-429d-9206-a51d83073388",
    "data": [
      {
        "text": "le samedie, j\u0027ai arrêté le traitment corticoide et antibiotique prescris par un orl pendant 5 jours, lundi j\u0027ai un gonflement des chevilles. y a t il un lien?",
        "userDefined": false
      }
    ],
    "isTemplate": false,
    "count": 0,
    "updated": 1522593226
  },
  {
    "id": "ea7db2f7-78b9-42ca-b5a0-370880c15e82",
    "data": [
      {
        "text": "essayant d\u0027arreter le tranxene 5 mg j\u0027ai des signes importants de sevrage.  est-ce normal?",
        "userDefined": false
      }
    ],
    "isTemplate": false,
    "count": 0,
    "updated": 1522593226
  },
  {
    "id": "5003c1bd-daf8-43f7-b4b1-d8d72b0ffaf6",
    "data": [
      {
        "text": "Quelles sont les effets à l\u0027arrêt de la tolexine ?",
        "userDefined": false
      }
    ],
    "isTemplate": false,
    "count": 0,
    "updated": 1522593226
  },
  {
    "id": "7ecdad33-6921-4d77-b3b5-f638906665ef",
    "data": [
      {
        "text": "croyez-vous qu\u0027un arrêt de pilule minidril puisse faire perdre du poids aussi rapidement ?",
        "userDefined": false
      }
    ],
    "isTemplate": false,
    "count": 0,
    "updated": 1522593226
  },
  {
    "id": "20aa1ae4-0e5c-44da-b0ab-f991253b2648",
    "data": [
      {
        "text": "je prends du deroxat depuis bientot 10 ans. je suis passé de 10ml (\u003d20mg) à 7.5ml, puis 5ml. j\u0027aimerais savoir si il est possible de ressentir les effets de la diminution du deroxat seulement 1 mois 1/2 après ? cela fait 2 semaines que je ressens ces effets et c\u0027est de pire en pire. est ce normal ?",
        "userDefined": false
      }
    ],
    "isTemplate": false,
    "count": 0,
    "updated": 1522593226
  },
  {
    "id": "f3a4f4e3-15d2-4bda-a5b5-73cc27047eee",
    "data": [
      {
        "text": "sevrage xeplion 50mg ?",
        "userDefined": false
      }
    ],
    "isTemplate": false,
    "count": 0,
    "updated": 1522593226
  },
  {
    "id": "d0f102b1-f0f2-4273-aaf2-e03f72adfa41",
    "data": [
      {
        "text": "Y a-t-il des signes de sevrage avec millepertuis ?",
        "userDefined": false
      }
    ],
    "isTemplate": false,
    "count": 0,
    "updated": 1522593226
  },
  {
    "id": "f1b199cf-2fd7-4f67-80f6-5f1bc9a66791",
    "data": [
      {
        "text": "sevrage norset ? A quoi s\u0027attendre ?",
        "userDefined": false
      }
    ],
    "isTemplate": false,
    "count": 0,
    "updated": 1522593226
  },
  {
    "id": "f31d8b1a-3141-4644-bc0b-5f5099f18d87",
    "data": [
      {
        "text": "depuis qu\u0027on m\u0027a enlevé l\u0027abilify je ressens des sensations de faim aux heures des repas et quand je mange le pire c\u0027est que j\u0027ai des maux de ventre.  pourquoi j\u0027ai cette effet svp?",
        "userDefined": false
      }
    ],
    "isTemplate": false,
    "count": 0,
    "updated": 1522593226
  },
  {
    "id": "1a3b6eb2-b3e1-44e5-a06a-1a92fa095daa",
    "data": [
      {
        "text": "sevrage deroxat: réapparition des symptomes ?",
        "userDefined": false
      }
    ],
    "isTemplate": false,
    "count": 0,
    "updated": 1522593226
  },
  {
    "id": "9d19a29e-2118-40e4-8b39-61e472ff19c9",
    "data": [
      {
        "text": "je suis sous anti-depresseurs depuis un peu plus d\u0027un an.j\u0027ai changé de molécules deux fois,j\u0027avais commencé avec effexor,je suis ensuite passée au prozac,et maintenant au seropram qui est celui qui m\u0027a le mieux réussi. je n\u0027ai plus envie de prendre ce traitement du fait que ce n\u0027est pas cela qui résoudra mes problèmes profonds,et que je ne pense pas réellement en avoir besoin.je suis quelqun d\u0027hyperanxieux et très angoissé,mais pas dérpessive.. en accord avec mon médecin,j\u0027ai diminué de moitié ma dose.sur combien de temps avez-vous arrêté?syndrôme de sevrage?",
        "userDefined": false
      }
    ],
    "isTemplate": false,
    "count": 0,
    "updated": 1522593226
  },
  {
    "id": "8bf2bc38-48a9-41e6-aebc-1be7aa737ec7",
    "data": [
      {
        "text": "j\u0027ai arrêté ma pillule il y a 1 mois.j\u0027ai eu des pertes marron pendant 5 jours puis au 6 jours un peu rouge fonçé puis plus rien. est ce du à l\u0027arrêt ?",
        "userDefined": false
      }
    ],
    "isTemplate": false,
    "count": 0,
    "updated": 1522593226
  },
  {
    "id": "0c656ba2-bea5-4f18-98c4-728594157225",
    "data": [
      {
        "text": "sevrage effexor : effets ?",
        "userDefined": false
      }
    ],
    "isTemplate": false,
    "count": 0,
    "updated": 1522593226
  }
]