[
  {
    "id": "e7151f60-296c-44fa-ac3b-c6276369fe31",
    "data": [
      {
        "text": "absence de mirena en pharmacie? Pourquoi ?",
        "userDefined": false
      }
    ],
    "isTemplate": false,
    "count": 0,
    "updated": 1522593226
  },
  {
    "id": "6462cb93-8204-4c01-957f-5ae8feb27329",
    "data": [
      {
        "text": "Pourquoi levothyrox est en manque fabricant ?",
        "userDefined": false
      }
    ],
    "isTemplate": false,
    "count": 0,
    "updated": 1522593226
  },
  {
    "id": "e025fe82-3345-4847-a96a-3f5a61f42c71",
    "data": [
      {
        "text": "viscéralgine 50 mg : pourquoi rupture de stock ?",
        "userDefined": false
      }
    ],
    "isTemplate": false,
    "count": 0,
    "updated": 1522593226
  },
  {
    "id": "168b1c53-de6a-49cf-a4ef-70dcb3976e1c",
    "data": [
      {
        "text": "quelle était la cause de la rupture de colpotrophine en 2016?",
        "userDefined": false
      }
    ],
    "isTemplate": false,
    "count": 0,
    "updated": 1522593226
  },
  {
    "id": "cebda7e2-7bbe-4d64-96d8-4a858499c1e4",
    "data": [
      {
        "text": "Connaissez vous la cause de la rupture du nocertone?",
        "userDefined": false
      }
    ],
    "isTemplate": false,
    "count": 0,
    "updated": 1522593226
  },
  {
    "id": "29afb2e5-da83-4806-b7b1-96f858f7ea34",
    "data": [
      {
        "text": "plus de stinox en vente : pourquoi ??",
        "userDefined": false
      }
    ],
    "isTemplate": false,
    "count": 0,
    "updated": 1522593226
  },
  {
    "id": "054a50d4-5b16-45c6-ab5b-4ad6a88776b9",
    "data": [
      {
        "text": "seropram est en manque fabricant ?",
        "userDefined": false
      }
    ],
    "isTemplate": false,
    "count": 0,
    "updated": 1522593226
  },
  {
    "id": "774b83c2-3e8f-40b1-8351-632bfacc89a5",
    "data": [
      {
        "text": "pourquoi levitra est en manque ?",
        "userDefined": false
      }
    ],
    "isTemplate": false,
    "count": 0,
    "updated": 1522593226
  }
]