[
  {
    "id": "30a19711-9345-471e-a784-094c05f05f08",
    "data": [
      {
        "text": "on m\u0027a prescrit microval, est ce que cette pilule est effective dès la première prise ? qu\u0027est ce que cela fait si je commence la plaquette alors que je n\u0027ai pas encore mes regles ?",
        "userDefined": false
      }
    ],
    "isTemplate": false,
    "count": 0,
    "updated": 1522593226
  },
  {
    "id": "790a735b-f5c0-4e16-9d9a-bd582a2bdad8",
    "data": [
      {
        "text": "mon medecin m\u0027a prescrit du xanax 0,50 et du stilnox. cependant j\u0027ai l\u0027impression que le stilnox (generique) commence a ne plus me faire effet. faudrait t\u0027il que je lui demande plutot de l\u0027imovane et quels sont les effets secondaires?",
        "userDefined": false
      }
    ],
    "isTemplate": false,
    "count": 0,
    "updated": 1522593226
  },
  {
    "id": "8efba4f4-9d84-4eab-a60d-ad25ebf9ee91",
    "data": [
      {
        "text": "PAS DE QUESTION SUR UN MEDICAMENT",
        "userDefined": false
      }
    ],
    "isTemplate": false,
    "count": 1,
    "updated": 1522593226
  },
  {
    "id": "6eaf2958-5cbe-41ac-8d5a-7f75ad69fb74",
    "data": [
      {
        "text": "samedi soir, j\u0027ai oublié de prendre mon 17è comprimé et l\u0027ai pris le lendemain mais pense l\u0027avoir vomi. 4 jours avant l\u0027oubli de ma pilule, j\u0027ai eu un rapport non protégé : ai-je un risque de grossesse dû à ce rapport ? ma plaquette se finit dans 3 jours : au démarrage de la prochaine, puis-je recommencer à avoir des rapports non protégés?",
        "userDefined": false
      }
    ],
    "isTemplate": false,
    "count": 0,
    "updated": 1522593226
  },
  {
    "id": "59ae11f8-0b16-4133-963c-3542ff3abf6f",
    "data": [
      {
        "text": "j\u0027ai arrêté mon traitement de dépamide il y a un mois et demi et malgré le sport et un régime sévère, je ne vois pas de changement sur ma balance.. est ce que certaines parmi vous ont eu ce pb ? combien de temps vous a-t-il fallu pour retrouver votre poids normal??",
        "userDefined": false
      }
    ],
    "isTemplate": false,
    "count": 0,
    "updated": 1522593226
  },
  {
    "id": "287a8de4-d02e-430b-a16b-0636505ac939",
    "data": [
      {
        "text": "nizoral, un antifongique et kethoderm unidose et en crème sont du même produit ? quels sont les risques?",
        "userDefined": false
      }
    ],
    "isTemplate": false,
    "count": 0,
    "updated": 1522593226
  },
  {
    "id": "e3c9b344-b949-469a-bd17-fd8c68fb203e",
    "data": [
      {
        "text": "mon fils de 2 ans fait des cauchemars la nuit, malgré que je lui donne stramonium 15 ch, pas l\u0027impression que ça marche vraiment, dois je changer le dosage ? ou bien un autre tt homéopathique ?",
        "userDefined": false
      }
    ],
    "isTemplate": false,
    "count": 0,
    "updated": 1522593226
  },
  {
    "id": "10f35359-c9a8-4185-b7f4-1e857bc26610",
    "data": [
      {
        "text": "j\u0027étais sous minidril pendant 6 mois, puis trinordiol pendant un mois qui m\u0027ont fait prendre en sept mois une dizaine de kilos et augmenter mon taux de cholestérol au dessus de la normale..  pensez vous que ce taux de cholestérol est lié à la prise de minidril \u0026  trinordiol ?",
        "userDefined": false
      }
    ],
    "isTemplate": false,
    "count": 0,
    "updated": 1522593226
  },
  {
    "id": "9692b541-3db5-4e68-aba7-1fb89a76750a",
    "data": [
      {
        "text": "y a t il une difference entre le prozac disoluble et en gellule ? a quel moment du petit dej se prend le prozac ?",
        "userDefined": false
      }
    ],
    "isTemplate": false,
    "count": 0,
    "updated": 1522593226
  },
  {
    "id": "8a1ad612-c97e-47e9-bb90-13e4731531be",
    "data": [
      {
        "text": "est-il possible de, comme une \"pilule classique\", prendre lutéran 10 en continu ? en cas d\u0027oubli de lutéran, quel est le délai pour reprendre un cp sans avoir à se protéger autrement car risque ?",
        "userDefined": false
      }
    ],
    "isTemplate": false,
    "count": 0,
    "updated": 1522593226
  },
  {
    "id": "95865db4-1c5c-4425-80aa-6a86e808cb2e",
    "data": [
      {
        "text": "je ne supporte pas la pilule minesse et ma gyneco m\u0027a donne meliane à la place. ma gygy m\u0027a dit d\u0027arreter minesse le jeudi soir dc de prendre la derniere et de prendre meliane le mardi, c\u0027est à dire comme d\u0027hab avec minesse. et ensuite pendt 3 semaines et 1 semaine de repose. est ce que c\u0027est ca le compte? est ce que je suis protégée en changeant de pilule et est ce que je suis protegee durant la periode de repos et les 4 jours de repos entre minesse et meliane. qui a deja pris meliane, et qd avez vs eu vos regles?",
        "userDefined": false
      }
    ],
    "isTemplate": false,
    "count": 0,
    "updated": 1522593226
  },
  {
    "id": "e76dedcb-ff6b-4ec0-b7ba-5bce6b3ff703",
    "data": [
      {
        "text": "prise de jasmine 21h et à partir de 22h j\u0027ai eu une gastro que j\u0027ai encore aujourdhui. Il faut que je fasse quoi ? mon comprime d\u0027hier va fonctionner ou non ?",
        "userDefined": false
      }
    ],
    "isTemplate": false,
    "count": 0,
    "updated": 1522593226
  },
  {
    "id": "8857847c-24ba-4362-a5eb-35d8c56c5e21",
    "data": [
      {
        "text": "si je me fais vacciner contre la coqueluche avant la grossesse, mes anticorps protègeront-ils le nouveau-né, ou puis-je attendre l\u0027accouchement pour me faire vacciner ? si je dois le faire avant la grossesse, combien de temps après vaccin dois-je attendre pour cesser la contraception ? ce vaccin est-il forcément combiné avec dtp ou existe-t-il à part ?",
        "userDefined": false
      }
    ],
    "isTemplate": false,
    "count": 0,
    "updated": 1522593226
  },
  {
    "id": "93e5d513-c55e-4815-9e2d-d6f07814f2c5",
    "data": [
      {
        "text": "je voudrais savoir si jasminelle était éfficace si je la commençais le 12ème jour de mon cycle et si oui au bout de combien de temps ?",
        "userDefined": false
      }
    ],
    "isTemplate": false,
    "count": 0,
    "updated": 1522593226
  },
  {
    "id": "da25702d-fbeb-402a-956f-e1f9a5c5cfa0",
    "data": [
      {
        "text": "je prend la pilule trinardiol, et en se début d\u0027anné  j\u0027ai pris ma pilule avec du retard, je devais la prendre le 31decenbre au soir et je ne l\u0027ai pris que le deux au soir!  j\u0027ai décidé de ne pas faire de pause pour ne pas avoir mes règles! mais voila , cela fait deux jour que je saigne . est ce que c\u0027est grave dois je m\u0027inquiété? suis  je encore protégee?",
        "userDefined": false
      }
    ],
    "isTemplate": false,
    "count": 0,
    "updated": 1522593226
  },
  {
    "id": "f6a7f9bf-7f2f-4c86-8f3b-6464a5fe0505",
    "data": [
      {
        "text": "il y a 1 mois, j\u0027ai pris trinordiol malencontreusement. ma gynéco m\u0027a conseillé de l\u0027arrêter et de la reprendre ce mois -ci. or il y a 2 jours,j\u0027ai eu de petites pertes brunes que j\u0027ai prises pour un début de règles mais ce n\u0027est en fait pas encore mes règles ! je ne devrais pas les avoir avant 1 semaine ! j\u0027ai donc recommencé ma pilule trop tôt ! qu\u0027est ce que je dois faire ? suis-je tout de même protègée ? que va-t-il se passer à ma prochaine plaquette ?",
        "userDefined": false
      }
    ],
    "isTemplate": false,
    "count": 0,
    "updated": 1522593226
  },
  {
    "id": "7f9ee4b9-3939-4af1-9ec9-6534e487be8d",
    "data": [
      {
        "text": "je prends trinordiol depuis 1 an et demi et à ce moment meme j\u0027en suis au 18ième comprimé qui sont les blancs, mais j\u0027ai mes règles, est ce normal ? je comptais enchainer 2 plaquettes car je pars en vacances vendredi ! j\u0027encours un risque ?",
        "userDefined": false
      }
    ],
    "isTemplate": false,
    "count": 0,
    "updated": 1522593226
  },
  {
    "id": "b6dfd697-8413-4ea9-bad1-7faa3e593853",
    "data": [
      {
        "text": "j\u0027ai pris cerazette pendant 6 mois, il y a deux ans. et maintenant, je reprend cerazette depuis un mois et demi. J\u0027ai de saignements abondans et non pas de petites pertes. ça peut durer longtemps ? me conseillez vous de demander un changement de pilule ou vous pensez que cela peut d\u0027arreter ?",
        "userDefined": false
      }
    ],
    "isTemplate": false,
    "count": 0,
    "updated": 1522593226
  },
  {
    "id": "b676fe8a-2581-40f2-8a40-17dd2cdb1af7",
    "data": [
      {
        "text": "Je prends le livial depuis 18 mois. mais en septembre et ce mois ci, j\u0027ai eu quelques saignements. est-ce normal ? peut-il y avoir un lien avec la prise de l\u0027hypérium et le ludoz (médicaments pour la tension) ?",
        "userDefined": false
      }
    ],
    "isTemplate": false,
    "count": 0,
    "updated": 1522593226
  },
  {
    "id": "845535cb-c3bd-4c2e-9c23-d9dff9a840ec",
    "data": [
      {
        "text": "cela fait une semaine que je donne à ma fille de 3 ans baryta carbonica 9ch et natrum muriacum 5ch 3 granules 2 fois par jours et pour la plus grande (6 ans) je lui donne pulsatilla 3g 2 fois par jour. puis-je passer en traitement de fond à 15 ch par semaine pour les deux ?",
        "userDefined": false
      }
    ],
    "isTemplate": false,
    "count": 0,
    "updated": 1522593226
  },
  {
    "id": "c37a7dd5-169a-4fa2-9789-e346600e630b",
    "data": [
      {
        "text": "TROP COMPLIQUE - MAIS A GARDER",
        "userDefined": false
      }
    ],
    "isTemplate": false,
    "count": 0,
    "updated": 1522593226
  },
  {
    "id": "5ec32fea-14a5-4d00-bc7b-d8bf80799432",
    "data": [
      {
        "text": "quelqu\u0027un a t-il déjà réussi à se sevrer du zaldiar, ixprim ou plus simplement du tramadol (sachant que pour les douleurs lombaires le paracétamol est parfois suffisant et pourrait remplacer le médicament pendant le sevrage) ? comment faire (arreter d\u0027un coup ou diminuer) ? pour parler de cette pharmacodépendance, faudrait il aller voir un psychiatre, un addictologue ??",
        "userDefined": false
      }
    ],
    "isTemplate": false,
    "count": 0,
    "updated": 1522593226
  },
  {
    "id": "9d3cb49a-7382-4b42-a5eb-191e402a2c2e",
    "data": [
      {
        "text": "j\u0027aimerais des informations précise sur ces vaccins (infarix et prevnar), sont ils obligatoires? peut on trouver les meme vaccins en dose unique? peut on faire les injections séparément, car 5 ou 6 molécuels d\u0027un coup c\u0027est énorme , en plus du prevnar.",
        "userDefined": false
      }
    ],
    "isTemplate": false,
    "count": 0,
    "updated": 1522593226
  },
  {
    "id": "e2bb6812-4234-44c1-bdef-9e2355e83dc1",
    "data": [
      {
        "text": "Dificlir est-il réservé à l’usage hospitalier? Indications?",
        "userDefined": false
      }
    ],
    "isTemplate": false,
    "count": 0,
    "updated": 1522593226
  },
  {
    "id": "3b31cb97-72dc-4fe5-af0f-fb038346602e",
    "data": [
      {
        "text": "est ce que microval est effective dès la première prise? qu\u0027est ce que cela fait si je commence la plaquette alors que je n\u0027ai pas encore mes regles?",
        "userDefined": false
      }
    ],
    "isTemplate": false,
    "count": 0,
    "updated": 1522593226
  },
  {
    "id": "3d942285-a4ea-44d2-87ee-ed2420d14ae5",
    "data": [
      {
        "text": "savez vous si le lamictal oro-dispercible, aussi appelé lamotrigine, fait t\u0027il prendre du poids ? et le tercian en gouttes ? et le risperdal oro-dispercible ?",
        "userDefined": false
      }
    ],
    "isTemplate": false,
    "count": 0,
    "updated": 1522593226
  },
  {
    "id": "d3399916-b221-44cf-95d1-a9996006d53c",
    "data": [
      {
        "text": "mon médecin m\u0027a prescrit la pilule (daily gé) et depuis 2-3h je n\u0027arrive pas à dormir, à cause d\u0027un mal de ventre, de petites nausées et de vertiges. si c\u0027est du à la pilule : est-ce normal ? quels médoc je peux prendre pour faire passer ?",
        "userDefined": false
      }
    ],
    "isTemplate": false,
    "count": 0,
    "updated": 1522593226
  },
  {
    "id": "0d1f510a-1f44-484e-8096-646d1dec0da5",
    "data": [
      {
        "text": "je dois prendre de l\u0027amoxicilline pour une sinusite.  je sais qu\u0027il faut prendre les antibiotiques de manière très précise. mais cette nuit, j\u0027ai oublié de me réveiller et je l\u0027ai donc pris à 10h.. (donc quelques heures de décalage) est-ce grave? je continue le traitement comme si de rien n\u0027était?",
        "userDefined": false
      }
    ],
    "isTemplate": false,
    "count": 0,
    "updated": 1522593226
  },
  {
    "id": "1d4874e6-cab7-4494-9591-a02799eeaa4b",
    "data": [
      {
        "text": "je prend la pilule leeloo ge et il se trouve que les deux jours suivant un rapport mes deux comprimés étaient écrasés. je les ai quand même avalés entièrement. je suis actuellement dans ma période de règles et mes règles sont irrégulières pour la première fois. est-ce normal alors qu\u0027elles sont normalement abondantes ? la prise de comprimés écrasés entrainne-t- elle une grossesse éventuelle?",
        "userDefined": false
      }
    ],
    "isTemplate": false,
    "count": 0,
    "updated": 1522593226
  },
  {
    "id": "cdd23ceb-0a5e-49dd-88be-c59048271171",
    "data": [
      {
        "text": "on ne devrait pas prendre de contraception progestative dans les 6 semaines après l\u0027accouchement quand on allaite. auriez-vous des indications plus récentes sur le sujet ? est-ce toujours le cas ? quels sont les risques si c\u0027est pris avant les 6 semaines ?",
        "userDefined": false
      }
    ],
    "isTemplate": false,
    "count": 0,
    "updated": 1522593226
  },
  {
    "id": "eb18975f-8026-4750-9c25-87cdaefa645c",
    "data": [
      {
        "text": "je suis sous adépal depuis plus de 5 ans, mais ce mois-ci mes règles sont en retard. je decide donc de me protéger avec mon compagnons, mais la capote a craqué. est ce que nous sommes protégé meme si la pillule vient a ne plus convenir a notre corps ?? que faire ??",
        "userDefined": false
      }
    ],
    "isTemplate": false,
    "count": 0,
    "updated": 1522593226
  },
  {
    "id": "692de4d0-9f5d-4acb-a145-cb98f6df0453",
    "data": [
      {
        "text": "J\u0027ai entamé ma 2ème plaquette de yasmine et d\u0027habitude, je la prend à 21h00 mais ce matin à 7h30, j\u0027ai remarqué que je l\u0027avais oubliée hier soir. Et maintenant, je perds du sang. Est-ce normal et à quelle heure maintenant je dois la prendre à 21h00 ou 7h30?",
        "userDefined": false
      }
    ],
    "isTemplate": false,
    "count": 0,
    "updated": 1522593226
  },
  {
    "id": "64406d16-1b43-499e-aee0-d7c861f4bf9c",
    "data": [
      {
        "text": "j\u0027ai fini la plaquette de ma pillule (evepar générique de diane ) et j\u0027aimerai savoir si c\u0027est possible de commancer tout de suite la deuxieme plaquette sans interuption ? et si j\u0027ai un rapport dois je quand meme me protégé ou elle agira quand meme ?",
        "userDefined": false
      }
    ],
    "isTemplate": false,
    "count": 0,
    "updated": 1522593226
  },
  {
    "id": "4409ebb1-9640-4ff0-91ee-d409241514de",
    "data": [
      {
        "text": "mon mari est sous androcur à faible dose (25mg /j). on entend dire tout et n\u0027importe quoi sur ce produit. qui peut m\u0027éclairer sur la réelle action de ce produit et sur son usage dans la durée ? l\u0027arrêt du traitement permet-il de retrouver les facultés comme avant ?",
        "userDefined": false
      }
    ],
    "isTemplate": false,
    "count": 0,
    "updated": 1522593226
  },
  {
    "id": "c8681716-17f6-40f9-a388-3add75305855",
    "data": [
      {
        "text": "pendant 9 ans, j\u0027ai pris la pillule \"effiprev\", mais elle me fillait bcp de cholestérol. J\u0027ai donc dû la changer. Je prends minesse  et je n\u0027ai plus de cholestérol, par contre j\u0027ai pris 6 kg, une taille, et je suis passée du 95b au 95c. S\u0027il vous plait, cela vous est déjà arrivé, et comment y remédier ? existe-t-il une pillule qui ne fasse pas grossir ?",
        "userDefined": false
      }
    ],
    "isTemplate": false,
    "count": 0,
    "updated": 1522593226
  },
  {
    "id": "9d3d5e31-3d2b-4826-a378-cc4424874065",
    "data": [
      {
        "text": "quand je ne prends pas la pilule j\u0027ai des règles abondantes et douloureuses. je voudrais savoir si en prenant duphaston je pourrais règler tous ces petits problèmes ? le duphaston est prescrit par le médecin sous quelles conditions ?",
        "userDefined": false
      }
    ],
    "isTemplate": false,
    "count": 0,
    "updated": 1522593226
  },
  {
    "id": "8cc5febc-b73f-47aa-9f65-620b68adf629",
    "data": [
      {
        "text": "je prend la pilule minidril depuis 7 mois. quelqu\u0027un pourrait-il m\u0027apporter des informations : comment retarder ses règles ? je croit qu\u0027il faut enchainer 2 plaquettes a la suite. y a t-il des risques? est-ce mauvais? y aura t-il plus de saignement ou simplement un décalage?",
        "userDefined": false
      }
    ],
    "isTemplate": false,
    "count": 0,
    "updated": 1522593226
  },
  {
    "id": "51d623b5-a6c9-4c47-b70d-fa2f5c87e587",
    "data": [
      {
        "text": "j\u0027ai eu un rapport sexuel non protégé le jour où j\u0027ai repris ma pillule (trinordiol) : combien de temps la pillule met de temps pour faire un minimum d\u0027effet ? cela est-il valable qu\u0027à la toute première fois que l\u0027on prend la pillule ou bien tout les mois ?",
        "userDefined": false
      }
    ],
    "isTemplate": false,
    "count": 0,
    "updated": 1522593226
  },
  {
    "id": "61322ff3-6910-4045-b904-f1709998cd5e",
    "data": [
      {
        "text": "qui a déjà pris citalopram ? avez vous senti une amélioration ? combien en prenez vous ? effets secondaires ?",
        "userDefined": false
      }
    ],
    "isTemplate": false,
    "count": 0,
    "updated": 1522593226
  }
]