[
  {
    "id": "647b9b7e-7e94-4e98-bdb6-580b16506ed0",
    "data": [
      {
        "text": "je viens de lire la notice, qui dit que je dois prendre yaz après la fin de ma pilule holygième alors que la gynéco m\u0027a dit de la prendre le 1er jour de mes règles.  alors quand dois-je la prendre ??",
        "userDefined": false
      }
    ],
    "isTemplate": false,
    "count": 0,
    "updated": 1522593226
  },
  {
    "id": "52ced8d8-cebb-4e0e-b7d7-7f29362f1b22",
    "data": [
      {
        "text": "mon médecin me fait changer de pilule. actuellement je suis a minesse enfin j\u0027ai pris le dernier comprimé actif hier il me reste donc les 4 placebo. Puis-je commencer jasminelle aujourd\u0027hui?",
        "userDefined": false
      }
    ],
    "isTemplate": false,
    "count": 0,
    "updated": 1522593226
  },
  {
    "id": "416dcab3-15f3-4c03-acf1-3f51dea61d8a",
    "data": [
      {
        "text": "Comment passer du rivotril au laroxyl ?",
        "userDefined": false
      }
    ],
    "isTemplate": false,
    "count": 0,
    "updated": 1522593226
  },
  {
    "id": "4a8772e4-de31-43e7-8c22-f987565beef4",
    "data": [
      {
        "text": "Comment passer d\u0027une Insuline basale à 1 fois par jour à TOUJEO ?",
        "userDefined": false
      }
    ],
    "isTemplate": false,
    "count": 0,
    "updated": 1522593226
  },
  {
    "id": "ec06291a-699b-44d8-92d2-899f4b09d17d",
    "data": [
      {
        "text": "de jasmine à jasminelle ??",
        "userDefined": false
      }
    ],
    "isTemplate": false,
    "count": 1,
    "updated": 1522593226
  },
  {
    "id": "60d4dd8f-2b47-43be-8e5e-6d5d9d81d637",
    "data": [
      {
        "text": "Comment enchainer trinordiol (triphasée) après diane (monophasée) ? je commence par la fin de la plaquette ?",
        "userDefined": false
      }
    ],
    "isTemplate": false,
    "count": 0,
    "updated": 1522593226
  },
  {
    "id": "4f8eab26-7adf-4749-9e05-1659c0fda561",
    "data": [
      {
        "text": "Comment passer de risperdal à abilify ?",
        "userDefined": false
      }
    ],
    "isTemplate": false,
    "count": 0,
    "updated": 1522593226
  },
  {
    "id": "bc0f1911-55c3-4d9d-b867-217f40ebeb0c",
    "data": [
      {
        "text": "Comment gérer le changement de minesse à mélodia ?",
        "userDefined": false
      }
    ],
    "isTemplate": false,
    "count": 0,
    "updated": 1522593226
  },
  {
    "id": "90e1a2c1-fc07-4275-815d-36b74b292780",
    "data": [
      {
        "text": "passer de nuvaring à jasmine??",
        "userDefined": false
      }
    ],
    "isTemplate": false,
    "count": 0,
    "updated": 1522593226
  },
  {
    "id": "0b87efc7-6a81-48f4-b931-7a198b9ed8d9",
    "data": [
      {
        "text": "je suis actuellement sous pilulle mercilon et c\u0027est l\u0027horreur : jambes très lourdes et douloureuses, tension dans les seins, spottings, maux de ventre ! mon doc m\u0027a prescrit adepal. a votre avis, je peux arrêter là et enchaîner direct avec adepal ?",
        "userDefined": false
      }
    ],
    "isTemplate": false,
    "count": 0,
    "updated": 1522593226
  },
  {
    "id": "07f3da82-77a6-4ecf-bdb3-b3ee93c6893a",
    "data": [
      {
        "text": "bonjour, je déteste avoir mes régles (mal au ventre, nausées..) donc j\u0027avais pris l\u0027habitude avec jasmine d\u0027enchainer les plaquettes pour les éviter. après un passage chez le gygy, il ma donné cerazette mais du coup j\u0027ai mes regles en continu, ca me va pasdu tout, surtout que je ne sais pas quand ca va s\u0027arreter. pensez vous que si je l\u0027arrete et que je reprend jasmine ca va s\u0027arreter ?",
        "userDefined": false
      }
    ],
    "isTemplate": false,
    "count": 0,
    "updated": 1522593226
  },
  {
    "id": "a817b5cf-b518-495d-ac1c-c1fc83be0d2a",
    "data": [
      {
        "text": "je suis sous zoloft depui 6 semaines maintenant. je ne me sens pas forcément beaucoup mieux. j\u0027ai des petits effets secondaires, donc mon médecin m\u0027a prescrit du \"divarius\", et m\u0027a dit de changer directement du zoloft au divarius. la transission peut se faire comme ca ?",
        "userDefined": false
      }
    ],
    "isTemplate": false,
    "count": 0,
    "updated": 1522593226
  },
  {
    "id": "f26c64aa-0798-446d-b046-f4700371b343",
    "data": [
      {
        "text": "je passe d\u0027evepar à minidril. dois je la prendre apres les regles ou enchaines les plaquettes",
        "userDefined": false
      }
    ],
    "isTemplate": false,
    "count": 0,
    "updated": 1522593226
  },
  {
    "id": "2c6b8f7c-6676-47ec-bd19-d690c0ab670a",
    "data": [
      {
        "text": "je change de pilule en passant de minidril à stédiril. il est écrit que le 1er comprimé est à prendre le jour suivant la prise du dernier comprimé du contraceptif précédent ou au plus tard le jour qui suit la période habituelle d\u0027arret des comprimés. j\u0027y comprend rien pouvez vous m\u0027aider??",
        "userDefined": false
      }
    ],
    "isTemplate": false,
    "count": 0,
    "updated": 1522593226
  },
  {
    "id": "119f4f27-1126-4aca-8aa7-a264960adcde",
    "data": [
      {
        "text": "je prend actuellement cerazette. j\u0027aimerais tout d\u0027abord savoir comment passer à yaz ?",
        "userDefined": false
      }
    ],
    "isTemplate": false,
    "count": 0,
    "updated": 1522593226
  },
  {
    "id": "b398bbd9-ae5d-4353-882f-3c0e0ed6e0ab",
    "data": [
      {
        "text": "j\u0027ai fais un arrêt de 7jours entre la jasmine et trinordiol : est-ce grave d\u0027avoir fait l\u0027arrêt de 7jours entre la dernière jasmine et la première trinordiol?",
        "userDefined": false
      }
    ],
    "isTemplate": false,
    "count": 0,
    "updated": 1522593226
  },
  {
    "id": "f9d56575-93be-43b9-9ba6-8d1878f8762b",
    "data": [
      {
        "text": "quand commencer 1ere prise de la pilule après norlevo ?",
        "userDefined": false
      }
    ],
    "isTemplate": false,
    "count": 0,
    "updated": 1522593226
  },
  {
    "id": "1ffe3955-22de-4730-aeb0-7765fea4a239",
    "data": [
      {
        "text": "je suis actuellement sous jasmine, mais ce mois-ci j\u0027ai eu des douleurs aux seins. je voudrais essayer cerazette. comment doit-on procéder ?",
        "userDefined": false
      }
    ],
    "isTemplate": false,
    "count": 0,
    "updated": 1522593226
  },
  {
    "id": "5a449ec8-2ec5-40ca-9d34-c69ed44df764",
    "data": [
      {
        "text": "passer de stediril à cycleane 30, dois-je faire une pause?",
        "userDefined": false
      }
    ],
    "isTemplate": false,
    "count": 0,
    "updated": 1522593226
  },
  {
    "id": "a0d6bc41-0d56-40c3-ab1e-316168cc0eb9",
    "data": [
      {
        "text": "je dois passer de la pillule diane 35 à la pillule perleane. je pensais la reprendre apres 7 jours d\u0027arret de diane. mais sur la notice ils parlent de reprendre directement à la suite de la plaquette precedente en cas de contraception oestroprogestative. est ce que diane est dans ce cas? que dois je faire?",
        "userDefined": false
      }
    ],
    "isTemplate": false,
    "count": 0,
    "updated": 1522593226
  },
  {
    "id": "1c61e9ab-c438-47c2-a878-a2cbd3b3cb5f",
    "data": [
      {
        "text": "j\u0027ai arreté diane 35, car j\u0027ai pris 5 kilos sous elle. ma dermato m\u0027a prescrit jasminelle, comment passer de l\u0027une à l\u0027autre?",
        "userDefined": false
      }
    ],
    "isTemplate": false,
    "count": 0,
    "updated": 1522593226
  },
  {
    "id": "9a5bcc4e-5b68-4fb9-ae2e-16ac43a5eb14",
    "data": [
      {
        "text": "deroxat et passage au millepertuis ?",
        "userDefined": false
      }
    ],
    "isTemplate": false,
    "count": 0,
    "updated": 1522593226
  },
  {
    "id": "df7ee617-8133-4c15-a345-79eb17ec0ddf",
    "data": [
      {
        "text": "dans la notice de daily gé il est écrit que si on la prend après une autre pilule estroprogestative il faut commencer dès le lendemain du dernier comprimé actif ?",
        "userDefined": false
      }
    ],
    "isTemplate": false,
    "count": 0,
    "updated": 1522593226
  },
  {
    "id": "dc6e419f-df0d-4e91-a1b0-f7fe43e089a3",
    "data": [
      {
        "text": "passage jasmine a nuvaring . dois je inserer nuraving aujourd\u0027hui?",
        "userDefined": false
      }
    ],
    "isTemplate": false,
    "count": 0,
    "updated": 1522593226
  },
  {
    "id": "1de1df36-e753-41a8-ad27-5a0d3ad906c8",
    "data": [
      {
        "text": "passer du seroplex au prozac?",
        "userDefined": false
      }
    ],
    "isTemplate": false,
    "count": 0,
    "updated": 1522593226
  },
  {
    "id": "16e81174-511b-486d-a17b-f34e8f4bd4a8",
    "data": [
      {
        "text": "passage de daily gé a cycleane?",
        "userDefined": false
      }
    ],
    "isTemplate": false,
    "count": 0,
    "updated": 1522593226
  },
  {
    "id": "674efd05-f4e0-482c-9781-7e4cc202b6fb",
    "data": [
      {
        "text": "je suis sous trinordiol  et aujourd\u0027hui j\u0027ai changé de pilule je ne l\u0027ai pas encore commencé (jasminelle). je voulais savoir si je devais attendre la fin de la plaquette trinordiol ou si je peux la commencer dès ce soir?",
        "userDefined": false
      }
    ],
    "isTemplate": false,
    "count": 0,
    "updated": 1522593226
  },
  {
    "id": "a7ba51d9-5cc4-4c72-9fb1-73a1455041d7",
    "data": [
      {
        "text": "bonjour, je suis sous miréna depuis quelques mois et je voulais savoir s\u0027il fallait attendre quelques mois ou non, entre le retrait du stérilet miréna et la pose d\u0027un stérilet en cuivre? merci !",
        "userDefined": false
      }
    ],
    "isTemplate": false,
    "count": 0,
    "updated": 1522593226
  },
  {
    "id": "f6e92f9a-e2d2-4e8d-95b6-cc135fcf4772",
    "data": [
      {
        "text": "j\u0027ai terminé ma plaquette de diane et fait ma pause de 7 jours et à la place de commencer une nouvelle plaquette de diane, j\u0027ai commencé jasminelle, savez vous si je suis immédiatement protégée ou bien y a t-il un délais durant lequel utiliser un préservatif?",
        "userDefined": false
      }
    ],
    "isTemplate": false,
    "count": 0,
    "updated": 1522593226
  },
  {
    "id": "30917ab4-3832-47fd-937c-f3d10b904bf2",
    "data": [
      {
        "text": "Quelle est la conduite à avoir pour passer de Seresta a Lexomil ?",
        "userDefined": false
      }
    ],
    "isTemplate": false,
    "count": 0,
    "updated": 1522593226
  },
  {
    "id": "04b0129a-65cc-4766-af20-bbe490a90ec0",
    "data": [
      {
        "text": "Peut-on passer de diane à mercilon?",
        "userDefined": false
      }
    ],
    "isTemplate": false,
    "count": 0,
    "updated": 1522593226
  },
  {
    "id": "15d6cc7b-d063-4fa4-aff8-8ac7ad894c9b",
    "data": [
      {
        "text": "je prends minidril et g decider d en ranchainé une pour ne pas avoir mes regle ms voila on m\u0027a donné ludeal gé.puis je enchainé deux plaquette de pilule differente ??",
        "userDefined": false
      }
    ],
    "isTemplate": false,
    "count": 0,
    "updated": 1522593226
  },
  {
    "id": "b8b0f08c-4a5f-4db5-a2f4-6d0eb0577fb0",
    "data": [
      {
        "text": "passer du seropram au deroxat ?",
        "userDefined": false
      }
    ],
    "isTemplate": false,
    "count": 0,
    "updated": 1522593226
  },
  {
    "id": "a203f59a-f231-4eac-aff5-d0c0df6e819c",
    "data": [
      {
        "text": "comment passer de luteran à belara?",
        "userDefined": false
      }
    ],
    "isTemplate": false,
    "count": 0,
    "updated": 1522593226
  },
  {
    "id": "f88ce5cf-e237-4d82-becc-1fedfbabebde",
    "data": [
      {
        "text": "Comment passer de diane 35 à varoline ?",
        "userDefined": false
      }
    ],
    "isTemplate": false,
    "count": 0,
    "updated": 1522593226
  },
  {
    "id": "c1b559eb-91e2-45b2-a91c-335a1fcbc7f5",
    "data": [
      {
        "text": "changement mélodia pour l\u0027anneau. est-ce que je fais l\u0027arrêt de 4jours puis je mets l\u0027anneau ou est-ce qu\u0027une fois fini les comprimés de couleurs, je mets l\u0027anneau le lendemain?",
        "userDefined": false
      }
    ],
    "isTemplate": false,
    "count": 0,
    "updated": 1522593226
  },
  {
    "id": "9025afcd-331d-4040-91ee-776d85d4875a",
    "data": [
      {
        "text": "de deroxat au prozac : vais avoir les effets indésirable du début ?",
        "userDefined": false
      }
    ],
    "isTemplate": false,
    "count": 0,
    "updated": 1522593226
  },
  {
    "id": "525970bc-b431-4a25-b4ea-f3e120378799",
    "data": [
      {
        "text": "je suis sous ludéal depuis deux mois et je dois passer à qlaira. quelle est la marche a suivre. pause ou pas pause?",
        "userDefined": false
      }
    ],
    "isTemplate": false,
    "count": 0,
    "updated": 1522593226
  },
  {
    "id": "1cb57e81-88eb-4da5-8952-d10e05534339",
    "data": [
      {
        "text": "je doit arreter microval pour commencer daily mais je ne sais pas quand car je ne suis pas bien reglé niveau saignement. je dois la commencer quand ?",
        "userDefined": false
      }
    ],
    "isTemplate": false,
    "count": 0,
    "updated": 1522593226
  },
  {
    "id": "b1bff7ae-6a8d-45de-b14f-3326904a6eb3",
    "data": [
      {
        "text": "Après un sevrage rivortil, est ce qu\u0027on peut prendre laroxyl?",
        "userDefined": false
      }
    ],
    "isTemplate": false,
    "count": 0,
    "updated": 1522593226
  },
  {
    "id": "f9b48213-1b8e-47ba-89e5-061173323b6c",
    "data": [
      {
        "text": "je viens de stopper ma pillule microval et en fait je voulais changer de pilule. comment faire?",
        "userDefined": false
      }
    ],
    "isTemplate": false,
    "count": 0,
    "updated": 1522593226
  },
  {
    "id": "8f0b0559-54b0-4cdb-837f-73aed4586996",
    "data": [
      {
        "text": "deroxat et prozac - période transitoire ou pas?",
        "userDefined": false
      }
    ],
    "isTemplate": false,
    "count": 0,
    "updated": 1522593226
  },
  {
    "id": "61802ac6-6ad3-4921-a263-7409ead50998",
    "data": [
      {
        "text": "ma gygy m\u0027a precrit jasminelle à la place de cycleane. je suis  au 5eme comprimé de ma plaquette cycleane et ma gynéco m\u0027a dit que je pouvait dès ce soir prendre jasminelle et que les 5 comprimé non utilisés de jasminelle me servirai si un jour je vomis etc .. j\u0027ai peur  que celà fasse une \"interaction medicamenteuse\" et hésite à continuer la plaquette de cycleane et de commener  jasminelle après les 7 jours d\u0027arret.  je ne sais pas quoi faire, à votre avis qu\u0027est ce qui est le mieux?",
        "userDefined": false
      }
    ],
    "isTemplate": false,
    "count": 0,
    "updated": 1522593226
  },
  {
    "id": "fbdcecbd-f6c4-448c-9591-e13db3680e9e",
    "data": [
      {
        "text": "je vais passer de trinordiol à minesse. la gynéco m\u0027a dit de commencer minesse le 1er jour de mes règles mais dans la notice il est marqué de débuter le jour suivant la prise du dernier comprimé actif du contraceptif précédent. alors que faire ?",
        "userDefined": false
      }
    ],
    "isTemplate": false,
    "count": 0,
    "updated": 1522593226
  },
  {
    "id": "ed9ece30-ab8e-4092-b32a-91224693273c",
    "data": [
      {
        "text": "comment passer du xanax au lysanxia ?",
        "userDefined": false
      }
    ],
    "isTemplate": false,
    "count": 0,
    "updated": 1522593226
  },
  {
    "id": "231420fa-4005-4788-86ea-6ef76a249347",
    "data": [
      {
        "text": "cerazette suivi de qlaira, rdc ?",
        "userDefined": false
      }
    ],
    "isTemplate": false,
    "count": 0,
    "updated": 1522593226
  },
  {
    "id": "f0f5dcd4-3706-4704-ac87-af2cbc93b972",
    "data": [
      {
        "text": "enchainement nuvaring cerazette ?",
        "userDefined": false
      }
    ],
    "isTemplate": false,
    "count": 0,
    "updated": 1522593226
  },
  {
    "id": "f6c13137-7750-4221-b873-9e10cc988f6a",
    "data": [
      {
        "text": "passage de jasminelle a jasmine ?",
        "userDefined": false
      }
    ],
    "isTemplate": false,
    "count": 0,
    "updated": 1522593226
  },
  {
    "id": "8e87009b-ad63-400c-a875-237aed9a07df",
    "data": [
      {
        "text": "Comment remplacer l\u0027Insuline LANTUS par TOUJEO ?",
        "userDefined": false
      }
    ],
    "isTemplate": false,
    "count": 0,
    "updated": 1522593226
  },
  {
    "id": "b2326f85-9c38-46c7-875b-a60a0657120a",
    "data": [
      {
        "text": "bonjour, voici mon probleme je prend la pillule minidril mai mon gynéco m\u0027a fai changé de pillule a cause des boutons d\u0027acnée. seulement j\u0027avai continué minidril plus longtemps,car il me restai le reste d\u0027une anciene plaquette,dans le but de ne pas avoir mes regles durant mes vacances a la mer. quoi qu\u0027il en soit, est-il possible pour moi de prendre minidril pendant 28 jours puis de prendre triafémi apres un arret de 7 jours? ou dois-je enchainer directement ? aidez moi je ne sais pas quoi faire :s:s:s",
        "userDefined": false
      }
    ],
    "isTemplate": false,
    "count": 0,
    "updated": 1522593226
  },
  {
    "id": "bcd8fa40-ca09-4597-93ad-0c95fe41fa64",
    "data": [
      {
        "text": "je suis sous seropram et je dois passer au deroxat. Comment faire ce changement ?",
        "userDefined": false
      }
    ],
    "isTemplate": false,
    "count": 0,
    "updated": 1522593226
  },
  {
    "id": "cb4e38f9-a685-434a-87fd-87d2c6798396",
    "data": [
      {
        "text": "je prenais du minidril, puis ma gynéco m\u0027a prescrit de l\u0027holgyeme. problème  : je n\u0027ai plus de plaquettes d\u0027avance, il me reste une plaquette de minidril, pensez-vous que je puisse la prendre pour faire le pont?",
        "userDefined": false
      }
    ],
    "isTemplate": false,
    "count": 0,
    "updated": 1522593226
  },
  {
    "id": "4afb936b-797e-41f6-9203-e79fb7d15b9e",
    "data": [
      {
        "text": "je prends de l\u0027hypericum perforatum en teinture mère avec du spasmine et magné b6 pour des crises d\u0027angoisse à répétition. mais, je vais arrêter l\u0027hypericum pour prendre un vrai ad. faut il une période de sevrage pour l\u0027hypéricum ?",
        "userDefined": false
      }
    ],
    "isTemplate": false,
    "count": 0,
    "updated": 1522593226
  },
  {
    "id": "4c748571-6ad1-4583-a10a-a20e914ba5b3",
    "data": [
      {
        "text": "enchainement minidrill (ludéal gé) : trinordiol (daily gé) : possible??",
        "userDefined": false
      }
    ],
    "isTemplate": false,
    "count": 0,
    "updated": 1522593226
  },
  {
    "id": "fd91cb98-61c8-4f0e-97cd-2a5575905a2a",
    "data": [
      {
        "text": "Comment passer de Effexor à Seroplex ?",
        "userDefined": false
      }
    ],
    "isTemplate": false,
    "count": 0,
    "updated": 1522593226
  },
  {
    "id": "a5c0d1dd-4a45-41e8-aad4-04d62f65f1a9",
    "data": [
      {
        "text": "je passe de tricilest a adépal. Ma gynécologue m\u0027a bien dit de faire une pause de 7 jours, or sur la notice d\u0027adépal il est marqué d\u0027enchainer directement..",
        "userDefined": false
      }
    ],
    "isTemplate": false,
    "count": 0,
    "updated": 1522593226
  },
  {
    "id": "58919f14-3a68-475e-9cef-6f06cbdd17cf",
    "data": [
      {
        "text": "contraception: arret d\u0027evra pour commencer jasmine : comment faire??!!",
        "userDefined": false
      }
    ],
    "isTemplate": false,
    "count": 0,
    "updated": 1522593226
  },
  {
    "id": "313a5ff1-bee9-4990-95e7-4b51a3c4ff0f",
    "data": [
      {
        "text": "Comment passer de subutex à Methadone ?",
        "userDefined": false
      }
    ],
    "isTemplate": false,
    "count": 0,
    "updated": 1522593226
  },
  {
    "id": "3b7b90f0-26f1-43df-967d-afbdf9757e80",
    "data": [
      {
        "text": "je suis sous microval. est ce que je peux arreter microval en milieu de plaquette  et enchainer direct avec ludéal ?",
        "userDefined": false
      }
    ],
    "isTemplate": false,
    "count": 0,
    "updated": 1522593226
  },
  {
    "id": "048cd9b3-3a16-421a-b6d5-9aa45c011e0b",
    "data": [
      {
        "text": "passer du deroxat au stablon ??",
        "userDefined": false
      }
    ],
    "isTemplate": false,
    "count": 0,
    "updated": 1522593226
  },
  {
    "id": "ba3a87c2-6730-455e-9935-a21f7b8a8c34",
    "data": [
      {
        "text": "je prends evepar depuis 3 jours mais mon médecin m\u0027a dit de reprendre une plaquette de triafémi et d\u0027arreter evepar. je reprends donc le 3eme comprimé de triafémi ce soir. cela se fait-il?",
        "userDefined": false
      }
    ],
    "isTemplate": false,
    "count": 0,
    "updated": 1522593226
  },
  {
    "id": "e5b95f44-4c31-4551-a13f-4e05d6296b87",
    "data": [
      {
        "text": "changement pilule holgyeme (generik diane35) vers cerazette??",
        "userDefined": false
      }
    ],
    "isTemplate": false,
    "count": 0,
    "updated": 1522593226
  },
  {
    "id": "4be3aad2-225c-4f85-b2a4-669dd4bcb1cf",
    "data": [
      {
        "text": "comment passer du zoloft au millepertuis?",
        "userDefined": false
      }
    ],
    "isTemplate": false,
    "count": 0,
    "updated": 1522593226
  },
  {
    "id": "81822ebc-4aa2-4705-888a-9e4130f12c01",
    "data": [
      {
        "text": "passer de leeloo à cérazette, la bonne marche à suivre?",
        "userDefined": false
      }
    ],
    "isTemplate": false,
    "count": 0,
    "updated": 1522593226
  },
  {
    "id": "3988d67e-77a4-4fbf-8645-a1ac6a3c4de2",
    "data": [
      {
        "text": "paxil, celexa, est ce bon de continuer par zoloft?",
        "userDefined": false
      }
    ],
    "isTemplate": false,
    "count": 0,
    "updated": 1522593226
  },
  {
    "id": "71ae6241-67b4-4319-9fbf-248cc1158ccb",
    "data": [
      {
        "text": "Combien de temps faut-il attendre pour débuter la Rasagiline après avoir arrêté un traitement par Fluoxétine?",
        "userDefined": false
      }
    ],
    "isTemplate": false,
    "count": 0,
    "updated": 1522593226
  },
  {
    "id": "45b03784-d9bb-44e6-b270-ae6833cdbb6a",
    "data": [
      {
        "text": "Comment passer d\u0027Insuline basale à 2 x par jour à TOUJEO ?",
        "userDefined": false
      }
    ],
    "isTemplate": false,
    "count": 0,
    "updated": 1522593226
  }
]