[
  {
    "id": "8bca6774-60a5-4ed4-8802-88f401986de9",
    "data": [
      {
        "text": "Les sage-femmes ont le droit de prescrire une pilule contraceptive: mais dans quelles conditions?",
        "userDefined": false
      }
    ],
    "isTemplate": false,
    "count": 0,
    "updated": 1522593226
  },
  {
    "id": "a59d642c-b98b-4e5f-a48a-968f5eb50a90",
    "data": [
      {
        "text": "Que penser de la prescription de Salbutamol ou de Terbutaline en aérosol par un médecin généraliste (en urgence) ?",
        "userDefined": false
      }
    ],
    "isTemplate": false,
    "count": 0,
    "updated": 1522593226
  },
  {
    "id": "6c17a62d-d27a-4be2-a941-aa975a989a4f",
    "data": [
      {
        "text": "C’est normal un INR à 11 prescription d\u0027une seule ampoule de vitamine K1 nourrissons ?",
        "userDefined": false
      }
    ],
    "isTemplate": false,
    "count": 0,
    "updated": 1522593226
  },
  {
    "id": "95f823ee-1323-496d-8dd5-ff5fb1fd76d0",
    "data": [
      {
        "text": "prenant minesse depuis plus de 3 ans, j\u0027ai la peau de plus en plus sèche et d\u0027autres soucis. j\u0027ai aussi commencé à avoir des spottings fréquemment ces derniers temps.  j\u0027en viens donc à supposer que minesse ne me convient plus. il sera sûrement temps pour moi lors de ma prochaine visite gynéco de changer de pilule. mais est-ce seulement possible?",
        "userDefined": false
      }
    ],
    "isTemplate": false,
    "count": 0,
    "updated": 1522593226
  },
  {
    "id": "493e7195-a23f-4fcf-b3d4-d7c56fe58d97",
    "data": [
      {
        "text": "peut-on faire le vaccin papillomavirus alors qu\u0027on a eu un seul rapport sexuel ?",
        "userDefined": false
      }
    ],
    "isTemplate": false,
    "count": 0,
    "updated": 1522593226
  },
  {
    "id": "3618e054-6681-4d41-87b5-53b2d95413cd",
    "data": [
      {
        "text": "Ais-je besoin d\u0027une ordonnance pour avoir de la codéine ?",
        "userDefined": false
      }
    ],
    "isTemplate": false,
    "count": 0,
    "updated": 1522593226
  },
  {
    "id": "603f87f9-16e9-4b88-8e7d-74e47c053944",
    "data": [
      {
        "text": "cytotek obligatoire pour la pose de stérilet ??",
        "userDefined": false
      }
    ],
    "isTemplate": false,
    "count": 0,
    "updated": 1522593226
  },
  {
    "id": "af583c03-5a2a-4882-8580-ddd8db3b5d3c",
    "data": [
      {
        "text": "Délivreriez vous de la minocycline 100 prescrite par un généraliste ?",
        "userDefined": false
      }
    ],
    "isTemplate": false,
    "count": 0,
    "updated": 1522593226
  },
  {
    "id": "d317af5d-7b0f-4bea-97aa-ba9d0e484948",
    "data": [
      {
        "text": "conditions de prescrition modafinil (modlodal)!?",
        "userDefined": false
      }
    ],
    "isTemplate": false,
    "count": 0,
    "updated": 1522593226
  },
  {
    "id": "7cdf7aef-7983-4bce-9f0b-aef96aab8434",
    "data": [
      {
        "text": "Peut-on prescrire le Modiodal sur une ordonnance normale?",
        "userDefined": false
      }
    ],
    "isTemplate": false,
    "count": 0,
    "updated": 1522593226
  },
  {
    "id": "50a8447a-dd57-4cfa-a34f-933bb34ec4bd",
    "data": [
      {
        "text": "une infirmière  peut prescrire de l’urgo k2?",
        "userDefined": false
      }
    ],
    "isTemplate": false,
    "count": 0,
    "updated": 1522593226
  },
  {
    "id": "7ba5e5b2-e71a-4647-a1b1-347bb5dc2bfe",
    "data": [
      {
        "text": "Faut-il prescrire l\u0027Imiject sur une ordonnance spéciale?",
        "userDefined": false
      }
    ],
    "isTemplate": false,
    "count": 0,
    "updated": 1522593226
  },
  {
    "id": "c552a6cd-a349-4a42-8a9b-bc19a63cff0c",
    "data": [
      {
        "text": "Un pharmacien souhaite savoir si Gilenya est listé comme médicament d\u0027exception",
        "userDefined": false
      }
    ],
    "isTemplate": false,
    "count": 0,
    "updated": 1522593226
  },
  {
    "id": "3527a5fa-ee65-4265-a59f-84d9d1f6e4c7",
    "data": [
      {
        "text": "comment prescrire mitélase ?",
        "userDefined": false
      }
    ],
    "isTemplate": false,
    "count": 0,
    "updated": 1522593226
  },
  {
    "id": "93514ba2-5d6c-4ba1-a9d7-1eb39a631a86",
    "data": [
      {
        "text": "un dermato peut-il prescrire la diane?",
        "userDefined": false
      }
    ],
    "isTemplate": false,
    "count": 0,
    "updated": 1522593226
  },
  {
    "id": "f0ec2560-e390-4861-9d1b-a6c4be6065db",
    "data": [
      {
        "text": "est-ce que le dr peut prescrire maxilase à un nouveau né jusqu\u0027à 6 mois?",
        "userDefined": false
      }
    ],
    "isTemplate": false,
    "count": 0,
    "updated": 1522593226
  },
  {
    "id": "d41addbc-857e-42f4-9f72-28c597295bc5",
    "data": [
      {
        "text": "prescription facile du deroxat?",
        "userDefined": false
      }
    ],
    "isTemplate": false,
    "count": 2,
    "updated": 1522593226
  },
  {
    "id": "a93aa440-32bd-494b-9c40-bb5f945583dc",
    "data": [
      {
        "text": "Est ce que l\u0027Otezla doit être prescrit par un spécialiste ?",
        "userDefined": false
      }
    ],
    "isTemplate": false,
    "count": 0,
    "updated": 1522593226
  },
  {
    "id": "05887f6f-78e0-4c36-85b9-9dfc1e059438",
    "data": [
      {
        "text": "Un généraliste peut-il prescrire le Prolia ?",
        "userDefined": false
      }
    ],
    "isTemplate": false,
    "count": 0,
    "updated": 1522593226
  },
  {
    "id": "2ed0f5d6-eaa3-4303-ab34-5cabed64478c",
    "data": [
      {
        "text": "Qui peut prescrire le Modiodal?",
        "userDefined": false
      }
    ],
    "isTemplate": false,
    "count": 0,
    "updated": 1522593226
  },
  {
    "id": "f88771ef-0573-40da-8c26-84096b2d3d84",
    "data": [
      {
        "text": "mirtazapine, comment prescrire ??",
        "userDefined": false
      }
    ],
    "isTemplate": false,
    "count": 0,
    "updated": 1522593226
  },
  {
    "id": "eea122dd-b63c-422d-9246-f599b0917bd7",
    "data": [
      {
        "text": "Topiscab ne peut être délivré qu’en prescription hospitalière?",
        "userDefined": false
      }
    ],
    "isTemplate": false,
    "count": 0,
    "updated": 1522593226
  },
  {
    "id": "cca3abf7-ed7e-49d7-996f-58b3c076f6d8",
    "data": [
      {
        "text": "Est ce que l\u0027Otezla est un médicament d\u0027exception ?",
        "userDefined": false
      }
    ],
    "isTemplate": false,
    "count": 0,
    "updated": 1522593226
  },
  {
    "id": "77929386-b651-47fa-9b66-9989b1f2aacb",
    "data": [
      {
        "text": "je ne suis plus vierge, alors est ce que le vaccin contre le cancer du col de l\u0027utérus est efficace ?",
        "userDefined": false
      }
    ],
    "isTemplate": false,
    "count": 0,
    "updated": 1522593226
  },
  {
    "id": "23218bab-7696-4178-9cce-6f27fb04feb7",
    "data": [
      {
        "text": "Le Go-on Synvisc  a-t-il une prescription réservée à certains spécialistes ou un médecin généraliste peut il prescrire ?",
        "userDefined": false
      }
    ],
    "isTemplate": false,
    "count": 0,
    "updated": 1522593226
  },
  {
    "id": "a1f1d012-6ca6-4610-8e15-feb952fdc5cc",
    "data": [
      {
        "text": "renouvellement deroxat : quelle règles de prescription ?",
        "userDefined": false
      }
    ],
    "isTemplate": false,
    "count": 0,
    "updated": 1522593226
  },
  {
    "id": "0f16e3df-3828-4e33-b988-802039172704",
    "data": [
      {
        "text": "Quelles sont les conditions de prescription du Xgeva ?",
        "userDefined": false
      }
    ],
    "isTemplate": false,
    "count": 0,
    "updated": 1522593226
  },
  {
    "id": "1a393425-ba0a-452b-bfad-08e6259e382d",
    "data": [
      {
        "text": "je peux acheter de l\u0027extranase à la pharmacie sans ordonnance?",
        "userDefined": false
      }
    ],
    "isTemplate": false,
    "count": 0,
    "updated": 1522593226
  },
  {
    "id": "af527caf-9a82-4a41-ab1d-b0311f253200",
    "data": [
      {
        "text": "comment prescrire subutex ?",
        "userDefined": false
      }
    ],
    "isTemplate": false,
    "count": 0,
    "updated": 1522593226
  },
  {
    "id": "9313cc27-51da-49ad-b58e-74f2a41289cc",
    "data": [
      {
        "text": "quelqu\u0027un pourrait-il me renseigner sur la prescription de strattera pour un enfant de 9 ans 1/2 qui souffre d\u0027un faiblesse de mémorisation à l\u0027école ?",
        "userDefined": false
      }
    ],
    "isTemplate": false,
    "count": 0,
    "updated": 1522593226
  },
  {
    "id": "9d483114-5fc1-4de4-b607-667eb2b8b99a",
    "data": [
      {
        "text": "movicol : faut-il manger moins salé ensuite ?",
        "userDefined": false
      }
    ],
    "isTemplate": false,
    "count": 0,
    "updated": 1522593226
  },
  {
    "id": "583be967-5b9b-4e94-b2d5-b32fbf964520",
    "data": [
      {
        "text": "Est-ce que la Buprénorphine Sandoz est soumis à une prescription médicale particulière ?",
        "userDefined": false
      }
    ],
    "isTemplate": false,
    "count": 0,
    "updated": 1522593226
  },
  {
    "id": "ae129ebf-3f8f-4c0c-8d57-ac607d75c94c",
    "data": [
      {
        "text": "savez vous si j\u0027ai besoin d\u0027une ordonnance pour me procurer un vaccin ? notamment pour boostrix ?",
        "userDefined": false
      }
    ],
    "isTemplate": false,
    "count": 0,
    "updated": 1522593226
  },
  {
    "id": "bd008fc2-9730-4f04-9705-a5c5bf8021f5",
    "data": [
      {
        "text": "ya til un delais precis a respecter pour le vaccin?",
        "userDefined": false
      }
    ],
    "isTemplate": false,
    "count": 0,
    "updated": 1522593226
  },
  {
    "id": "9b7bd636-b2da-4f1e-b12f-7f3f9ace60c7",
    "data": [
      {
        "text": "Est ce qu\u0027un vétérinaire peut prescrire des médicaments dont la prescription est réservée à certains spécialistes (oncologie par exemple) ?",
        "userDefined": false
      }
    ],
    "isTemplate": false,
    "count": 0,
    "updated": 1522593226
  },
  {
    "id": "443dc5f7-394a-4a62-aa34-be6e0a276d21",
    "data": [
      {
        "text": "Peut on prescrire gardasil après le premier rapport ?",
        "userDefined": false
      }
    ],
    "isTemplate": false,
    "count": 0,
    "updated": 1522593226
  },
  {
    "id": "0cc25826-3249-4702-af87-1799eac9e827",
    "data": [
      {
        "text": "Pourquoi le bisoprolol seul nécessite une prescription initiale par un cardiologue mais ce n\u0027est pas le cas lorsqu\u0027il est en association avec l\u0027HCTZ ?",
        "userDefined": false
      }
    ],
    "isTemplate": false,
    "count": 0,
    "updated": 1522593226
  },
  {
    "id": "8523a5cf-038d-43c8-ae97-4fc4f05ecb0b",
    "data": [
      {
        "text": "hepatite b, conditions de prescription du vaccin ??",
        "userDefined": false
      }
    ],
    "isTemplate": false,
    "count": 0,
    "updated": 1522593226
  },
  {
    "id": "c3f39de1-74da-4515-a1c6-7fde7ceb921c",
    "data": [
      {
        "text": "j\u0027ai commençé le générique de mercillon il y a deux mois. depuis j\u0027ai les seins gonflée et douloureux et mes règles sont encore plus abondantes et surtout douloureuses! est-ce que mon médecin, qui lui ne m\u0027a pas préscrit ma pilulle peut me faire changer de pilulle",
        "userDefined": false
      }
    ],
    "isTemplate": false,
    "count": 0,
    "updated": 1522593226
  },
  {
    "id": "c384ba7c-3f5c-4028-a255-cd8af3f96002",
    "data": [
      {
        "text": "le médicament efavirenz peut-il etre prescrit pour des personnes nn ateints du vih/ sida??",
        "userDefined": false
      }
    ],
    "isTemplate": false,
    "count": 0,
    "updated": 1522593226
  },
  {
    "id": "16192fa0-9d3e-4d8d-bf9e-2567d7595ef9",
    "data": [
      {
        "text": "croyez-vous que l\u0027on pourrait me prescrir célexa mais en traitement de migraines?",
        "userDefined": false
      }
    ],
    "isTemplate": false,
    "count": 0,
    "updated": 1522593226
  },
  {
    "id": "9a055b8f-1bac-4bcc-938e-04ede91946e5",
    "data": [
      {
        "text": "qui peut prescrire le tysabri ?",
        "userDefined": false
      }
    ],
    "isTemplate": false,
    "count": 0,
    "updated": 1522593226
  },
  {
    "id": "19b35763-2afc-4889-8494-865d2c4bd890",
    "data": [
      {
        "text": "Quels spécialistes peuvent effectuer la prescription initiale de Rivotril?",
        "userDefined": false
      }
    ],
    "isTemplate": false,
    "count": 0,
    "updated": 1522593226
  },
  {
    "id": "bbb231c9-0ffa-4743-a262-77b2f295dc41",
    "data": [
      {
        "text": "Le médecin a-t- il l’obligation de mentionner le pharmacien qui délivrera le Stilnox",
        "userDefined": false
      }
    ],
    "isTemplate": false,
    "count": 0,
    "updated": 1522593226
  },
  {
    "id": "05dd5af2-48ca-4e8c-9f14-1653d9f81759",
    "data": [
      {
        "text": "Lors d\u0027une instauration de metoject 10 , l\u0027acide folique est-il indispensable?",
        "userDefined": false
      }
    ],
    "isTemplate": false,
    "count": 0,
    "updated": 1522593226
  },
  {
    "id": "32a2ca25-83e5-4537-94ea-417ac6f12c74",
    "data": [
      {
        "text": "Qui peut prescrire le Leponex?",
        "userDefined": false
      }
    ],
    "isTemplate": false,
    "count": 0,
    "updated": 1522593226
  },
  {
    "id": "cbcdbe02-c6fd-4538-9d25-b23e8b3d9e99",
    "data": [
      {
        "text": "prescription rivotril : quelles règles ?",
        "userDefined": false
      }
    ],
    "isTemplate": false,
    "count": 0,
    "updated": 1522593226
  },
  {
    "id": "d9ee75d5-3dc5-4819-8a44-38b5524065c0",
    "data": [
      {
        "text": "je suis le vaccin contre le cancer du col de l\u0027utérus. et je voulais savoir si j\u0027avais le droit d\u0027avoir des rapports sexuels protégé avec un préservatif, pendant le traitement?",
        "userDefined": false
      }
    ],
    "isTemplate": false,
    "count": 0,
    "updated": 1522593226
  },
  {
    "id": "af85eb90-319b-41ff-9845-6ab526c02a92",
    "data": [
      {
        "text": "J\u0027ai une relation suivie mais je n\u0027utilise que des préservatifs. je suis très tentée par le patch. savez-vous si il est possible de se le faire prescire par un médecin généraliste ?",
        "userDefined": false
      }
    ],
    "isTemplate": false,
    "count": 0,
    "updated": 1522593226
  },
  {
    "id": "cc74259d-7a04-4459-9d5f-ae5e47fd7f6e",
    "data": [
      {
        "text": "comment \"terbinafine\" vous est-il prescrit ?",
        "userDefined": false
      }
    ],
    "isTemplate": false,
    "count": 0,
    "updated": 1522593226
  },
  {
    "id": "e3447618-c42a-4dd6-aead-143847d60745",
    "data": [
      {
        "text": "Une infirmière  peut  prescrire de l’urgo k2?",
        "userDefined": false
      }
    ],
    "isTemplate": false,
    "count": 0,
    "updated": 1522593226
  },
  {
    "id": "09193ee1-05fb-48a5-b921-100e5b44ba36",
    "data": [
      {
        "text": "Quelles sont les règles de prescription du Rivotril?",
        "userDefined": false
      }
    ],
    "isTemplate": false,
    "count": 0,
    "updated": 1522593226
  }
]