[
  {
    "id": "ed073bc3-0fd6-4136-b80e-f080665be056",
    "data": [
      {
        "text": "Comment traiter une dishydrose, si le  Dermoval et une préparation ( sulfate de cuivre 10mg/10L d\u0027eau en bain ) et dermalibour n’ont pas marché ?",
        "userDefined": false
      }
    ],
    "isTemplate": false,
    "count": 0,
    "updated": 1522593569
  },
  {
    "id": "3aba89df-d323-4b0b-89f8-3caae3225e32",
    "data": [
      {
        "text": "j\u0027ai des fortes brulures d\u0027estomac. je prends du rennie et ça ne me fait rien..  connaissez-vous un reméde plus  éfficace ?",
        "userDefined": false
      }
    ],
    "isTemplate": false,
    "count": 0,
    "updated": 1522593569
  },
  {
    "id": "1ce4b71a-57b1-4197-aa95-ff16cb3c8a3d",
    "data": [
      {
        "text": "par quoi puis je remplacer engerix?",
        "userDefined": false
      }
    ],
    "isTemplate": false,
    "count": 0,
    "updated": 1522593569
  },
  {
    "id": "38943071-130d-417e-a29e-97fb6afac7f9",
    "data": [
      {
        "text": "y a t il un medicament qui peu m aider a calmer l\u0027 anxieté , car le prozac ne calme pas vraiment ?",
        "userDefined": false
      }
    ],
    "isTemplate": false,
    "count": 0,
    "updated": 1522593569
  },
  {
    "id": "f6742853-8c85-4004-9e64-8040c8bfbf94",
    "data": [
      {
        "text": "je souffre de colopathie fonctionnelle et il s\u0027avère que la seule chose qui me fasse réellement du bien soit les anxiolytiques. malheureusement je suis aussi atteint d\u0027une hépatite c et n\u0027ai donc pas droit à ce type de médicament, y a-t-il une solution ?",
        "userDefined": false
      }
    ],
    "isTemplate": false,
    "count": 0,
    "updated": 1522593569
  },
  {
    "id": "011905f0-103e-48aa-8487-4ba318b43960",
    "data": [
      {
        "text": "Connaissez-vous un équivalent au pansement opsite post opératoire?",
        "userDefined": false
      }
    ],
    "isTemplate": false,
    "count": 0,
    "updated": 1522593569
  },
  {
    "id": "f2afb4ef-e6e3-4528-9b1f-63cbccaa4a32",
    "data": [
      {
        "text": "Quelle alternative à cialis ?",
        "userDefined": false
      }
    ],
    "isTemplate": false,
    "count": 0,
    "updated": 1522593569
  },
  {
    "id": "8c7d33e3-ecad-4442-8fcf-6bd9d9be9898",
    "data": [
      {
        "text": "bonjour! je prends diane depuis 3ans et elle est très bien pour moi.mais je voudrais l\u0027arreter et en prendre une qui ne soit qu\u0027une contraception.quelles sont les autres pilules qui ne sont pas néfastes pour la peu mais toutefois qui sont uniquement contraceptives? merci bocou!!",
        "userDefined": false
      }
    ],
    "isTemplate": false,
    "count": 0,
    "updated": 1522593569
  },
  {
    "id": "e01c8787-3315-423c-ba8a-5263618e6c6b",
    "data": [
      {
        "text": "quel vaccin faire maintenant que le dtp n\u0027est plus dispo ?",
        "userDefined": false
      }
    ],
    "isTemplate": false,
    "count": 0,
    "updated": 1522593569
  },
  {
    "id": "64f01df8-c476-402d-915e-14a64f5693d2",
    "data": [
      {
        "text": "clarithromycine \u003d ampicilline ?",
        "userDefined": false
      }
    ],
    "isTemplate": false,
    "count": 0,
    "updated": 1522593569
  },
  {
    "id": "485cf709-349d-4b87-b06b-fe0852b885da",
    "data": [
      {
        "text": "Quelle alternative au méningitec en cas de rupture ?",
        "userDefined": false
      }
    ],
    "isTemplate": false,
    "count": 0,
    "updated": 1522593569
  },
  {
    "id": "1f0b3849-59f7-49bd-a041-3504039fae43",
    "data": [
      {
        "text": "de la méthadone pour remplacer le contramal ?",
        "userDefined": false
      }
    ],
    "isTemplate": false,
    "count": 0,
    "updated": 1522593569
  },
  {
    "id": "5385dc36-c205-443b-a202-3a6382a385e2",
    "data": [
      {
        "text": "jasmine \u0026 jasminelle ? Équivalent ?",
        "userDefined": false
      }
    ],
    "isTemplate": false,
    "count": 0,
    "updated": 1522593569
  },
  {
    "id": "19373245-afe1-4b5f-ad86-24019b9f0c27",
    "data": [
      {
        "text": "Peut-on remplacer 1 injection d\u0027Engerix B20 par 2 injections d\u0027Engerix B10 ?",
        "userDefined": false
      }
    ],
    "isTemplate": false,
    "count": 0,
    "updated": 1522593569
  },
  {
    "id": "1b47e861-c6fa-4bba-aa5f-9a9f11eae4e9",
    "data": [
      {
        "text": "En cas d\u0027échec traitement par Azithromycine ou Doxycycline pour chlamidiae que faire ?",
        "userDefined": false
      }
    ],
    "isTemplate": false,
    "count": 0,
    "updated": 1522593569
  },
  {
    "id": "fc685019-167d-4c88-b0d7-f04fda953397",
    "data": [
      {
        "text": "auriez vous une idée sur ce qui pourait me détendre? le lysanxia risque de m\u0027endormir, est ce qu\u0027il y aurait una autre solution?",
        "userDefined": false
      }
    ],
    "isTemplate": false,
    "count": 0,
    "updated": 1522593569
  },
  {
    "id": "0ce3be88-ed90-4609-b4fb-fa866119a5a1",
    "data": [
      {
        "text": "de la méthadone pour remplacer le contramal?",
        "userDefined": false
      }
    ],
    "isTemplate": false,
    "count": 1,
    "updated": 1522593569
  },
  {
    "id": "36092252-d9cc-4444-9926-978e1685625d",
    "data": [
      {
        "text": "je suis actuellement ss cérazette mais je souhaiterai changer de contraception. cérazette est la seule pillule que je peux utiliser du fait que j\u0027ai une anomalie sanguine et que je n\u0027ai plus qu\u0027un ovaire. je cherche dc à savoir si une autre contraception me serai autorisée (implant,..)?",
        "userDefined": false
      }
    ],
    "isTemplate": false,
    "count": 0,
    "updated": 1522593569
  },
  {
    "id": "a7ec5571-b04e-495a-9534-ba7c22b42586",
    "data": [
      {
        "text": "pourrait-on m\u0027indiquer si le coversyl peut etre remplacé par du practon 0,75 ?",
        "userDefined": false
      }
    ],
    "isTemplate": false,
    "count": 0,
    "updated": 1522593569
  },
  {
    "id": "a9b8e10e-3391-45c7-96bd-c64c15a6c7d5",
    "data": [
      {
        "text": "j\u0027ai commencé la pillule mercilon pour la 1ère fois mon jour de mes régles, ceci dit j\u0027ai toujours mes régles aprés 17 jours avec fatigue, maux de dos et surtout je sens que ca pique quand je les régles sortent, mon medecin m\u0027a dit que je dois terminer cette plaquette et enchainer ensuite avec une autre marque \"gracial\" car je veux pas avoir mes prochaines régles et ca doit normalement s\u0027arreter.   est-ce que on prenant cette 2ème marque ca va enfin s\u0027arreter??",
        "userDefined": false
      }
    ],
    "isTemplate": false,
    "count": 0,
    "updated": 1522593569
  },
  {
    "id": "125c5bc4-4218-4c95-b0fd-aacc42c7462c",
    "data": [
      {
        "text": "Les posologies de Vimpat par voie orale et injectable sont-elles équivalentes?",
        "userDefined": false
      }
    ],
    "isTemplate": false,
    "count": 0,
    "updated": 1522593569
  },
  {
    "id": "c31632d1-5d4e-4758-ac76-373611987621",
    "data": [
      {
        "text": "ror et priopix la meme chose ou pas?",
        "userDefined": false
      }
    ],
    "isTemplate": false,
    "count": 0,
    "updated": 1522593569
  },
  {
    "id": "9f5fb484-ac7c-43ea-b203-0e47fe0ba53e",
    "data": [
      {
        "text": "Quels autres remèdes de type sporténine?",
        "userDefined": false
      }
    ],
    "isTemplate": false,
    "count": 0,
    "updated": 1522593569
  },
  {
    "id": "f051037f-2e02-44b9-9749-fb1e62967694",
    "data": [
      {
        "text": "j\u0027utilise du zovirax pour mon poussée d\u0027herpès, mais je recherche un autre remède. pouvez-vous m\u0027aider ?",
        "userDefined": false
      }
    ],
    "isTemplate": false,
    "count": 0,
    "updated": 1522593569
  },
  {
    "id": "027ccc1b-fc09-4c3f-9b06-a564d83859e9",
    "data": [
      {
        "text": "est ce que je peux remplacer solupred par ibuprofène?",
        "userDefined": false
      }
    ],
    "isTemplate": false,
    "count": 0,
    "updated": 1522593569
  },
  {
    "id": "cbae3337-cdb3-4d43-a6f1-ce3ca3af0855",
    "data": [
      {
        "text": "Existe-t-il une alternative au Solumédrol ?",
        "userDefined": false
      }
    ],
    "isTemplate": false,
    "count": 0,
    "updated": 1522593569
  },
  {
    "id": "82e7833c-37fe-41c2-b143-e5eac18d8474",
    "data": [
      {
        "text": "jaurais aimer savoir si il n\u0027y as pas une pillule moins dosées et moins contraignante que jasminelle (celle que je prends actuellement)",
        "userDefined": false
      }
    ],
    "isTemplate": false,
    "count": 0,
    "updated": 1522593569
  },
  {
    "id": "2937d340-9de2-49e6-bae3-d9d6753579e4",
    "data": [
      {
        "text": "je suis sous prozac depuis plus de 8 mois et je suis toujours aussi mal qu\u0027est-ce qu\u0027il y a de mieux que le prozac ? zoloft ? seroplex ?deroxat ?",
        "userDefined": false
      }
    ],
    "isTemplate": false,
    "count": 0,
    "updated": 1522593569
  },
  {
    "id": "e26d35cc-7cb3-4a0f-932e-efcc35820789",
    "data": [
      {
        "text": "Est-ce que le pneumovax est équivalent au pneumo 23 ?",
        "userDefined": false
      }
    ],
    "isTemplate": false,
    "count": 0,
    "updated": 1522593569
  },
  {
    "id": "0a6ca407-a371-4219-bde6-476defec383b",
    "data": [
      {
        "text": "théralène : remplacer par attarax ?",
        "userDefined": false
      }
    ],
    "isTemplate": false,
    "count": 0,
    "updated": 1522593569
  },
  {
    "id": "fd26833b-3438-4eab-88fe-a4b6d1da0476",
    "data": [
      {
        "text": "Est-ce que Inexium peut être remplacé par Mopral ?",
        "userDefined": false
      }
    ],
    "isTemplate": false,
    "count": 0,
    "updated": 1522593569
  },
  {
    "id": "73965f53-bfc6-4404-b50f-ec3cd62cb657",
    "data": [
      {
        "text": "par quoi remplacer la depakine?",
        "userDefined": false
      }
    ],
    "isTemplate": false,
    "count": 1,
    "updated": 1522593569
  },
  {
    "id": "6a788043-589f-4f5a-a38c-f75b029979fe",
    "data": [
      {
        "text": "je suis sous levothyrox 25 mug depuis 6 mois, je constate des accélérations cardiaques, y a t-il d\u0027autres médicaments dont je pourrai parler à mon médecin traitant ?",
        "userDefined": false
      }
    ],
    "isTemplate": false,
    "count": 0,
    "updated": 1522593569
  },
  {
    "id": "59440981-4677-4453-8c92-4a1cf04e0cfa",
    "data": [
      {
        "text": "progesterone naturelle à la place d\u0027androcur ?",
        "userDefined": false
      }
    ],
    "isTemplate": false,
    "count": 0,
    "updated": 1522593569
  },
  {
    "id": "2e856b29-0846-4bb6-93ca-8d8fbafd42bb",
    "data": [
      {
        "text": "quelqu\u0027un peut-il m\u0027indiquer si  je peux remplacer le kardégic en prenant de l\u0027harpagophytum?",
        "userDefined": false
      }
    ],
    "isTemplate": false,
    "count": 0,
    "updated": 1522593569
  },
  {
    "id": "1b31f428-8ac1-4e79-85bb-f7799f5082c8",
    "data": [
      {
        "text": "j\u0027ai dû arrêter le deroxat. cela fait un mois maintenant, mais j\u0027ai des symptômes persistants, et assez invalidants : de gros vertiges, du mal à me concentrer sur les choses, l\u0027impression d\u0027avoir du mal à respirer ou de devoir faire l\u0027effort de respirer .. je prends un peu de lexomil quand ça arrive, mais les symptômes persistent ! existent-ils des solutions alternatives ?",
        "userDefined": false
      }
    ],
    "isTemplate": false,
    "count": 0,
    "updated": 1522593569
  },
  {
    "id": "2da0e931-0378-48c3-a058-043163bb9f66",
    "data": [
      {
        "text": "enfant ayant une angine et est allergique aux amoxicilline, josacyne et macrolides : quoi d\u0027autre?",
        "userDefined": false
      }
    ],
    "isTemplate": false,
    "count": 0,
    "updated": 1522593569
  },
  {
    "id": "b9459adc-0fa6-4d5c-ac5c-c0cea2e25f84",
    "data": [
      {
        "text": "Serc 24mg est il équivalent à bétaserc 24 mg ?",
        "userDefined": false
      }
    ],
    "isTemplate": false,
    "count": 0,
    "updated": 1522593569
  },
  {
    "id": "afba8cf6-1a27-4c3c-b4b0-c8905b2fdf56",
    "data": [
      {
        "text": "je suis sous traitement bêta-bloquants, mais je ne pourrais pas poursuivre ce traitement durant une grossesse.  comment continuer un traitement?",
        "userDefined": false
      }
    ],
    "isTemplate": false,
    "count": 0,
    "updated": 1522593569
  },
  {
    "id": "501127e8-4190-4417-8e38-cd6dc9b2829e",
    "data": [
      {
        "text": "est ce que vous savez quelle pillule francaise que je peux prendre qui est proche de trinessa?",
        "userDefined": false
      }
    ],
    "isTemplate": false,
    "count": 0,
    "updated": 1522593569
  },
  {
    "id": "4ebcb428-cf73-4e7a-8662-f640b57b4d77",
    "data": [
      {
        "text": "bonjour! j\u0027ai du arrêter de prendre du millepertuis ( contre indication avec la pilule) et je recherche un médicament ayant un effet similaire, pour une déprime légère avec pas mal d\u0027anxiété ( mais qui ne soit pas trop sédatif!!) quelqu\u0027un en connait il? j\u0027ai acheté du houblon pour essayer, mais c\u0027est plus anxiolytique.. quelqu\u0027un a déjà essayé? quel effet ça fait? merci d\u0027avance! à bientôt!",
        "userDefined": false
      }
    ],
    "isTemplate": false,
    "count": 0,
    "updated": 1522593569
  },
  {
    "id": "ebe85804-985a-46e8-ad2b-69dcadc5f029",
    "data": [
      {
        "text": "j\u0027ai une patiente qui a subi une greffe des poumons en octobre 2016 qui entre en maison de rééducation mais elle est encore sous oxygène et j\u0027ai besoin de vos conseils pour ses lèvres gercées, car on ne peut pas appliquer de corps gras, qu’est ce que je peux lui donner ?",
        "userDefined": false
      }
    ],
    "isTemplate": false,
    "count": 0,
    "updated": 1522593569
  },
  {
    "id": "6f9f2168-9240-4d51-be4d-bf8093484b9b",
    "data": [
      {
        "text": "mon mari souffre d\u0027urticaire, il prend un anti histaminique, or il aimerait essayer l\u0027homéopathie. Que peut-il prendre ?",
        "userDefined": false
      }
    ],
    "isTemplate": false,
    "count": 0,
    "updated": 1522593569
  },
  {
    "id": "7481b4b6-b54e-4da6-bc10-b017272d2a0c",
    "data": [
      {
        "text": "je souffre de problèmes bénins mais tres persistants dans la barbe. les docteurs ne me sont d\u0027aucune utilité, alors je cherche une réponse ailleurs, des pistes à suivre .. n\u0027importe quoi qui puisse m\u0027aider.",
        "userDefined": false
      }
    ],
    "isTemplate": false,
    "count": 0,
    "updated": 1522593569
  },
  {
    "id": "aac571f6-697a-4eb8-a47a-ea84458aa0ef",
    "data": [
      {
        "text": "j\u0027ai déjà commencé mon chemin phyto, j\u0027ai pris de la gemmothérapie, j\u0027essaye aussi les huiles essentielles. auriez vous d\u0027autres pistes?",
        "userDefined": false
      }
    ],
    "isTemplate": false,
    "count": 0,
    "updated": 1522593569
  },
  {
    "id": "c299df19-7937-45dd-b6e5-912d76666beb",
    "data": [
      {
        "text": "existe t il des \"traitements de substitution\" qu on peut prendre a la place du doxy quand on est enceinte (ou la creme sur le visage suffit elle pour soigner l acné) ? et par quoi remplacer les produits amincissants ?",
        "userDefined": false
      }
    ],
    "isTemplate": false,
    "count": 0,
    "updated": 1522593569
  },
  {
    "id": "8bcc0708-ef70-474c-9d50-29dc27065a94",
    "data": [
      {
        "text": "je prenais minesse en france mais maintenant je vis a dubai et elle n\u0027y est pas. existe til un homologue international ou un autre nom?",
        "userDefined": false
      }
    ],
    "isTemplate": false,
    "count": 0,
    "updated": 1522593569
  },
  {
    "id": "4c7dd290-834c-4c19-b4d1-3bd396e76827",
    "data": [
      {
        "text": "coversyl. remplacable par practon?",
        "userDefined": false
      }
    ],
    "isTemplate": false,
    "count": 1,
    "updated": 1522593569
  },
  {
    "id": "366620fa-5d7b-466e-a21a-63870ad14703",
    "data": [
      {
        "text": "par quoi remplacer le lexomil ?",
        "userDefined": false
      }
    ],
    "isTemplate": false,
    "count": 0,
    "updated": 1522593569
  },
  {
    "id": "139011a4-0f7c-454d-a8f5-51873200e9b9",
    "data": [
      {
        "text": "j\u0027aimerais tomber enceinte.. mon medecin m\u0027a prescrit lariam comme traitement anti pallu mais en lisant les contre indication, je pourrais plus prendre le traitement enceinte.. Quel autre traitement me conseillez vous?",
        "userDefined": false
      }
    ],
    "isTemplate": false,
    "count": 0,
    "updated": 1522593569
  },
  {
    "id": "abe38f2a-94a8-46a9-8378-b3a84228019b",
    "data": [
      {
        "text": "Je suis sous triella. est ce que quelqu\u0027un s\u0027y connaîtrait dans le domaine et me conseillerai une pilule équivalente ?",
        "userDefined": false
      }
    ],
    "isTemplate": false,
    "count": 0,
    "updated": 1522593569
  },
  {
    "id": "c677eec0-41a9-479e-970f-40d5e52339ac",
    "data": [
      {
        "text": "Que prendre en cas de migraine et d\u0027échec thérapeutiques aux triptans?",
        "userDefined": false
      }
    ],
    "isTemplate": false,
    "count": 0,
    "updated": 1522593569
  },
  {
    "id": "676eca3b-eee7-4a45-bbb6-c6416d9ed6f4",
    "data": [
      {
        "text": "abilify / traitement nouveau?",
        "userDefined": false
      }
    ],
    "isTemplate": false,
    "count": 0,
    "updated": 1522593569
  },
  {
    "id": "347d0303-d869-4236-af18-434f88e041c0",
    "data": [
      {
        "text": "j\u0027ai arrété séroplex depuis deux semaines car je veux changer. Que puis je prendre ?",
        "userDefined": false
      }
    ],
    "isTemplate": false,
    "count": 0,
    "updated": 1522593569
  },
  {
    "id": "bd34fa41-daab-41fd-aa2e-54de3bb3f263",
    "data": [
      {
        "text": "alternative sans ordonnance pour inexium 40g ?",
        "userDefined": false
      }
    ],
    "isTemplate": false,
    "count": 0,
    "updated": 1522593569
  },
  {
    "id": "4db9bcc8-fa53-4109-980d-c500eece6bca",
    "data": [
      {
        "text": "j\u0027ai oublié ma pilule daily gé ches mes parents. il me reste une vieille pilule androcure. puis-je la prendre en remplacement de daily gé pendant quelques jours ?",
        "userDefined": false
      }
    ],
    "isTemplate": false,
    "count": 0,
    "updated": 1522593569
  },
  {
    "id": "9470e599-ad29-4902-914b-46df6c8d9d03",
    "data": [
      {
        "text": "Arvara peut il être prescrit à la place de novatrex ?",
        "userDefined": false
      }
    ],
    "isTemplate": false,
    "count": 0,
    "updated": 1522593569
  },
  {
    "id": "2b9bbe2e-39d3-4bb1-86b2-790326ad3ef9",
    "data": [
      {
        "text": "Quelle alternative thérapeutique au Physiogine 0,1 % crème ?",
        "userDefined": false
      }
    ],
    "isTemplate": false,
    "count": 0,
    "updated": 1522593569
  },
  {
    "id": "8b3e5e88-511d-4059-8b0f-ec1c43539016",
    "data": [
      {
        "text": "remplacer temestat par quoi ?",
        "userDefined": false
      }
    ],
    "isTemplate": false,
    "count": 0,
    "updated": 1522593569
  },
  {
    "id": "b35a6f17-0ff6-4512-8502-280d100724f3",
    "data": [
      {
        "text": "quoi prendre après la diane 35 ?",
        "userDefined": false
      }
    ],
    "isTemplate": false,
    "count": 0,
    "updated": 1522593569
  },
  {
    "id": "fbd71ce6-e76f-4478-89e6-713a91ea1927",
    "data": [
      {
        "text": "on doit trouver une solution pour vacciner une petite de 18 mois contre l\u0027hépatite A, peut-on remplacer havrix par Twinrix .. ?",
        "userDefined": false
      }
    ],
    "isTemplate": false,
    "count": 0,
    "updated": 1522593569
  },
  {
    "id": "d3101e0f-383c-482d-9964-39acc7dec84c",
    "data": [
      {
        "text": "je suis sous transipeg depuis qq mois, il y a une nette amélioration mais dès que j\u0027arrête, c\u0027est la galère. auriez vous une autre solution efficace contre la constipation chronique ?",
        "userDefined": false
      }
    ],
    "isTemplate": false,
    "count": 0,
    "updated": 1522593569
  },
  {
    "id": "22bf0150-bbcb-411e-a7f9-30ac03db5d03",
    "data": [
      {
        "text": "puis je prendre lectil à la place de serc ou bétaserc?",
        "userDefined": false
      }
    ],
    "isTemplate": false,
    "count": 0,
    "updated": 1522593569
  },
  {
    "id": "0a9b0d94-fdbd-4911-ada1-8eb645a9db0f",
    "data": [
      {
        "text": "dans la famille plusieures personnes manquent de methionine (acide aminé). il existe cela en homeopathie (methioninum 4ch), puis-je le prendre au lieu de l-methionine?",
        "userDefined": false
      }
    ],
    "isTemplate": false,
    "count": 0,
    "updated": 1522593569
  },
  {
    "id": "148b8b18-732d-49e3-ab03-7a39ac7015df",
    "data": [
      {
        "text": "faut il prescrire L thyroxine en remplacement levothyrox ?",
        "userDefined": false
      }
    ],
    "isTemplate": false,
    "count": 0,
    "updated": 1522593569
  },
  {
    "id": "1d569216-3969-4aef-b90a-aaa68aaa3a64",
    "data": [
      {
        "text": "luysanxia : équivalents ?",
        "userDefined": false
      }
    ],
    "isTemplate": false,
    "count": 0,
    "updated": 1522593569
  },
  {
    "id": "cc894864-cb24-4917-96b9-0adc92f51a46",
    "data": [
      {
        "text": "allergique au flucon , que faire?",
        "userDefined": false
      }
    ],
    "isTemplate": false,
    "count": 0,
    "updated": 1522593569
  },
  {
    "id": "b8e72948-b4b3-45c0-a724-67c679f7a2af",
    "data": [
      {
        "text": "je souffre de rgo et on m\u0027a conseillé du pariet, mais n\u0027existe-t-il pas autre chose de moins chimique et sans contre indications aussi efficace?",
        "userDefined": false
      }
    ],
    "isTemplate": false,
    "count": 0,
    "updated": 1522593569
  },
  {
    "id": "a924d827-13d3-4fe5-abe0-6cb68e55e3ea",
    "data": [
      {
        "text": "Si je remplace seroxat par un médicament homéopathique (genre ignatia, sedatif pc) cela peut-il fonctionner ?",
        "userDefined": false
      }
    ],
    "isTemplate": false,
    "count": 0,
    "updated": 1522593569
  },
  {
    "id": "b8130cc3-420d-4cf3-b528-6c4f5c59ced5",
    "data": [
      {
        "text": "Quelle alternaive pour le xanax ?",
        "userDefined": false
      }
    ],
    "isTemplate": false,
    "count": 0,
    "updated": 1522593569
  },
  {
    "id": "8efcb840-2fe6-4f0a-ab7a-78e096b4bee7",
    "data": [
      {
        "text": "Peut-on remplacer le monoprost qui est en manque fabricant par le latanoprost ?",
        "userDefined": false
      }
    ],
    "isTemplate": false,
    "count": 0,
    "updated": 1522593569
  },
  {
    "id": "59800485-6efb-4601-8094-2075f2adb3ae",
    "data": [
      {
        "text": "est ce possible de remplacer le tercian ?",
        "userDefined": false
      }
    ],
    "isTemplate": false,
    "count": 0,
    "updated": 1522593569
  },
  {
    "id": "c70b38ef-7ba2-490e-b119-8b6beea0ecf8",
    "data": [
      {
        "text": "maux de gorge, narrines emflammées, un peu de fièvre, plus de goût et d\u0027odorat, horrible courbatures surotut au niveau du cou.. que prendre? à part antigrippine",
        "userDefined": false
      }
    ],
    "isTemplate": false,
    "count": 0,
    "updated": 1522593569
  },
  {
    "id": "fef83a72-992a-462b-a473-ea90ee5ac124",
    "data": [
      {
        "text": "lumalia identique à diane 35 ,??",
        "userDefined": false
      }
    ],
    "isTemplate": false,
    "count": 0,
    "updated": 1522593569
  },
  {
    "id": "201432bb-38bb-4ea1-9ba1-6a36af29ce05",
    "data": [
      {
        "text": "quelqu\u0027un connait il l\u0027équivalent de la cérazette [même condition] mais remboursée svp?",
        "userDefined": false
      }
    ],
    "isTemplate": false,
    "count": 0,
    "updated": 1522593569
  },
  {
    "id": "85bb4957-6818-4591-a699-e984c4d54f20",
    "data": [
      {
        "text": "je prends du prozac depuis 15 jours et ne dors pas. le médecin me propose de passer sur seropram. quelqu\u0027un sait si cela ira mieux ?",
        "userDefined": false
      }
    ],
    "isTemplate": false,
    "count": 0,
    "updated": 1522593569
  },
  {
    "id": "2b3f948e-ab6b-4f9f-8b00-2f05fe2d2411",
    "data": [
      {
        "text": "Par quoi peut-on remplacer l’uvesterol adec ?",
        "userDefined": false
      }
    ],
    "isTemplate": false,
    "count": 0,
    "updated": 1522593569
  },
  {
    "id": "48385204-7e68-45ba-93ce-67b3685ae1ed",
    "data": [
      {
        "text": "par quoi remplacer mianserine ?",
        "userDefined": false
      }
    ],
    "isTemplate": false,
    "count": 0,
    "updated": 1522593569
  },
  {
    "id": "f87728fa-c5af-40ee-9b92-e3edde56583b",
    "data": [
      {
        "text": "j ai entendu parler d un medicament qui pourrait remplacer le lamisil et le micoster , un medicament en une seule prise lequel ?",
        "userDefined": false
      }
    ],
    "isTemplate": false,
    "count": 0,
    "updated": 1522593569
  },
  {
    "id": "4b39d1cb-8edf-40ae-ae5c-e3d117197035",
    "data": [
      {
        "text": "y aurait il une pilule, autre que diane (à cause des regles douloureuses), qui est à la fois un moyen de contraception et contre les acnés ?",
        "userDefined": false
      }
    ],
    "isTemplate": false,
    "count": 0,
    "updated": 1522593569
  },
  {
    "id": "00fa9ce1-2ddc-43c0-ad26-935c53fa9930",
    "data": [
      {
        "text": "Quelle alternative thérapeutique à l’erphilus pour un bébé quand la prise est compliquée?",
        "userDefined": false
      }
    ],
    "isTemplate": false,
    "count": 0,
    "updated": 1522593569
  },
  {
    "id": "4917f0dd-d7dc-49f4-a46b-e29653c25663",
    "data": [
      {
        "text": "lovenox 0,4 : par quoi il peut être remplacé ?",
        "userDefined": false
      }
    ],
    "isTemplate": false,
    "count": 0,
    "updated": 1522593569
  },
  {
    "id": "132fbcfe-5a6c-425d-ac24-34d3b79b080a",
    "data": [
      {
        "text": "Quelle est  l’alternative thérapeutique au dépakote ?",
        "userDefined": false
      }
    ],
    "isTemplate": false,
    "count": 0,
    "updated": 1522593569
  },
  {
    "id": "d7490935-ac29-448a-b878-d812e1998f2d",
    "data": [
      {
        "text": "rotarix alternatives ?",
        "userDefined": false
      }
    ],
    "isTemplate": false,
    "count": 0,
    "updated": 1522593569
  },
  {
    "id": "a95fd963-21e6-41e9-afd7-7f7e4402f141",
    "data": [
      {
        "text": "relaxis à 6 ans?  vaut mieux un autre vaccin?",
        "userDefined": false
      }
    ],
    "isTemplate": false,
    "count": 0,
    "updated": 1522593569
  },
  {
    "id": "4af1d11a-e8be-40af-9b5e-c34d9bc3bfba",
    "data": [
      {
        "text": "Y a-t-il d\u0027autres options que les antidépresseurs pour aider les personnes dépressives ?",
        "userDefined": false
      }
    ],
    "isTemplate": false,
    "count": 0,
    "updated": 1522593569
  },
  {
    "id": "4e61058d-d918-4012-bab0-afe626cd971e",
    "data": [
      {
        "text": "ma fille de 1mois et 1/2 a le nez encombre et tousse, je lui donne drosera 15ch et ipeca 5ch pendant 3j + sterimar et mouche bebe, pas bcp de changement. y a t il un autre traiment?",
        "userDefined": false
      }
    ],
    "isTemplate": false,
    "count": 0,
    "updated": 1522593569
  },
  {
    "id": "d804ead5-63c2-4493-b81f-f1717aafeda6",
    "data": [
      {
        "text": "Connaissez-vous un équivalent de la poudre absorbante Zeasorb, produit Stieffel supprimé, anciennement indiqué pour lutter contre les désagréments de la transpiration des plis des obèses, des régions génitales, des aisselles, des pieds et des mains ainsi que pour la toilette des bébés ?",
        "userDefined": false
      }
    ],
    "isTemplate": false,
    "count": 0,
    "updated": 1522593569
  },
  {
    "id": "328e3a0c-dc67-4662-b85b-17b202690438",
    "data": [
      {
        "text": "deroxat similaire à prozac ??",
        "userDefined": false
      }
    ],
    "isTemplate": false,
    "count": 0,
    "updated": 1522593569
  },
  {
    "id": "85c513b5-5387-464b-9c45-81e3cc3f6f5b",
    "data": [
      {
        "text": "Par quoi on peut remplacer Daktarin gel buccal pour muguet chez un nouveau né d\u0027une semaine?",
        "userDefined": false
      }
    ],
    "isTemplate": false,
    "count": 0,
    "updated": 1522593569
  },
  {
    "id": "3b75c0e6-220f-48d5-83d4-da06d8c0735f",
    "data": [
      {
        "text": "Millepertuis peut-il être utilisé à la place de deroxat ?",
        "userDefined": false
      }
    ],
    "isTemplate": false,
    "count": 0,
    "updated": 1522593569
  },
  {
    "id": "a1659ab5-9da4-41b0-9145-573a6d25c710",
    "data": [
      {
        "text": "Millepertuis est il une bonne alternative au seroplex ?",
        "userDefined": false
      }
    ],
    "isTemplate": false,
    "count": 0,
    "updated": 1522593569
  },
  {
    "id": "f20ef94d-fb4b-4ac4-8b73-70272afcda46",
    "data": [
      {
        "text": "connaissez-vous des plantes qui soient l\u0027équivalent de clomid en chimie ou d\u0027ovarinum en homépathie ?",
        "userDefined": false
      }
    ],
    "isTemplate": false,
    "count": 0,
    "updated": 1522593569
  },
  {
    "id": "7ce1e19a-ab9e-4448-81c9-308fc4fafea0",
    "data": [
      {
        "text": "Est-ce-que le Modopar dispersible, le Modopar LP et le Modopar classique sont équivalents?",
        "userDefined": false
      }
    ],
    "isTemplate": false,
    "count": 0,
    "updated": 1522593569
  },
  {
    "id": "328e0e48-59fc-4ea8-8d5d-17428569ee11",
    "data": [
      {
        "text": "Pour le gardenal en rupture, par quoi on peut le remplacer?",
        "userDefined": false
      }
    ],
    "isTemplate": false,
    "count": 0,
    "updated": 1522593569
  },
  {
    "id": "11f6c7ef-c9cc-4505-826e-ffa5ec63cf7f",
    "data": [
      {
        "text": "Je prend du téralithe 250 depuis très longtemps, mon psy, avait étudié, le remplacement du téralithe, et m\u0027avait proposé le risperdal. le changement est il dangereux ?",
        "userDefined": false
      }
    ],
    "isTemplate": false,
    "count": 0,
    "updated": 1522593569
  },
  {
    "id": "0fc253b9-d2fb-45e9-a688-478f3d564efe",
    "data": [
      {
        "text": "j\u0027ai fais une crise de plaques rouges. traitement avec ketoderme sans resultat puis avec lithoderm 8% avec un meilleur resultat. en homeo quel est le traitement qui pourrai me soulager ?",
        "userDefined": false
      }
    ],
    "isTemplate": false,
    "count": 0,
    "updated": 1522593569
  },
  {
    "id": "e90f3a48-ecb3-4abb-a8f6-8c2b8cb8cb3b",
    "data": [
      {
        "text": "Quelle alternative à la colpotrophine 1 % crème ?",
        "userDefined": false
      }
    ],
    "isTemplate": false,
    "count": 0,
    "updated": 1522593569
  },
  {
    "id": "43b26c61-18cf-4b3e-9469-bc8c41c07906",
    "data": [
      {
        "text": "Je prend du Seresta 3 fois par jour, mais je me réveille (quand j\u0027arrive à dormir) toujours en pleine crise d\u0027angoisse. Ne serait il pas plus judicieux de prendre un Lexomil le soir qui a une durée de vie plus longue ?",
        "userDefined": false
      }
    ],
    "isTemplate": false,
    "count": 0,
    "updated": 1522593569
  },
  {
    "id": "c0e95c28-ee87-4ea3-a5dd-5061088d7b8d",
    "data": [
      {
        "text": "Quelle alternative à exacyl contre les saignements vaginaux ?",
        "userDefined": false
      }
    ],
    "isTemplate": false,
    "count": 0,
    "updated": 1522593569
  },
  {
    "id": "3f032d50-35eb-435d-8309-56af91f13b1b",
    "data": [
      {
        "text": "depuis toujours je prend du tetrazepan (decontracturan) cependant je ne peux plus en prendre car je suis enceinte. qu\u0027est-ce que je pourrais prendre a la place?",
        "userDefined": false
      }
    ],
    "isTemplate": false,
    "count": 0,
    "updated": 1522593569
  },
  {
    "id": "05ba9447-8437-4498-9b32-89b732c19452",
    "data": [
      {
        "text": "alternative à solian à cause de prode de poids",
        "userDefined": false
      }
    ],
    "isTemplate": false,
    "count": 0,
    "updated": 1522593569
  },
  {
    "id": "c22759d2-6175-495e-92ed-879918061c0a",
    "data": [
      {
        "text": "je suis sous lovenox 0.4  et ce médicament est en rupture. savez-vous par quoi il peut être remplacé en sachant que je suis enceinte",
        "userDefined": false
      }
    ],
    "isTemplate": false,
    "count": 0,
    "updated": 1522593569
  },
  {
    "id": "100e92ee-6662-4d08-a4e4-a1c26d034f06",
    "data": [
      {
        "text": "je prends mélodia mais j’ai un taux de cholestérol trop élevé. mon gygy m’a dit qu’il fallait que je change de contraception. Que choisir à la place?",
        "userDefined": false
      }
    ],
    "isTemplate": false,
    "count": 0,
    "updated": 1522593569
  },
  {
    "id": "517f1163-ad8a-44d5-8aff-e6ea0ffd2586",
    "data": [
      {
        "text": "diane35 est une alternative à jasminelle?",
        "userDefined": false
      }
    ],
    "isTemplate": false,
    "count": 0,
    "updated": 1522593569
  },
  {
    "id": "e4648652-c1f1-44d4-a236-368784383c5b",
    "data": [
      {
        "text": "existe t\u0027il d\u0027autre antivertigineux a part \"betaserc\" et \"tanakan\" ??",
        "userDefined": false
      }
    ],
    "isTemplate": false,
    "count": 0,
    "updated": 1522593569
  },
  {
    "id": "1267e7b1-93a6-49d0-af3f-26151512f790",
    "data": [
      {
        "text": "Par quoi remplacer le vasorbal ?",
        "userDefined": false
      }
    ],
    "isTemplate": false,
    "count": 0,
    "updated": 1522593569
  },
  {
    "id": "c70e6146-a697-4b63-9423-c3ee8e5a6bfa",
    "data": [
      {
        "text": "Le Cérat de galien contre indiqué chez les enfants de moins de 3 ans, quelle alternative ?",
        "userDefined": false
      }
    ],
    "isTemplate": false,
    "count": 0,
    "updated": 1522593569
  },
  {
    "id": "8be3e3f7-3340-46ff-81f2-ab60f715b63d",
    "data": [
      {
        "text": "minidril et ludeal ge .. idem ??",
        "userDefined": false
      }
    ],
    "isTemplate": false,
    "count": 0,
    "updated": 1522593569
  },
  {
    "id": "8fd3e7e0-68dd-432c-bd25-f1d9c96ef685",
    "data": [
      {
        "text": "quel est le nouvel ad qui peut remplacer deroxat?",
        "userDefined": false
      }
    ],
    "isTemplate": false,
    "count": 0,
    "updated": 1522593569
  },
  {
    "id": "66454804-7153-4452-8e9c-f3819aaf81e1",
    "data": [
      {
        "text": "leeloo gé est identique à lovavulo gé ??",
        "userDefined": false
      }
    ],
    "isTemplate": false,
    "count": 0,
    "updated": 1522593569
  },
  {
    "id": "180c5df6-1ea7-49a0-a216-dc2d8e3c06cc",
    "data": [
      {
        "text": "j\u0027aimerai savoir si je peux remplacer 1 dose de thymuline en 9 ch dose par 5 granules de thymuline en 200 k ou dans une autre résolution ?",
        "userDefined": false
      }
    ],
    "isTemplate": false,
    "count": 0,
    "updated": 1522593569
  },
  {
    "id": "21ed0cda-9b12-4620-9564-a1a469bea120",
    "data": [
      {
        "text": "Vous conseillez quoi en remplacement du zyma d en rupture ?",
        "userDefined": false
      }
    ],
    "isTemplate": false,
    "count": 0,
    "updated": 1522593569
  },
  {
    "id": "07628d97-be7f-4af9-8a6a-4502cf73736a",
    "data": [
      {
        "text": "je suis sous seroplex, mais depuis quelques mois des angoisses énormes. de la spasmo, hypocondrie, vertiges. mon psy m\u0027a donc augmenté à 20mg.. mais rien de neuf depuis..! j\u0027ai envie de changer car mon corps ne réagis plus au seroplex!  des conseils pour changer? un ad a me prescrire?",
        "userDefined": false
      }
    ],
    "isTemplate": false,
    "count": 0,
    "updated": 1522593569
  },
  {
    "id": "a2081255-6ccc-445c-9a04-6943f935eecb",
    "data": [
      {
        "text": "surgestone et duphaston une différence ?",
        "userDefined": false
      }
    ],
    "isTemplate": false,
    "count": 0,
    "updated": 1522593569
  },
  {
    "id": "8440dc05-b34a-4680-9e2f-24e41dddea2a",
    "data": [
      {
        "text": "Par quoi remplacer aerius pendant la grossesse ?",
        "userDefined": false
      }
    ],
    "isTemplate": false,
    "count": 0,
    "updated": 1522593569
  },
  {
    "id": "97486814-b319-4169-8283-c25f9fbfdc7c",
    "data": [
      {
        "text": "Y a-t-il une alternative au Depakote 500 ?",
        "userDefined": false
      }
    ],
    "isTemplate": false,
    "count": 0,
    "updated": 1522593569
  },
  {
    "id": "196c758d-1bbb-4605-97b3-b24980f77fed",
    "data": [
      {
        "text": "Que peut-on donner pour les morpions sachant que le spraypax est en rupture ?",
        "userDefined": false
      }
    ],
    "isTemplate": false,
    "count": 0,
    "updated": 1522593569
  },
  {
    "id": "343a480c-0a72-4359-8df5-4585585a78cd",
    "data": [
      {
        "text": "En raison de la rupture du produit Colpotrophine 1% crème, le pharmacien de l\u0027hôpital souhaiterai savoir quelles alternatives nous proposons",
        "userDefined": false
      }
    ],
    "isTemplate": false,
    "count": 0,
    "updated": 1522593569
  },
  {
    "id": "c97159b8-0ba6-470f-be89-c953ba40ba4b",
    "data": [
      {
        "text": "Quelle alternative au plavix ?",
        "userDefined": false
      }
    ],
    "isTemplate": false,
    "count": 0,
    "updated": 1522593569
  },
  {
    "id": "cf8a1e3f-4a6f-4227-b05a-5656a695a251",
    "data": [
      {
        "text": "remplacer lysanxia par seresta : qu\u0027en pensez vous ?",
        "userDefined": false
      }
    ],
    "isTemplate": false,
    "count": 0,
    "updated": 1522593569
  },
  {
    "id": "1a87d96c-d90f-4492-9161-bdbe4198e1b8",
    "data": [
      {
        "text": "J\u0027ai un mélange à préparer nerisone pommade gras et neribase gras, or le neribase ne se fait plus; par quel excipient gras le remplacer ?",
        "userDefined": false
      }
    ],
    "isTemplate": false,
    "count": 0,
    "updated": 1522593569
  },
  {
    "id": "0fc959e5-6d37-4bf1-a3b1-863d12c4a176",
    "data": [
      {
        "text": "alternatives douces au stilnox?",
        "userDefined": false
      }
    ],
    "isTemplate": false,
    "count": 0,
    "updated": 1522593569
  },
  {
    "id": "4128004d-dce8-4c52-bae7-0a2a8a1403a9",
    "data": [
      {
        "text": "je suis actuellement sous beta bloquant pour mon anxiété , mes regles sont tres douloureuses, y\u0027a t\u0027il un substitut à l\u0027ibuprofene que je peux prendre sans risques ?",
        "userDefined": false
      }
    ],
    "isTemplate": false,
    "count": 0,
    "updated": 1522593569
  },
  {
    "id": "e45980c8-be24-48a0-a9e3-02c370270a01",
    "data": [
      {
        "text": "je suis diabétique t2,j\u0027ai uniquement un traitement oral(metformine),pas d\u0027insuline et je voudrais savoir s\u0027il existait un remède naturel pour faire baisser la glycémie?",
        "userDefined": false
      }
    ],
    "isTemplate": false,
    "count": 0,
    "updated": 1522593569
  },
  {
    "id": "9e9fe479-43c9-4b80-a1c1-ca131370225b",
    "data": [
      {
        "text": "par quoi remplacer le spasfon ?",
        "userDefined": false
      }
    ],
    "isTemplate": false,
    "count": 0,
    "updated": 1522593569
  },
  {
    "id": "645eee38-32ad-4f53-a71b-012c93258acd",
    "data": [
      {
        "text": "Quels alternatives au stérilet en cuivre ?",
        "userDefined": false
      }
    ],
    "isTemplate": false,
    "count": 0,
    "updated": 1522593569
  },
  {
    "id": "1d9f8547-c0e8-49c6-b9ed-a5669ec53aba",
    "data": [
      {
        "text": "bonjour, j\u0027 aimerais arrêter de prendre du bromazepam ( anxiolitique) pour m\u0027endormir, car je souhaiterais avoir un enfant. quel médicament puis-je prendre en substitution sans risque pour le bébé ? j\u0027ai essayé plusieurs fois d\u0027arrêter sans succès. j\u0027attends avec impatience une réponse. d\u0027avance merci.",
        "userDefined": false
      }
    ],
    "isTemplate": false,
    "count": 0,
    "updated": 1522593569
  },
  {
    "id": "c20e76cd-6717-4009-82aa-171cec3c26a5",
    "data": [
      {
        "text": "quelle solution pour remplacer le dtp ?",
        "userDefined": false
      }
    ],
    "isTemplate": false,
    "count": 1,
    "updated": 1522593569
  },
  {
    "id": "f3deb7b7-959f-4860-bc4b-55c85a667ad2",
    "data": [
      {
        "text": "Lumalia peut remplacer diane ?",
        "userDefined": false
      }
    ],
    "isTemplate": false,
    "count": 0,
    "updated": 1522593569
  },
  {
    "id": "e244154f-02c7-4474-a390-63e592cb1c73",
    "data": [
      {
        "text": "on me prescrit à la place de l\u0027athymil, séroplex 5mg..existe il d\u0027autres médicaments pour traiter l\u0027angoisse ?",
        "userDefined": false
      }
    ],
    "isTemplate": false,
    "count": 0,
    "updated": 1522593569
  },
  {
    "id": "5ba41c91-df30-417d-8d14-b8d74931bf96",
    "data": [
      {
        "text": "je souffre de constipation chronique. mon medecin generaliste m\u0027a prescrit du duphalac puis du parapsyllium (les 2 aucun effets).  quels sont les medicament que prescrivent les gastro enterologue pour combattre la constipation chronique ?",
        "userDefined": false
      }
    ],
    "isTemplate": false,
    "count": 0,
    "updated": 1522593569
  },
  {
    "id": "4aa8064a-b210-4ce9-bf27-1c7c456754c2",
    "data": [
      {
        "text": "alternative à séroplex?",
        "userDefined": false
      }
    ],
    "isTemplate": false,
    "count": 0,
    "updated": 1522593569
  },
  {
    "id": "794983cc-5f06-433d-b9cd-448910a08e36",
    "data": [
      {
        "text": "Y a-t-il d\u0027autres alternatives à la pilule que les éponges pharmatex ?",
        "userDefined": false
      }
    ],
    "isTemplate": false,
    "count": 0,
    "updated": 1522593569
  },
  {
    "id": "e5b56780-5816-4225-95ea-2c9bffa8aabc",
    "data": [
      {
        "text": "je suis depuis trois ans sous lacmital et le medecin remplaçant me propose abilyfy est-ce la même chose ?",
        "userDefined": false
      }
    ],
    "isTemplate": false,
    "count": 0,
    "updated": 1522593569
  },
  {
    "id": "afdcaaa8-6b4d-4785-8bb3-1237d74b8db8",
    "data": [
      {
        "text": "quel est l\u0027equivalent allemand de biafine?",
        "userDefined": false
      }
    ],
    "isTemplate": false,
    "count": 0,
    "updated": 1522593569
  },
  {
    "id": "e3008eb8-7e7f-4d59-942f-804a11c0b24d",
    "data": [
      {
        "text": "Quel médicament à la place de la metfomine ?",
        "userDefined": false
      }
    ],
    "isTemplate": false,
    "count": 0,
    "updated": 1522593569
  },
  {
    "id": "1d4f1a7f-a4ee-48ba-b954-e7aa3520a1bc",
    "data": [
      {
        "text": "lectil à la place de bétaserc?",
        "userDefined": false
      }
    ],
    "isTemplate": false,
    "count": 0,
    "updated": 1522593569
  },
  {
    "id": "84df7e16-7d2e-4212-8504-1cd9a1cf6a0e",
    "data": [
      {
        "text": "quelle alternative au lariam  contre le palu?",
        "userDefined": false
      }
    ],
    "isTemplate": false,
    "count": 0,
    "updated": 1522593569
  },
  {
    "id": "3ed226fe-b95b-41ea-aca5-1a474699a0a8",
    "data": [
      {
        "text": "je souffre d\u0027une hyperpilosité et mon dermatologue m\u0027a prescrit de l\u0027androcur mais je ne le supporte pas. je voulais savoir s\u0027il existait un autre traitement contre l\u0027hyperpilosité ?",
        "userDefined": false
      }
    ],
    "isTemplate": false,
    "count": 0,
    "updated": 1522593569
  },
  {
    "id": "f9ba323b-bbb9-4b89-baaf-15200967867e",
    "data": [
      {
        "text": "Mes deux premières injections ont été faites avec le vaccins cervarix, puis  la troisième injection mais le vaccin avec le gardasil. Est-ce la même chose ?",
        "userDefined": false
      }
    ],
    "isTemplate": false,
    "count": 0,
    "updated": 1522593569
  },
  {
    "id": "132390d8-433d-4ed1-b6c5-d8c5db6d0652",
    "data": [
      {
        "text": "seroplex, changer de traitement ?",
        "userDefined": false
      }
    ],
    "isTemplate": false,
    "count": 0,
    "updated": 1522593569
  },
  {
    "id": "27511fa6-e6ce-4777-b1ac-4e4361d2d6d4",
    "data": [
      {
        "text": "par quoi remplacer vasobral ?",
        "userDefined": false
      }
    ],
    "isTemplate": false,
    "count": 0,
    "updated": 1522593569
  },
  {
    "id": "e87e8711-9f74-4232-8213-cdad15c20961",
    "data": [
      {
        "text": "pourriez vous me dire si un autre médicaments pourrait soulager les migraines à la place du propranolol ?",
        "userDefined": false
      }
    ],
    "isTemplate": false,
    "count": 0,
    "updated": 1522593569
  },
  {
    "id": "08fe3823-e66f-4c66-ab4f-880a223bc00e",
    "data": [
      {
        "text": "remplacer le tranxene par le quitaxon ?",
        "userDefined": false
      }
    ],
    "isTemplate": false,
    "count": 1,
    "updated": 1522593569
  },
  {
    "id": "2d3bf9c4-611b-4a26-b293-a937eefca1a4",
    "data": [
      {
        "text": "connaissez vous un médicament qui peut remplacer lévothyrox?",
        "userDefined": false
      }
    ],
    "isTemplate": false,
    "count": 0,
    "updated": 1522593569
  },
  {
    "id": "9f1c5c0f-dce4-47c8-b450-944df27d2e69",
    "data": [
      {
        "text": "Quelle est l’alternative thérapeutique à la rupture d’edex?",
        "userDefined": false
      }
    ],
    "isTemplate": false,
    "count": 0,
    "updated": 1522593569
  },
  {
    "id": "4b919a6c-167a-4c51-a6a2-8c7db0e995af",
    "data": [
      {
        "text": "j\u0027ai quelques douleur au dos quand je marche ou cours, le medecin m\u0027a prescrit du tetrazepam , depuis je n\u0027ai aucune amélioration de mes douleurs, comment faire pour enlever ces douleurs?",
        "userDefined": false
      }
    ],
    "isTemplate": false,
    "count": 0,
    "updated": 1522593569
  },
  {
    "id": "f2c9b5a4-29dd-4092-abea-d5b71e91b6af",
    "data": [
      {
        "text": "Par quoi remplacer miansérine ?",
        "userDefined": false
      }
    ],
    "isTemplate": false,
    "count": 0,
    "updated": 1522593569
  },
  {
    "id": "4dc51b2c-a365-4500-8e11-d189f1026160",
    "data": [
      {
        "text": "lumalia identique à diane 35 ??",
        "userDefined": false
      }
    ],
    "isTemplate": false,
    "count": 0,
    "updated": 1522593569
  },
  {
    "id": "6ac29150-3f60-487a-a4bf-4e0e04dfc90a",
    "data": [
      {
        "text": "connaissez vous un produit autre que le progestogel qui marcherait pour reduire les douleurs de la poitrine?",
        "userDefined": false
      }
    ],
    "isTemplate": false,
    "count": 0,
    "updated": 1522593569
  },
  {
    "id": "3be78fb5-4e40-4f8d-9cdc-6c967ffd3dba",
    "data": [
      {
        "text": "plus de règles depuis 3mois, j\u0027ai eu un traitement au duphaston mais toujour rien donc un autre traitement va m\u0027être donné, quel est le traitement ?",
        "userDefined": false
      }
    ],
    "isTemplate": false,
    "count": 0,
    "updated": 1522593569
  },
  {
    "id": "7225d04c-b5ee-4e56-8cae-9ad5a14f3191",
    "data": [
      {
        "text": "peut-on remplacer lévothyrox 100 mg par 2 levothyrox de 50 mg ?",
        "userDefined": false
      }
    ],
    "isTemplate": false,
    "count": 0,
    "updated": 1522593569
  },
  {
    "id": "fa56efa7-7f3f-4f62-b231-7f82f63be228",
    "data": [
      {
        "text": "je voudrais savoir si vous connaissez un creme qui est pareil ou presque au diprosept de celle-ci mais sans ordonnance?",
        "userDefined": false
      }
    ],
    "isTemplate": false,
    "count": 0,
    "updated": 1522593569
  },
  {
    "id": "1b119e0c-3a95-4fad-8fd4-1bd1ca4915da",
    "data": [
      {
        "text": "pneumovax est il  pareil que pneumo 23",
        "userDefined": false
      }
    ],
    "isTemplate": false,
    "count": 0,
    "updated": 1522593569
  },
  {
    "id": "4b4aab2e-3f24-4bd2-9bcc-e3ff80c8687d",
    "data": [
      {
        "text": "y a-t-il un traitement équivalent à activelle ?",
        "userDefined": false
      }
    ],
    "isTemplate": false,
    "count": 0,
    "updated": 1522593569
  },
  {
    "id": "05130209-5a2c-42f5-b30f-9042b755e299",
    "data": [
      {
        "text": "comment me séparer du lexomil ?",
        "userDefined": false
      }
    ],
    "isTemplate": false,
    "count": 0,
    "updated": 1522593569
  },
  {
    "id": "565952bc-90a7-4fb6-ba26-7bd7f1106052",
    "data": [
      {
        "text": "je ne supporte pas les antidépresseurs, millepertuis?",
        "userDefined": false
      }
    ],
    "isTemplate": false,
    "count": 0,
    "updated": 1522593569
  },
  {
    "id": "f9da6127-359f-45d0-b3e9-820c780145d3",
    "data": [
      {
        "text": "Quelle est l’alternative thérapeutique pour la rupture de monoprost?",
        "userDefined": false
      }
    ],
    "isTemplate": false,
    "count": 0,
    "updated": 1522593569
  },
  {
    "id": "47115e2b-0c14-408e-b6af-90fd5d249bb3",
    "data": [
      {
        "text": "depuis juin que le dtpolio n\u0027est plus produit, quelle solution de remplacement?",
        "userDefined": false
      }
    ],
    "isTemplate": false,
    "count": 0,
    "updated": 1522593569
  },
  {
    "id": "70629dbd-e176-4057-aded-bba16e41dade",
    "data": [
      {
        "text": "connaissez vous une pillule moins forte que adepal qui me conviendrait?",
        "userDefined": false
      }
    ],
    "isTemplate": false,
    "count": 0,
    "updated": 1522593569
  },
  {
    "id": "22108922-f85f-4ffd-a2e9-2822b9fc9099",
    "data": [
      {
        "text": "sous amoclane eg (875mg amoxilline et 125 mg acide clavunique) suite à une otite, mais j\u0027ai une infection qui s\u0027est développée au niveau des gencives et des sinus. que faire existe-t-il un autre antibiotique plus efficace ?",
        "userDefined": false
      }
    ],
    "isTemplate": false,
    "count": 0,
    "updated": 1522593569
  },
  {
    "id": "135cedf2-d82c-49b4-ae72-4f6a0885ed84",
    "data": [
      {
        "text": "j\u0027en ai marre je vous jure.. j\u0027avais arrêté de la prendre il y a plusieurs mois, mais vu que j\u0027ai de l\u0027acné, j\u0027ai décidé de commencer la diane 35. mais alors les effets sont si horribles que je sais plus quoi faire.. pertes brunes continuelles, irritabilité, boulimie, nausées, dépression! et en plus je sais très bien qu\u0027au bout de 3 mois ça sera toujours pareil, je l\u0027ai déjà vécu. vous connaissez pas une autre méthode que la pilule qui n\u0027a pas ces effets secondaires mais qui par contre, est bénéfique sur l\u0027acné?",
        "userDefined": false
      }
    ],
    "isTemplate": false,
    "count": 0,
    "updated": 1522593569
  },
  {
    "id": "989ed177-9a10-4072-a9fc-959cd608d7fa",
    "data": [
      {
        "text": "J\u0027ai pris du luthényl depuis 6 mois environ pour éviter des saignements trop importants. l\u0027une d\u0027entre vous aurait-elle trouvé une solution par un remplacement de ce médicament qui, cependant, arrêtait les saignements ?",
        "userDefined": false
      }
    ],
    "isTemplate": false,
    "count": 0,
    "updated": 1522593569
  },
  {
    "id": "7768d5ce-b394-47d6-84c5-b33f73783a4d",
    "data": [
      {
        "text": "est ce que je peut utiliser morphine à la place de skenan et actiskenan?",
        "userDefined": false
      }
    ],
    "isTemplate": false,
    "count": 0,
    "updated": 1522593569
  },
  {
    "id": "dda253d8-10ce-42a9-be42-32ae48c550dc",
    "data": [
      {
        "text": "Je prends depuis pas mal de temps du propranolol pour traiter les migraines, mais l\u0027inconvénient est que j\u0027ai le coeur qui bat assez lentement. Pourriez vous me dire si un autre médicaments pourrait soulager les migraines à la place du propranolol ?",
        "userDefined": false
      }
    ],
    "isTemplate": false,
    "count": 0,
    "updated": 1522593569
  },
  {
    "id": "2d4f8b0e-a88a-4798-b017-1e9681eb4137",
    "data": [
      {
        "text": "j\u0027ai pris concerta et ça ma bcp aidé, mais j\u0027ai dû l\u0027arrêter à cause d\u0027un probleme de coeur.  il y a t\u0027il un medicament similaire qui permet d\u0027avoir les mêmes effet sans poser de probleme sur le rythme cardiaque ?",
        "userDefined": false
      }
    ],
    "isTemplate": false,
    "count": 0,
    "updated": 1522593569
  },
  {
    "id": "c1ea37be-a100-4a37-aa6b-daa8425a170e",
    "data": [
      {
        "text": "quelqu\u0027un peut-il m\u0027indiquer le medicament similaire de sudafed?",
        "userDefined": false
      }
    ],
    "isTemplate": false,
    "count": 0,
    "updated": 1522593569
  },
  {
    "id": "136d7004-da33-4a27-8070-d61df0fc18e8",
    "data": [
      {
        "text": "changement diane 35 --\u003e ?",
        "userDefined": false
      }
    ],
    "isTemplate": false,
    "count": 0,
    "updated": 1522593569
  },
  {
    "id": "d8874c53-0d2a-4843-8770-687dfb8eb013",
    "data": [
      {
        "text": "remplacement valable et aussi efficace que l\u0027akineton?",
        "userDefined": false
      }
    ],
    "isTemplate": false,
    "count": 0,
    "updated": 1522593569
  },
  {
    "id": "73ca6b4c-caf8-483c-bbec-c591ca2916b0",
    "data": [
      {
        "text": "je suis actuellement en sevrage de plusieurs médicaments: xanax et stilnox. il y a un mois j\u0027etais en sevrage sec de lamictal (thymo) et theralene (hypno). ils se font effectues avec succès, aucun manque. aujourd\u0027hui mon traitement se compose de depakote 100mg (je suis bipolaire), de 3 xanax de 0.5 (auparavent 4) j\u0027ai beaucoup de mal a diminuer. et tercian, neuroleptique que j\u0027aimerais arrêter donc me sevrer car il me shoote trop et c\u0027est pas compatible avec le travail. de plus il me fait prendre bcp de poids. le tableau: je suis insomniaque depuis 15 ans rien a faire alors je prends chaque soir un peu de melatonine (5mg) et ca m\u0027aide bcp. est ce une bonne idée de remplacer le tercian qui m\u0027est donne pour dormir par de la melatonine?",
        "userDefined": false
      }
    ],
    "isTemplate": false,
    "count": 0,
    "updated": 1522593569
  },
  {
    "id": "cfacfd06-2c78-4d71-b191-461926b30594",
    "data": [
      {
        "text": "il n\u0027y a plus de spasfon en suppo. il y a autre chose qu\u0027on puisse prendre à la place?",
        "userDefined": false
      }
    ],
    "isTemplate": false,
    "count": 0,
    "updated": 1522593569
  },
  {
    "id": "d172ad68-351f-4508-ad9f-8c9e5bbb2ad2",
    "data": [
      {
        "text": "lutenyl , équivalent?",
        "userDefined": false
      }
    ],
    "isTemplate": false,
    "count": 0,
    "updated": 1522593569
  },
  {
    "id": "0964a688-1f52-4227-9de0-ea50b5370e5b",
    "data": [
      {
        "text": "2 engerix 10 \u003d 1 engerix 20???",
        "userDefined": false
      }
    ],
    "isTemplate": false,
    "count": 0,
    "updated": 1522593569
  },
  {
    "id": "61db9618-9ed9-4e67-b422-585c22be0220",
    "data": [
      {
        "text": "je prends du prozac et je n\u0027en peux plus, la fatigue est devenue chronique. j\u0027ai des vertiges, hypotension. je crois que je vais l\u0027arrêter d\u0027un coup. je me sens encore plus mal, car plus capable d\u0027avoir une activité. y\u0027at-il un équivalent que je pourrais prendre?",
        "userDefined": false
      }
    ],
    "isTemplate": false,
    "count": 0,
    "updated": 1522593569
  },
  {
    "id": "98176dd6-bfde-4ec8-bfb9-de430f8a9508",
    "data": [
      {
        "text": "bonjour, je prends diane 35 pour les soucis d\u0027acnee, mais depuis le debut j\u0027ai plein de soucis! mais au niveau de la 2 eme plaquette  ce qui me fait le plus flipper c\u0027est que j\u0027ai eu une angine blanche surinfecté 3 fois! oui ca revient des que je suis plus sous antibio j\u0027ai arreter ma pilule pour passer a la 3 eme plaquettes et la plus rien, et depuis hier j\u0027ai repris 2 pilules, et hop, mes amygdale me relances et on vois deja des traces blanches! plus des ganglions.. jattends lundi pour telephoner.. mais je vais pas passer ma vie sous antibio! ya t\u0027il une autre pilule pour mon acnee??",
        "userDefined": false
      }
    ],
    "isTemplate": false,
    "count": 0,
    "updated": 1522593569
  },
  {
    "id": "073000e8-f33f-43cc-8354-755aedd69912",
    "data": [
      {
        "text": "par quoi peut on remplacer monoprost si allergie au benzalkonium?",
        "userDefined": false
      }
    ],
    "isTemplate": false,
    "count": 0,
    "updated": 1522593569
  },
  {
    "id": "38b5a27b-ceb3-4672-aa52-debe1d4e80d2",
    "data": [
      {
        "text": "je prends du rivotril 10 gouttes le soir depuis 14 ans mon nouveau psy vient de me dire qu\u0027il faut l\u0027arreter progressivement anafranil 75 vat faire le reste ?",
        "userDefined": false
      }
    ],
    "isTemplate": false,
    "count": 0,
    "updated": 1522593569
  },
  {
    "id": "e186db85-08eb-4043-9423-992b61fd8bcf",
    "data": [
      {
        "text": "bonjour! je prend diane 35 depuis 2 ans et j\u0027aimerais changer de pilule d\u0027ici 3 semaines car m\u0027a libido n\u0027a pas cessé de descendre et la elle est au niveau 0! de plus g un peu de cholesterol alors ke je n\u0027en avais pas du tt avant! et pour finir j\u0027ai pris un peu de poids (4kg) j\u0027aimerais savoir si qqn a deja eu ces problemes avec diane35 (surtt pour la libido et le cholesterol)et quelle pilule me conseilleriez vous? merci d\u0027avance",
        "userDefined": false
      }
    ],
    "isTemplate": false,
    "count": 0,
    "updated": 1522593569
  },
  {
    "id": "052eb874-60d2-4980-8e70-09a73b71f7d0",
    "data": [
      {
        "text": "Quelle alternative à la rupture de Havrix ?",
        "userDefined": false
      }
    ],
    "isTemplate": false,
    "count": 0,
    "updated": 1522593569
  },
  {
    "id": "5a45a0a0-f1a8-401f-a7f7-c620afe88bd8",
    "data": [
      {
        "text": "A la place de androcur, quelle pilule donner ?",
        "userDefined": false
      }
    ],
    "isTemplate": false,
    "count": 0,
    "updated": 1522593569
  },
  {
    "id": "164d93b4-b4d0-4518-a49d-6364a44fe12d",
    "data": [
      {
        "text": "collyre uveline n\u0027est plus fabriqué! pourriez-vous me conseiller un collyre équivalent?",
        "userDefined": false
      }
    ],
    "isTemplate": false,
    "count": 0,
    "updated": 1522593569
  },
  {
    "id": "b529888c-30fd-4e8a-9584-1d34abe51963",
    "data": [
      {
        "text": "j\u0027ai tout essayé pour dormir: stilnox, zolpidem, noctran et en ce moment le bromazépam (générique de lexomil) mais je ne dors toujours pas. je ne sais plus quoi prendre ni quoi faire. je n\u0027en peux plus quelqu\u0027un peut-il m\u0027aider je vous en supplie?",
        "userDefined": false
      }
    ],
    "isTemplate": false,
    "count": 0,
    "updated": 1522593569
  },
  {
    "id": "47d50b39-843f-483c-9205-2c3323f64b2e",
    "data": [
      {
        "text": "J\u0027aimerais savoir comment passer de Nuvaring à la pillule ?",
        "userDefined": false
      }
    ],
    "isTemplate": false,
    "count": 0,
    "updated": 1522593569
  },
  {
    "id": "ae68541d-317d-4556-997a-243ff7a424b3",
    "data": [
      {
        "text": "Je suis allergique au Naproxène, qu\u0027est ce que je peux prendre pour remplacer ce médicament ?",
        "userDefined": false
      }
    ],
    "isTemplate": false,
    "count": 0,
    "updated": 1522593569
  },
  {
    "id": "f1bc7709-6428-47ae-a919-2c758a0036a1",
    "data": [
      {
        "text": "ma fille de 6 ans prend régulièrement du zyrtec pour éviter les allergies respiratoires, connaissez vous un autre médicament pour éviter ça ?",
        "userDefined": false
      }
    ],
    "isTemplate": false,
    "count": 0,
    "updated": 1522593569
  },
  {
    "id": "4861c52e-629c-4e3e-997a-3f25bab47a50",
    "data": [
      {
        "text": "Le séroplex est il différent du prozac ?",
        "userDefined": false
      }
    ],
    "isTemplate": false,
    "count": 0,
    "updated": 1522593569
  },
  {
    "id": "b6cff910-db1c-42e8-941d-1a7f91362444",
    "data": [
      {
        "text": "Peut on remplacer la méthadone par le contramal ?",
        "userDefined": false
      }
    ],
    "isTemplate": false,
    "count": 0,
    "updated": 1522593569
  },
  {
    "id": "c5546201-1aaa-48a0-8652-126a016aa204",
    "data": [
      {
        "text": "diane 35 \u0026 alternatives ?",
        "userDefined": false
      }
    ],
    "isTemplate": false,
    "count": 0,
    "updated": 1522593569
  },
  {
    "id": "5e5cedba-3429-4335-b6e2-8860d3366c88",
    "data": [
      {
        "text": "Dolospasmyl est il une copie de météospasmyl ?",
        "userDefined": false
      }
    ],
    "isTemplate": false,
    "count": 0,
    "updated": 1522593569
  },
  {
    "id": "cbd77322-ac8c-4a54-b9f3-09bdc1c7c216",
    "data": [
      {
        "text": "j\u0027etait sous deroxat et mon medecin m\u0027a dit d\u0027arreter car je reagissait mal au medicament. il me l\u0027a changer contre effexor, mais il m\u0027aller pas non plus. j\u0027ai des phobies et j\u0027ai peur de rester seule ; de dormir toute seule ; y a t\u0027il un autre moyen pour remedier a ces phobies",
        "userDefined": false
      }
    ],
    "isTemplate": false,
    "count": 0,
    "updated": 1522593569
  },
  {
    "id": "0669e423-3a9e-4fa1-9591-4a3bc6926ed7",
    "data": [
      {
        "text": "lumalia à la place de diane ?? ??",
        "userDefined": false
      }
    ],
    "isTemplate": false,
    "count": 0,
    "updated": 1522593569
  },
  {
    "id": "26e0fe8f-cd8f-4036-8b5c-7c4e73bd0811",
    "data": [
      {
        "text": "Quelle alternative au flucon ?",
        "userDefined": false
      }
    ],
    "isTemplate": false,
    "count": 0,
    "updated": 1522593569
  },
  {
    "id": "01f8cd33-a5da-426e-b891-a56b52f0e36b",
    "data": [
      {
        "text": "Si cycline pour acné, que faire pour remplacer pendant l\u0027été ?",
        "userDefined": false
      }
    ],
    "isTemplate": false,
    "count": 0,
    "updated": 1522593569
  },
  {
    "id": "d9a2e1f9-8c44-47c8-94fb-f1cce8a4bee2",
    "data": [
      {
        "text": "est ce qu\u0027il y a un équivalent au dicynone (etamsylate) aux etats unis?",
        "userDefined": false
      }
    ],
    "isTemplate": false,
    "count": 0,
    "updated": 1522593569
  },
  {
    "id": "3d06ab77-96ad-49c9-931c-11dc57fd7bf4",
    "data": [
      {
        "text": "quel vaccin allez vous faire maintenant que le dtp n\u0027est plus dispo ?",
        "userDefined": false
      }
    ],
    "isTemplate": false,
    "count": 0,
    "updated": 1522593569
  },
  {
    "id": "d8a40b9e-f16c-4975-9e64-d7fc1fa391a6",
    "data": [
      {
        "text": "duphaston ne marche plus ! quels sont mes recours ?",
        "userDefined": false
      }
    ],
    "isTemplate": false,
    "count": 0,
    "updated": 1522593569
  }
]