[
  {
    "id": "50f1b538-f5df-4ec0-ba35-f3afdc9c1bd5",
    "data": [
      {
        "text": "xanax ou valium sans ordonnance ?",
        "userDefined": false
      }
    ],
    "isTemplate": false,
    "count": 0,
    "updated": 1522593226
  },
  {
    "id": "59e9d008-9bd8-44d9-aad9-3851795db772",
    "data": [
      {
        "text": "A-t-on le droit de laisser migralgine/prontalgine derrière le comptoir, sur les étagères, bien visible des patients ?",
        "userDefined": false
      }
    ],
    "isTemplate": false,
    "count": 0,
    "updated": 1522593226
  },
  {
    "id": "2bdfb209-e8a4-4464-94e2-37b9b09a7e50",
    "data": [
      {
        "text": "En ce qui concerne la délivrance du tranxène 10 : si la posologie est de 2 par jour que fait-on?",
        "userDefined": false
      }
    ],
    "isTemplate": false,
    "count": 0,
    "updated": 1522593226
  },
  {
    "id": "be0e0c02-832d-4260-b6fd-d5ecef84795c",
    "data": [
      {
        "text": "J\u0027ai souvent des prescriptions de Nebcine, Célestene, Gentamicine, Solumedrol, toutes sous formes injectables et prescrites ensemble en nébulisation (toutes sont hors AMM en voie aérosol), et cela n’a pas été testé d’après les laboratoires, que faire?",
        "userDefined": false
      }
    ],
    "isTemplate": false,
    "count": 0,
    "updated": 1522593226
  },
  {
    "id": "534c8fe2-fc57-4c59-aa24-fb05049ea0e4",
    "data": [
      {
        "text": "trinordiol sans ordonnance?",
        "userDefined": false
      }
    ],
    "isTemplate": false,
    "count": 1,
    "updated": 1522593226
  },
  {
    "id": "ee7bb5e9-f74f-4511-aa39-a2a5addaf785",
    "data": [
      {
        "text": "Quel est le nombre limite de bas de compression délivrables en 1 an ?",
        "userDefined": false
      }
    ],
    "isTemplate": false,
    "count": 0,
    "updated": 1522593226
  },
  {
    "id": "48af61b9-8db4-4f24-8fc5-4e3681ac7146",
    "data": [
      {
        "text": "Puis-je me procurer l\u0027alvocardyl sans ordonnance ?",
        "userDefined": false
      }
    ],
    "isTemplate": false,
    "count": 0,
    "updated": 1522593226
  },
  {
    "id": "c732b906-5b45-4686-bdfb-dadba933236b",
    "data": [
      {
        "text": "quelle ordonnance pour roaccutane ??",
        "userDefined": false
      }
    ],
    "isTemplate": false,
    "count": 0,
    "updated": 1522593226
  },
  {
    "id": "e60d5aa7-e961-4b0e-b851-9d61ec02b7c8",
    "data": [
      {
        "text": "comment obtenir du subutex ?",
        "userDefined": false
      }
    ],
    "isTemplate": false,
    "count": 1,
    "updated": 1522593226
  },
  {
    "id": "590ce5ec-b273-4163-ad5b-0b6a3ecf43ba",
    "data": [
      {
        "text": "extranase nécessite une ordonnance?",
        "userDefined": false
      }
    ],
    "isTemplate": false,
    "count": 0,
    "updated": 1522593226
  },
  {
    "id": "c5821e3e-3608-4e48-be6a-d9ef25dd0024",
    "data": [
      {
        "text": "Pour une ordonnance contraception de 1 mois ou de trois mois il faut renouveler en exceptionnel pour 1 mois ou 3 ?",
        "userDefined": false
      }
    ],
    "isTemplate": false,
    "count": 0,
    "updated": 1522593226
  },
  {
    "id": "54ce698c-8fde-45fc-a04e-f1d6b5b7eda1",
    "data": [
      {
        "text": "est ce que le duphaston nécessite une prescription ?",
        "userDefined": false
      }
    ],
    "isTemplate": false,
    "count": 0,
    "updated": 1522593226
  },
  {
    "id": "a3f054bf-4cf1-46d5-b756-3ff1c4adea5c",
    "data": [
      {
        "text": "Peut-on délivrer l’uvesterol adec?",
        "userDefined": false
      }
    ],
    "isTemplate": false,
    "count": 0,
    "updated": 1522593226
  },
  {
    "id": "acdcbe1e-3498-4d58-b300-caba0b2eaaf4",
    "data": [
      {
        "text": "est-ce que la ritaline nécessite une ordonnance ou on peut l\u0027acheter sans une prescription du médecin ?",
        "userDefined": false
      }
    ],
    "isTemplate": false,
    "count": 0,
    "updated": 1522593226
  },
  {
    "id": "17d13ae5-5747-4ef2-8324-531272548403",
    "data": [
      {
        "text": "Un patient se présente avec une ordonnance du pneumologue incruse + relvar et une ordonnance du généraliste spiriva + seretide, que faut-il faire ?",
        "userDefined": false
      }
    ],
    "isTemplate": false,
    "count": 0,
    "updated": 1522593226
  },
  {
    "id": "41755f13-aac0-4d9a-a6fc-853dcb64e3c4",
    "data": [
      {
        "text": "Que faire quand un médecin prescrit de la  Mifégyne ?",
        "userDefined": false
      }
    ],
    "isTemplate": false,
    "count": 0,
    "updated": 1522593226
  },
  {
    "id": "7dc0e6c6-e416-417f-a515-33148af0dff9",
    "data": [
      {
        "text": "Peut-on délivrer un collyre (la cebesine)  sur une ordonnance classique pour un patient ?",
        "userDefined": false
      }
    ],
    "isTemplate": false,
    "count": 0,
    "updated": 1522593226
  },
  {
    "id": "4796bebc-f310-496f-ab0c-304c014b20cc",
    "data": [
      {
        "text": "Pour stilnox jai un doute avec la nouvelle législation: si la posologie est de  2 par jour pendant 28j on donne 4 boites?",
        "userDefined": false
      }
    ],
    "isTemplate": false,
    "count": 0,
    "updated": 1522593226
  },
  {
    "id": "5dab27cc-efdb-45d2-87cb-fa6f1b38e327",
    "data": [
      {
        "text": "effexor est listé ?",
        "userDefined": false
      }
    ],
    "isTemplate": false,
    "count": 0,
    "updated": 1522593226
  },
  {
    "id": "0199106a-4e09-4e18-bb74-dd681994e743",
    "data": [
      {
        "text": "Faut-il obtenir un accord de soin d’une patiente de plus de 60 ans avant de lui délivrer de la Dépakine ?",
        "userDefined": false
      }
    ],
    "isTemplate": false,
    "count": 0,
    "updated": 1522593226
  },
  {
    "id": "275c549b-ec42-4ce2-b002-8be981e05f84",
    "data": [
      {
        "text": "Peut-on délivrer Atrovent en aérosol s’il est prescrit par un généraliste?",
        "userDefined": false
      }
    ],
    "isTemplate": false,
    "count": 0,
    "updated": 1522593226
  },
  {
    "id": "802f2fd9-6a0a-437e-8228-724aca1961d2",
    "data": [
      {
        "text": "Si sur une ordonnance sécurisée le médecin prescrit des spécialités liste 1 et 2 et du zolpidem , dans le carré il doit mettre 1 ( pour une spécialité stup) ou la quantité totale de produits prescrits ?",
        "userDefined": false
      }
    ],
    "isTemplate": false,
    "count": 0,
    "updated": 1522593226
  },
  {
    "id": "a7e43e5a-b823-41e1-a7b9-6caf9a058fb7",
    "data": [
      {
        "text": "Peut-on délivrer de l’huile de ricin en quantité supérieure à 30 ml ?",
        "userDefined": false
      }
    ],
    "isTemplate": false,
    "count": 0,
    "updated": 1522593226
  },
  {
    "id": "a3fe823c-3231-49a4-bddd-713b30e2ba58",
    "data": [
      {
        "text": "je suis allé acheter du contramal sans la prescription de mon médecin, et le pharmacien m\u0027a donné du contramal 50mg sans rien me demander. c\u0027est normal ou la prescription aurait du être demandé ?",
        "userDefined": false
      }
    ],
    "isTemplate": false,
    "count": 0,
    "updated": 1522593226
  },
  {
    "id": "1213778e-985f-49b9-b778-87eb9c1149b7",
    "data": [
      {
        "text": "Est-ce que la mélatonine ne peut être délivrée que sur ordonnance?",
        "userDefined": false
      }
    ],
    "isTemplate": false,
    "count": 0,
    "updated": 1522593226
  },
  {
    "id": "70e8aff7-c346-42f2-a773-bd6f30fd7230",
    "data": [
      {
        "text": "Fluimucil sans ordonnance est-ce toujours possible ?",
        "userDefined": false
      }
    ],
    "isTemplate": false,
    "count": 0,
    "updated": 1522593226
  },
  {
    "id": "205abbb5-7d70-4a67-9629-ab1f8fd1f7a0",
    "data": [
      {
        "text": "medicament spéciafoldine ? Listé ?",
        "userDefined": false
      }
    ],
    "isTemplate": false,
    "count": 0,
    "updated": 1522593226
  },
  {
    "id": "699d274e-0f82-48dc-9223-768a8ff14fa7",
    "data": [
      {
        "text": "Quels risques j’encours si je vends du Baclofène en quantité dépassant la posologie recommandée si le patient se présente avec une lettre rédigée par le centre d’addictologie où il s’engage à ne  poursuivre ni  le pharmacien ni le prescripteur ?",
        "userDefined": false
      }
    ],
    "isTemplate": false,
    "count": 0,
    "updated": 1522593226
  },
  {
    "id": "c44d139c-4436-488e-81b2-d59cc636b313",
    "data": [
      {
        "text": "lysanxia en gouttes: quelle liste ?",
        "userDefined": false
      }
    ],
    "isTemplate": false,
    "count": 0,
    "updated": 1522593226
  },
  {
    "id": "ee5c9fb2-3569-4197-87a7-49de933ea726",
    "data": [
      {
        "text": "Est-ce qu’on peut délivrer sterdex  à une enfant de 4ans?",
        "userDefined": false
      }
    ],
    "isTemplate": false,
    "count": 0,
    "updated": 1522593226
  },
  {
    "id": "db0b0115-98d8-4dac-ab90-723ea4f3c583",
    "data": [
      {
        "text": "Suite à une prescription de Concerta Lp 18mg ordonnance de 22/06 pour 28j, compte tenu de la posologie j\u0027arrive sur une quantité à délivrer de 27 unités, alors qu’il y a 28 unité dans la boîte. Comment délivrer ?",
        "userDefined": false
      }
    ],
    "isTemplate": false,
    "count": 0,
    "updated": 1522593226
  },
  {
    "id": "f57c8342-c853-474d-9c5d-4074e5127eb5",
    "data": [
      {
        "text": "Peut on délivrer des toxiques sur une ordonnance HAD reçue par fax?",
        "userDefined": false
      }
    ],
    "isTemplate": false,
    "count": 0,
    "updated": 1522593226
  },
  {
    "id": "77a114b8-1783-4d5b-a19c-c9b60c4ff622",
    "data": [
      {
        "text": "Uvédose est il disponible sans ordonnance ?",
        "userDefined": false
      }
    ],
    "isTemplate": false,
    "count": 0,
    "updated": 1522593226
  },
  {
    "id": "48621636-7255-4343-9e1c-0b680e8e9e58",
    "data": [
      {
        "text": "Délivrance possible produits contenant codéine sans ordonnance ?",
        "userDefined": false
      }
    ],
    "isTemplate": false,
    "count": 0,
    "updated": 1522593226
  },
  {
    "id": "dc1d0c6d-0b13-4f1b-93d6-5352dd1a2860",
    "data": [
      {
        "text": "Peut-on vendre la ventoline sans ordonnance si le patient en crise d asthme?",
        "userDefined": false
      }
    ],
    "isTemplate": false,
    "count": 0,
    "updated": 1522593226
  },
  {
    "id": "c7d1a8f6-8307-47d4-9fbc-3a2d80619f58",
    "data": [
      {
        "text": "zoloft : liste I ?",
        "userDefined": false
      }
    ],
    "isTemplate": false,
    "count": 0,
    "updated": 1522593226
  },
  {
    "id": "5ee37882-bb39-4905-be17-e8eb0ba55e61",
    "data": [
      {
        "text": "Peut-on délivrer à une femme sous pilule sans oubli du cytotec 4 cp le 14 ème jour du cycle puis 2 matin et soir 3j en même temps que sa pilule, pour éliminer des caillots dans le ventre causant des douleurs ?",
        "userDefined": false
      }
    ],
    "isTemplate": false,
    "count": 0,
    "updated": 1522593226
  },
  {
    "id": "fe538ae9-5c3e-49d6-9768-ead1d2937325",
    "data": [
      {
        "text": "Avez-vous des médecins qui prescrivent du Diazépam 2mg depuis le retrait du myolastan et que doit-on faire face à cette prescription hors amm, faut-il délivrer ?",
        "userDefined": false
      }
    ],
    "isTemplate": false,
    "count": 0,
    "updated": 1522593226
  },
  {
    "id": "3d5fdf67-e7be-44e7-a91f-096fbc53b880",
    "data": [
      {
        "text": "Cymbalta 60 mg est-il sur ordonnance uniquement ?",
        "userDefined": false
      }
    ],
    "isTemplate": false,
    "count": 0,
    "updated": 1522593226
  },
  {
    "id": "1e1424ae-51a5-4375-8a6e-d29e72e122e9",
    "data": [
      {
        "text": "Est-ce qu\u0027on peut délivrer des fleurs de Bach en pharmacie ?",
        "userDefined": false
      }
    ],
    "isTemplate": false,
    "count": 0,
    "updated": 1522593226
  },
  {
    "id": "8a57375e-7ef4-4005-afdb-36e2d3748c50",
    "data": [
      {
        "text": "une ancienne collègue a eu des produits prescrit par un nutri pour l\u0027aider ds son régime, je me souviens qu\u0027il contenait de nombreuse plantes dont le fucus. est il possible de s\u0027en procurer sans ordonnance?",
        "userDefined": false
      }
    ],
    "isTemplate": false,
    "count": 0,
    "updated": 1522593226
  },
  {
    "id": "c5eb3c42-ca60-4d56-929b-e73b4d75d176",
    "data": [
      {
        "text": "roaccutane : delivrance seulement si associé à contraception?!",
        "userDefined": false
      }
    ],
    "isTemplate": false,
    "count": 0,
    "updated": 1522593226
  },
  {
    "id": "8bb92d16-6932-45b0-bdb0-eddac885c112",
    "data": [
      {
        "text": "je suis encore mineure, j\u0027ai des problèmes de dépréssion, je voudrais savoir s\u0027il existe un anxiolitique ou un antistress que je pourrais obtenir sans ordonnance?",
        "userDefined": false
      }
    ],
    "isTemplate": false,
    "count": 0,
    "updated": 1522593226
  },
  {
    "id": "024e118c-669a-4825-9a9e-9eb5a6c1e9d4",
    "data": [
      {
        "text": "L\u0027aerius est-il vendu en libre service en pharmacie ?",
        "userDefined": false
      }
    ],
    "isTemplate": false,
    "count": 0,
    "updated": 1522593226
  },
  {
    "id": "a381840b-b66f-404e-9bee-148eabd26ff4",
    "data": [
      {
        "text": "Que faire face à la prescription de Salbutamol ou de Terbutaline en aérosol par un médecin généraliste (en urgence) ?",
        "userDefined": false
      }
    ],
    "isTemplate": false,
    "count": 0,
    "updated": 1522593226
  },
  {
    "id": "b8d06e4a-4957-4c88-a590-78e2fd0c8bdf",
    "data": [
      {
        "text": "Un médecin nous demande de ne délivrer du lexomil, du tramadol LP 200, du zolpidem que tous les trois jours. Je les ai donné lundi soir et dès ce matin, la patiente vient en réclamer à nouveau . J’ai contacté le médecin qui dit qu\u0027on redonne pour trois jours encore . Et si elle revient demain , je fais quoi ?",
        "userDefined": false
      }
    ],
    "isTemplate": false,
    "count": 0,
    "updated": 1522593226
  },
  {
    "id": "901b9067-62a5-45d3-897a-940e4a6d3083",
    "data": [
      {
        "text": "Ordonnance  avec cytotec par voie vaginale , il faut refuser la délivrance?",
        "userDefined": false
      }
    ],
    "isTemplate": false,
    "count": 0,
    "updated": 1522593226
  },
  {
    "id": "9411d677-a395-49c3-a548-ca20533d5abc",
    "data": [
      {
        "text": "advil  avec ou sans ordonnance  ?",
        "userDefined": false
      }
    ],
    "isTemplate": false,
    "count": 0,
    "updated": 1522593226
  },
  {
    "id": "4b7b2b7c-1fb3-42a8-a221-882dc989a613",
    "data": [
      {
        "text": "Faut-il obtenir un accord de soin d’une patiente handicapée avant de lui prescrire de la dépakine si son médecin a précisé «  non concernée » sur l’ordonnance ?",
        "userDefined": false
      }
    ],
    "isTemplate": false,
    "count": 0,
    "updated": 1522593226
  },
  {
    "id": "e164fb40-3b92-4b9e-8477-b453722630d2",
    "data": [
      {
        "text": "Puis-je trouver mon traitement par Iloprost à l\u0027officine ?",
        "userDefined": false
      }
    ],
    "isTemplate": false,
    "count": 0,
    "updated": 1522593226
  },
  {
    "id": "a7824398-098f-4a0c-ada5-586efbd8280b",
    "data": [
      {
        "text": "comment je pourrais me procurer du  gemzar sans ordonnance ?",
        "userDefined": false
      }
    ],
    "isTemplate": false,
    "count": 0,
    "updated": 1522593226
  },
  {
    "id": "8de24acc-73a0-4ecf-8747-a8a1732504ee",
    "data": [
      {
        "text": "Est-ce que vous vendez la pilule pour chatte (de chez Biocanina ou Clement-Thékan) bien qu\u0027elle soit listée ?",
        "userDefined": false
      }
    ],
    "isTemplate": false,
    "count": 0,
    "updated": 1522593226
  },
  {
    "id": "5b2c6723-9176-40c3-b0d0-7f0fac19d801",
    "data": [
      {
        "text": "Peut-on encore vendre du bleu de methylene?",
        "userDefined": false
      }
    ],
    "isTemplate": false,
    "count": 0,
    "updated": 1522593226
  },
  {
    "id": "f6edfb77-b9e7-4b6d-8497-6316c7cbac6b",
    "data": [
      {
        "text": "Peut-on délivrer 10 boîtes de skenan 10mg pour usage professionnel sur prescription d’un vétérinaire ?",
        "userDefined": false
      }
    ],
    "isTemplate": false,
    "count": 0,
    "updated": 1522593226
  },
  {
    "id": "230730bb-0fd5-46c0-95fb-c981964cefc8",
    "data": [
      {
        "text": "je souhaiterais savoir si l\u0027on peut acheter du vermifuge humain en sans ordonnance?",
        "userDefined": false
      }
    ],
    "isTemplate": false,
    "count": 0,
    "updated": 1522593226
  },
  {
    "id": "c97ea7be-e5c9-44c8-96b6-aabea7b90dbf",
    "data": [
      {
        "text": "Les produits homéopathiqus sont en vente libre ou uniquement sur ordonnace?",
        "userDefined": false
      }
    ],
    "isTemplate": false,
    "count": 0,
    "updated": 1522593226
  },
  {
    "id": "ab38b44b-564b-45b5-8125-fe5d38e044f4",
    "data": [
      {
        "text": "est ce que je peut acheter biomag sans ordonnance?",
        "userDefined": false
      }
    ],
    "isTemplate": false,
    "count": 0,
    "updated": 1522593226
  },
  {
    "id": "d7d22376-7de7-4c45-bfe7-56bad18979bf",
    "data": [
      {
        "text": "euphytose ?? Sans ordonnance ?",
        "userDefined": false
      }
    ],
    "isTemplate": false,
    "count": 0,
    "updated": 1522593226
  },
  {
    "id": "e3215a1c-fc41-4da1-8212-9b9b272c77e4",
    "data": [
      {
        "text": "Peut-on obtenir l\u0027isoror sans ordonnance ?",
        "userDefined": false
      }
    ],
    "isTemplate": false,
    "count": 0,
    "updated": 1522593226
  },
  {
    "id": "0d76d6c4-2e01-4894-bd37-0ba280d03728",
    "data": [
      {
        "text": "spotof sur ordonnance ?",
        "userDefined": false
      }
    ],
    "isTemplate": false,
    "count": 0,
    "updated": 1522593226
  },
  {
    "id": "b49793d8-6328-449b-864e-e7e7e014c50d",
    "data": [
      {
        "text": "diane 35 peut-elle etre délivrée au planning familial?",
        "userDefined": false
      }
    ],
    "isTemplate": false,
    "count": 0,
    "updated": 1522593226
  },
  {
    "id": "ea7a8972-2c9d-43c0-92f7-8578a50e6fc4",
    "data": [
      {
        "text": "faut il une ordonnance pour acheter un vaccin dt polio?",
        "userDefined": false
      }
    ],
    "isTemplate": false,
    "count": 1,
    "updated": 1522593226
  },
  {
    "id": "3be5b91e-7e4c-429f-aa11-7195471b4626",
    "data": [
      {
        "text": "peux t on obtenir de l\u0027acide folique sans ordonnance?",
        "userDefined": false
      }
    ],
    "isTemplate": false,
    "count": 0,
    "updated": 1522593226
  },
  {
    "id": "eeeff3f6-4058-4cb1-8d26-39df49f6582a",
    "data": [
      {
        "text": "Un pharmacien souhaite savoir s\u0027il peut délivrer un traitement de Methadone 90mg par jour pour un mois ?",
        "userDefined": false
      }
    ],
    "isTemplate": false,
    "count": 0,
    "updated": 1522593226
  },
  {
    "id": "b17f26f2-aa8c-439b-9381-55c538d0c718",
    "data": [
      {
        "text": "Est ce que l\u0027on vend de l\u0027homeopathie sans ordonnance en pharmacie ?",
        "userDefined": false
      }
    ],
    "isTemplate": false,
    "count": 0,
    "updated": 1522593226
  },
  {
    "id": "7969c187-9c16-4611-b391-43aebac3091b",
    "data": [
      {
        "text": "seroplex : liste II ?",
        "userDefined": false
      }
    ],
    "isTemplate": false,
    "count": 0,
    "updated": 1522593226
  },
  {
    "id": "8367c03d-5ec5-46b1-b3dc-cf41639e80ca",
    "data": [
      {
        "text": "est il possible de délivrer la totalité d\u0027une ordonnance (contraceptif) en une fois pour une personne résidant à l\u0027étranger avec une ordonnance française?",
        "userDefined": false
      }
    ],
    "isTemplate": false,
    "count": 0,
    "updated": 1522593226
  },
  {
    "id": "7bbcba8f-f4af-4dbd-97f0-733a4e33d9fb",
    "data": [
      {
        "text": "Comment procéder pour délivrer Aclasta, faut-il exiger un set de perfusion au médecin avec document de prise en charge? (Le formulaire de tarification qui existe depuis Mais 2016)",
        "userDefined": false
      }
    ],
    "isTemplate": false,
    "count": 0,
    "updated": 1522593226
  },
  {
    "id": "f891344b-7e1c-4008-834b-e12d047fa248",
    "data": [
      {
        "text": "Peut on se procurer une pommade anesthésiante sans ordonnance ?",
        "userDefined": false
      }
    ],
    "isTemplate": false,
    "count": 0,
    "updated": 1522593226
  },
  {
    "id": "9e18b70a-bcd3-47a9-aa91-d18d70323e20",
    "data": [
      {
        "text": "Pour quelles raisons le diclofenac flacon pressurisé de certains laboratoires n’est pas listés 2 alors que d\u0027autres le sont tout comme le princeps ?",
        "userDefined": false
      }
    ],
    "isTemplate": false,
    "count": 0,
    "updated": 1522593226
  },
  {
    "id": "f3f6f9c5-d006-4866-bdfc-f87222da5ed0",
    "data": [
      {
        "text": "conditions de délivrance du Lormétazépam ?",
        "userDefined": false
      }
    ],
    "isTemplate": false,
    "count": 0,
    "updated": 1522593226
  },
  {
    "id": "33f5d13b-fabb-4135-9ca4-f973ff5ef299",
    "data": [
      {
        "text": "Le julep gommeux au carbonate de calcium se délivre à partir de quel âge,  et en quelle quantité de carbonate de calcium ?",
        "userDefined": false
      }
    ],
    "isTemplate": false,
    "count": 0,
    "updated": 1522593226
  },
  {
    "id": "c919fc4e-954a-428e-b0e8-1d70bd5618ff",
    "data": [
      {
        "text": "puis-je avoir la pilule trinordiol au pharmacien mais sans ordonnance?",
        "userDefined": false
      }
    ],
    "isTemplate": false,
    "count": 0,
    "updated": 1522593226
  },
  {
    "id": "7ec26530-e795-440f-8a79-503d3aeae245",
    "data": [
      {
        "text": "millepertuis ..liste 1 ou liste 2??",
        "userDefined": false
      }
    ],
    "isTemplate": false,
    "count": 0,
    "updated": 1522593226
  },
  {
    "id": "b39922ef-6541-4adb-a657-ec9d761807cc",
    "data": [
      {
        "text": "Est-il possible de se procurer une pilule contraceptive sans consulter de médecin ?",
        "userDefined": false
      }
    ],
    "isTemplate": false,
    "count": 0,
    "updated": 1522593226
  },
  {
    "id": "25683bfe-51e3-48fd-b67a-a2df1d53aa73",
    "data": [
      {
        "text": "La levure de bière est elle en libre service ?",
        "userDefined": false
      }
    ],
    "isTemplate": false,
    "count": 0,
    "updated": 1522593226
  },
  {
    "id": "4d168da4-6d5b-4e8e-90f0-13b00ffff196",
    "data": [
      {
        "text": "La mélatonine est-elle en vente libre ?",
        "userDefined": false
      }
    ],
    "isTemplate": false,
    "count": 0,
    "updated": 1522593226
  },
  {
    "id": "d185301b-8097-4692-b4ab-20d5ec48310a",
    "data": [
      {
        "text": "Pour une prescription de Temgesic, 3 par jour pour 1 mois, on déconditionne ou pas?",
        "userDefined": false
      }
    ],
    "isTemplate": false,
    "count": 0,
    "updated": 1522593226
  },
  {
    "id": "4ebdc637-2fcd-4095-9ab7-22ee5a5b7fa8",
    "data": [
      {
        "text": "j\u0027ai cru comprendre que le zolpidem était en vente libre en belgique? ces information sont elles exacts?",
        "userDefined": false
      }
    ],
    "isTemplate": false,
    "count": 0,
    "updated": 1522593226
  },
  {
    "id": "088f95a1-cad6-4ecc-bc1e-cb16050d4ff0",
    "data": [
      {
        "text": "A-t-on le droit d\u0027honorer une prescription d\u0027actiskenan adressée par mail par l’hôpital, et  sinon quoi faire,  mettre en attente?",
        "userDefined": false
      }
    ],
    "isTemplate": false,
    "count": 0,
    "updated": 1522593226
  },
  {
    "id": "8dce60ce-2a74-4601-b0cc-d5667122c256",
    "data": [
      {
        "text": "Combien de mois de traitement de stilnox peuvent-être délivrés d\u0027un coups ?",
        "userDefined": false
      }
    ],
    "isTemplate": false,
    "count": 0,
    "updated": 1522593226
  },
  {
    "id": "8e22ae71-c09e-4751-9ce1-70fb0a6bf32f",
    "data": [
      {
        "text": "Une ordonnance de modiodal renouvelée par généraliste, à hauteur d’une posologie de  5 par jour, le patient n\u0027a pas l\u0027ordonnance du spécialiste, et me dit qu\u0027il en prend 6 par jour; que faire?",
        "userDefined": false
      }
    ],
    "isTemplate": false,
    "count": 0,
    "updated": 1522593226
  },
  {
    "id": "b781cbb3-7079-4691-827c-8ea23d11e0c1",
    "data": [
      {
        "text": "Peut-on faire un renouvellement exceptionnel pour une pilule dont l’ordonnance n\u0027est valable que pour 3 mois?",
        "userDefined": false
      }
    ],
    "isTemplate": false,
    "count": 0,
    "updated": 1522593226
  },
  {
    "id": "091eedc3-f609-47c3-9665-e636fa8a48eb",
    "data": [
      {
        "text": "faut il une ordonannce pour acheter de medicament?",
        "userDefined": false
      }
    ],
    "isTemplate": false,
    "count": 0,
    "updated": 1522593226
  },
  {
    "id": "1e0e48b8-3387-4d1e-a042-570945808f7a",
    "data": [
      {
        "text": "Une infirmière d\u0027un collège souhaite avoir du solumédrol injectable, fucidine crème, ventoline sans ordonnance car pas de médecin scolaire dans le secteur, puis-je délivrer ?",
        "userDefined": false
      }
    ],
    "isTemplate": false,
    "count": 0,
    "updated": 1522593226
  },
  {
    "id": "05963e8e-2ff9-4bf2-894a-b5902eef3850",
    "data": [
      {
        "text": "J’ai une prescription de bisprolol 2,5 par un généraliste (sur ordre du cardiologue qui ne fait pas d\u0027ordonnance) en remplacement du sotalol donc d\u0027après moi prescription hors amm, doit-on faire confirmer la prescription par un cardiologue (au médecin généraliste) ? On n\u0027est pas censé savoir qu\u0027il n\u0027est pas utilisé dans son indication.",
        "userDefined": false
      }
    ],
    "isTemplate": false,
    "count": 0,
    "updated": 1522593226
  },
  {
    "id": "143c6c35-1b26-4b06-83cc-b00664091ccc",
    "data": [
      {
        "text": "condition de délivrance de roaccutane ??",
        "userDefined": false
      }
    ],
    "isTemplate": false,
    "count": 0,
    "updated": 1522593226
  },
  {
    "id": "c2d0f8d6-266e-412c-925b-29cafda121f2",
    "data": [
      {
        "text": "effexor est liste 2 ?",
        "userDefined": false
      }
    ],
    "isTemplate": false,
    "count": 0,
    "updated": 1522593226
  },
  {
    "id": "e3c2e494-a091-45ef-8042-c0045a398649",
    "data": [
      {
        "text": "cotareg sur quelle liste ?",
        "userDefined": false
      }
    ],
    "isTemplate": false,
    "count": 0,
    "updated": 1522593226
  },
  {
    "id": "1aed4f2b-51f8-491a-8789-dfcde3b99c9b",
    "data": [
      {
        "text": "Quelle la formule a écrire sur une ordonnance pour délivrer des produits en avance ?",
        "userDefined": false
      }
    ],
    "isTemplate": false,
    "count": 0,
    "updated": 1522593226
  },
  {
    "id": "5cc95707-713f-4e0c-8725-0dc37cc426ef",
    "data": [
      {
        "text": "On a une prescription de botte de marche haute pour une fracture tibia péroné: on redirige le patient chez le médecin pour la pose?",
        "userDefined": false
      }
    ],
    "isTemplate": false,
    "count": 0,
    "updated": 1522593226
  },
  {
    "id": "1717e912-1867-4547-b3cb-550890b89a24",
    "data": [
      {
        "text": "prozac est liste 1 ?",
        "userDefined": false
      }
    ],
    "isTemplate": false,
    "count": 0,
    "updated": 1522593226
  },
  {
    "id": "945ae613-30ed-4ec9-9f4b-057a2c026e10",
    "data": [
      {
        "text": "prescription renouvellable pour roaccutane ?",
        "userDefined": false
      }
    ],
    "isTemplate": false,
    "count": 0,
    "updated": 1522593226
  },
  {
    "id": "59763c54-ba25-49f4-a685-ae7c7d2c53c8",
    "data": [
      {
        "text": "J\u0027ai un souci avec un médecin qui prescrit de l\u0027instanyl à un patient tous les 15 jours délivrance pour 28 jours , comment délivrer ?",
        "userDefined": false
      }
    ],
    "isTemplate": false,
    "count": 0,
    "updated": 1522593226
  },
  {
    "id": "01f6e1f2-3bf1-4e10-8c85-866f66b4b578",
    "data": [
      {
        "text": "umatrope est-il délivré sur ordonnance seulement ?",
        "userDefined": false
      }
    ],
    "isTemplate": false,
    "count": 0,
    "updated": 1522593226
  },
  {
    "id": "4a2dfe60-46b7-4ac6-acbc-71f930cf0b4a",
    "data": [
      {
        "text": "Puis-je me procurer un gel spermicide sans ordonnance ?",
        "userDefined": false
      }
    ],
    "isTemplate": false,
    "count": 0,
    "updated": 1522593226
  },
  {
    "id": "c8d3cc96-cdf9-453f-96b3-5bdff5a84192",
    "data": [
      {
        "text": "aujourd\u0027hui je suis très stressée et je voudrais reprendre du calcibronate . peut on se le procurer en pharmacie sans ordonnance ?",
        "userDefined": false
      }
    ],
    "isTemplate": false,
    "count": 0,
    "updated": 1522593226
  },
  {
    "id": "8c8fb420-cdf6-4dc1-92e0-85e75ddbeba0",
    "data": [
      {
        "text": "Ordonnance  étrangère de rivotril , on peut délivrer ?",
        "userDefined": false
      }
    ],
    "isTemplate": false,
    "count": 0,
    "updated": 1522593226
  },
  {
    "id": "67c14c92-995f-45b3-afa7-21cef1304926",
    "data": [
      {
        "text": "Le ciclosporine 0,5 en goutte est disponible en ville ou qu\u0027en PUI?",
        "userDefined": false
      }
    ],
    "isTemplate": false,
    "count": 0,
    "updated": 1522593226
  },
  {
    "id": "19ff5f3e-74de-4942-a4cb-5ed0be4cb44a",
    "data": [
      {
        "text": "stablon, nouvelle réglementation ?",
        "userDefined": false
      }
    ],
    "isTemplate": false,
    "count": 0,
    "updated": 1522593226
  },
  {
    "id": "5a17ff97-4b32-4f3f-99cb-42ae1b1218b9",
    "data": [
      {
        "text": "savez vous si j\u0027ai besoin d\u0027une ordo pour me procurer un vaccin ? notamment pour boostrix ?",
        "userDefined": false
      }
    ],
    "isTemplate": false,
    "count": 0,
    "updated": 1522593226
  },
  {
    "id": "de372d2c-8e0e-4c72-aab1-8b1a2ddc6eeb",
    "data": [
      {
        "text": "Combien je peux délivrer de boîtes cetornan 2 par jour pour une  ordonnance de 6 mois départ à l’étranger? y a t-il une limite réglementaire?",
        "userDefined": false
      }
    ],
    "isTemplate": false,
    "count": 0,
    "updated": 1522593226
  },
  {
    "id": "2f9a23b8-95e1-4524-8501-01e7b95bd37f",
    "data": [
      {
        "text": "Que faire vous en cas de prescription de seroplex + tercian et que le médecin maintient sa prescription, faut-il délivrer ?",
        "userDefined": false
      }
    ],
    "isTemplate": false,
    "count": 0,
    "updated": 1522593226
  },
  {
    "id": "96b33f8c-bf18-4d83-a626-d57039e7f4e8",
    "data": [
      {
        "text": "Est ce qu\u0027il est possible de préparer et délivrer une pommade saint louis sans ordonnance?",
        "userDefined": false
      }
    ],
    "isTemplate": false,
    "count": 0,
    "updated": 1522593226
  },
  {
    "id": "2e27a465-ee86-4049-a9ea-4c9c2f2515a0",
    "data": [
      {
        "text": "Pour réaliser un mélange d\u0027huile essentielles : doit-on avoir une prescription du médecin?",
        "userDefined": false
      }
    ],
    "isTemplate": false,
    "count": 0,
    "updated": 1522593226
  },
  {
    "id": "b7607c00-e187-46fb-8b28-d2ad58b30562",
    "data": [
      {
        "text": "Quelle dose de concerta peut-on délivrer au patient s’il ne se présente pas le jour de la prescription?",
        "userDefined": false
      }
    ],
    "isTemplate": false,
    "count": 0,
    "updated": 1522593226
  },
  {
    "id": "8a82d637-a6ed-4d0e-8c65-77c1c9358b3b",
    "data": [
      {
        "text": "Que faut-il délivrer quand on vous demande un mélange a priori instable de fungizone et NaHCO3 par exemple, ou Keal et NaHCO3 , etc .... ?",
        "userDefined": false
      }
    ],
    "isTemplate": false,
    "count": 0,
    "updated": 1522593226
  },
  {
    "id": "bc74b15e-50e4-4435-aa46-8fade0d88626",
    "data": [
      {
        "text": "A partir de combien de boites doit-on refuser une délivrance de Donormyl?",
        "userDefined": false
      }
    ],
    "isTemplate": false,
    "count": 0,
    "updated": 1522593226
  },
  {
    "id": "bad82354-75ca-46c0-9637-c9233b54c8c1",
    "data": [
      {
        "text": "Peut-on avoir du paracétamol injectable en officine ?",
        "userDefined": false
      }
    ],
    "isTemplate": false,
    "count": 0,
    "updated": 1522593226
  },
  {
    "id": "a0274d71-fa1b-4637-acf4-414e6f715552",
    "data": [
      {
        "text": "acheter du clomid en ligne ?",
        "userDefined": false
      }
    ],
    "isTemplate": false,
    "count": 0,
    "updated": 1522593226
  },
  {
    "id": "affc3bee-85b1-402e-aab1-b854676287b7",
    "data": [
      {
        "text": "mucomystendo dans nebulisateur en hors AMM vous délivrez?",
        "userDefined": false
      }
    ],
    "isTemplate": false,
    "count": 0,
    "updated": 1522593226
  },
  {
    "id": "522e1ae8-a00a-440b-a6af-f0dc35813124",
    "data": [
      {
        "text": "L\u0027acide borique en sachet (Cooper par exemple) se délivre sur ordonnance?",
        "userDefined": false
      }
    ],
    "isTemplate": false,
    "count": 0,
    "updated": 1522593226
  },
  {
    "id": "58819581-b33c-402d-adad-c5ffbcbed6aa",
    "data": [
      {
        "text": "Un pharmacien d\u0027officine souhaite savoir s\u0027il peut commander du MabThéra pour son stock ?",
        "userDefined": false
      }
    ],
    "isTemplate": false,
    "count": 0,
    "updated": 1522593226
  },
  {
    "id": "c5392c99-05fe-492f-88b7-3e458f414589",
    "data": [
      {
        "text": "je voudrais savoir si on peut se procurer du zolpidem sans ordonnance ?",
        "userDefined": false
      }
    ],
    "isTemplate": false,
    "count": 0,
    "updated": 1522593226
  },
  {
    "id": "b005d6f3-85b4-43d5-9277-6a38bcedf207",
    "data": [
      {
        "text": "Un homme vient et demande du solupred pour sa femme qui fait une crise d\u0027asthme. Nous avons refusé de délivrer le solupred mais nous l\u0027avons dépanné avec de la ventoline car elle en prend régulièrement. Est-ce que c’est la bonne démarche d’un point de vue légal ?",
        "userDefined": false
      }
    ],
    "isTemplate": false,
    "count": 0,
    "updated": 1522593226
  },
  {
    "id": "4eb97b99-d2fc-40a4-a39b-d36a5ae666eb",
    "data": [
      {
        "text": "Puis-je délivrer de la ritaline prescrite pour un adulte sachant que c’est un stupéfiant délivrables hors AMM?",
        "userDefined": false
      }
    ],
    "isTemplate": false,
    "count": 0,
    "updated": 1522593226
  },
  {
    "id": "5e8bace6-6c74-44b4-9de9-6a5347245905",
    "data": [
      {
        "text": "duphaston : consitions de délivrance?",
        "userDefined": false
      }
    ],
    "isTemplate": false,
    "count": 0,
    "updated": 1522593226
  },
  {
    "id": "9a9d7da5-cace-4fcf-a783-72b7080de8c4",
    "data": [
      {
        "text": "comment faire pour me procurer de la furosémide(lasilix)?",
        "userDefined": false
      }
    ],
    "isTemplate": false,
    "count": 0,
    "updated": 1522593226
  },
  {
    "id": "0ed148b4-09b0-4182-a707-6f69b728a196",
    "data": [
      {
        "text": "obligation d\u0027ordonnance désobel ?",
        "userDefined": false
      }
    ],
    "isTemplate": false,
    "count": 0,
    "updated": 1522593226
  },
  {
    "id": "2053f914-1f9a-4fa5-aed7-65c0d3e97b04",
    "data": [
      {
        "text": "ici en belgique ils refusent de me vendre de la teinture mère de damiana sans ordonnance ! est ce normal, est ce que en france c\u0027est en vente libre ?",
        "userDefined": false
      }
    ],
    "isTemplate": false,
    "count": 0,
    "updated": 1522593226
  },
  {
    "id": "7ae453ce-b34b-4873-bbb6-9b3fa50647a0",
    "data": [
      {
        "text": "je souhaite savoir si le tardyferon b9 est sur ordonnance ou pas ?",
        "userDefined": false
      }
    ],
    "isTemplate": false,
    "count": 0,
    "updated": 1522593226
  },
  {
    "id": "fc266924-104b-4bb8-96c4-5ea5e0bad33e",
    "data": [
      {
        "text": "vaccins sur ordonnance ?",
        "userDefined": false
      }
    ],
    "isTemplate": false,
    "count": 0,
    "updated": 1522593226
  },
  {
    "id": "026155db-92ff-464d-92ac-7cd8f256833e",
    "data": [
      {
        "text": "est ce qu\u0027une ordonnance est nécessaire pour avoir des ovules de gynopevaryl en pharmacie?",
        "userDefined": false
      }
    ],
    "isTemplate": false,
    "count": 0,
    "updated": 1522593226
  },
  {
    "id": "39da09d2-6dd4-4ef8-b7da-5c7899fed7c7",
    "data": [
      {
        "text": "Face à une personne connue comme surconsomatrice de klipal et de xanax, interdite de remboursement à la sécurité sociale, faut-il opter pour une délivrance payante ou un refus de délivrance?",
        "userDefined": false
      }
    ],
    "isTemplate": false,
    "count": 0,
    "updated": 1522593226
  },
  {
    "id": "5ae9242e-69c3-4d43-80cd-204e2fe45801",
    "data": [
      {
        "text": "Keforal 6g/jour prescrit  par le médecin hospitalier pour infection osteo-articulaires , est-ce que je peux délivrer ?",
        "userDefined": false
      }
    ],
    "isTemplate": false,
    "count": 0,
    "updated": 1522593226
  },
  {
    "id": "e161f547-7902-41b9-8778-be4faf02c207",
    "data": [
      {
        "text": "J\u0027ai une ordonnance de firdapse pour une maladie orpheline faite par un médecin généraliste, puis-je délivrer ?",
        "userDefined": false
      }
    ],
    "isTemplate": false,
    "count": 0,
    "updated": 1522593226
  },
  {
    "id": "fbea1203-8ca7-473e-a4de-7ed7ff416408",
    "data": [
      {
        "text": "spasfon peut il etre génériqué?",
        "userDefined": false
      }
    ],
    "isTemplate": false,
    "count": 0,
    "updated": 1522593226
  },
  {
    "id": "30de39b1-0adb-4899-a7dc-5961b6a7d331",
    "data": [
      {
        "text": "est ce qu\u0027il faut avoir une ordonnance pour acheter un tardyféron?",
        "userDefined": false
      }
    ],
    "isTemplate": false,
    "count": 0,
    "updated": 1522593226
  },
  {
    "id": "4492240d-22ba-4a12-8c1d-407fb7b7623d",
    "data": [
      {
        "text": "Est-ce que les pharmacies de ville sont autorisées à délivrer Sovaldi ?",
        "userDefined": false
      }
    ],
    "isTemplate": false,
    "count": 0,
    "updated": 1522593226
  },
  {
    "id": "d3825c6e-be0b-4d95-a596-c3e39e2a00a6",
    "data": [
      {
        "text": "est-ce qu\u0027il est possible de se procurer le vaccin contre la grippe saisonnière sans ordonnace?",
        "userDefined": false
      }
    ],
    "isTemplate": false,
    "count": 0,
    "updated": 1522593226
  },
  {
    "id": "cbb19305-af76-44f2-9bcf-a999e3649bc2",
    "data": [
      {
        "text": "Combien de paires de CHUT un pharmacien peut-il délivrer par an ?",
        "userDefined": false
      }
    ],
    "isTemplate": false,
    "count": 0,
    "updated": 1522593226
  }
]