[
  {
    "id": "8cb45860-9f05-4278-a9f4-5b6661d08a01",
    "data": [
      {
        "text": "le prix du générique lisinopril 20mg est passé subitement de 12,39€ à 13,25€ , est ce normal?",
        "userDefined": false
      }
    ],
    "isTemplate": false,
    "count": 0,
    "updated": 1522593226
  },
  {
    "id": "9bc389cf-ba83-4b43-85cc-107ee10eda64",
    "data": [
      {
        "text": "je souhaiterais savoir quel est le prix du vermifuge humain ?",
        "userDefined": false
      }
    ],
    "isTemplate": false,
    "count": 0,
    "updated": 1522593226
  },
  {
    "id": "ce9c7c42-c35b-4146-a486-a4ea751c423b",
    "data": [
      {
        "text": "je voudrais commencer une cure de cystine b6. j ai entendu dire qu en france le prix etait de 3 € ?",
        "userDefined": false
      }
    ],
    "isTemplate": false,
    "count": 0,
    "updated": 1522593226
  },
  {
    "id": "9fbea89e-c557-4c95-b146-4d25a9d7a49d",
    "data": [
      {
        "text": "j\u0027ai arrêté cycléane 20 il y a 4 ans et là j\u0027attends mes règles pour pouvoir la reprendre. je voudrais savoir combien coûtent les 3 plaquettes maintenant ?",
        "userDefined": false
      }
    ],
    "isTemplate": false,
    "count": 0,
    "updated": 1522593226
  },
  {
    "id": "ab0e3438-75f0-4e00-b199-24177bdc6d18",
    "data": [
      {
        "text": "obligé de payer mon rivotril 50 euros la bouteille , normal ?",
        "userDefined": false
      }
    ],
    "isTemplate": false,
    "count": 1,
    "updated": 1522593226
  },
  {
    "id": "67632bcd-770b-4390-9422-cdf6d8c95a82",
    "data": [
      {
        "text": "cérazette ? Combien ça coûte ?",
        "userDefined": false
      }
    ],
    "isTemplate": false,
    "count": 0,
    "updated": 1522593226
  },
  {
    "id": "6865de70-f02f-465c-8d25-10b1ad6e14b4",
    "data": [
      {
        "text": "tarif trinordiol?",
        "userDefined": false
      }
    ],
    "isTemplate": false,
    "count": 0,
    "updated": 1522593226
  },
  {
    "id": "d9c85ba9-f2a6-4171-b961-f19f06bac115",
    "data": [
      {
        "text": "Quel est le prix du générique biogaran de mercilon ?",
        "userDefined": false
      }
    ],
    "isTemplate": false,
    "count": 0,
    "updated": 1522593226
  },
  {
    "id": "cadf969b-8789-4dbf-a45d-ac714e9583ab",
    "data": [
      {
        "text": "prix cycléane 20 ?",
        "userDefined": false
      }
    ],
    "isTemplate": false,
    "count": 0,
    "updated": 1522593226
  },
  {
    "id": "fd24d19d-c370-47bb-8077-7a170029670e",
    "data": [
      {
        "text": "combien coute le gardasil ?",
        "userDefined": false
      }
    ],
    "isTemplate": false,
    "count": 0,
    "updated": 1522593226
  },
  {
    "id": "8b0ba76e-3ed8-4997-b170-6ef2f33e26a9",
    "data": [
      {
        "text": "je pense commencer folliculinum, combien ca coûte ?",
        "userDefined": false
      }
    ],
    "isTemplate": false,
    "count": 0,
    "updated": 1522593226
  },
  {
    "id": "4ec602a2-6329-43c8-9a52-a3df03354703",
    "data": [
      {
        "text": "est ce que quelqu\u0027un c\u0027est combien coute minesse svp ?",
        "userDefined": false
      }
    ],
    "isTemplate": false,
    "count": 0,
    "updated": 1522593226
  },
  {
    "id": "cd85c1e9-2821-4d0e-8bd4-ae0909caffb2",
    "data": [
      {
        "text": "norset ? Coût ?",
        "userDefined": false
      }
    ],
    "isTemplate": false,
    "count": 0,
    "updated": 1522593226
  },
  {
    "id": "09c5c240-7f60-4675-a2bc-de6fb2968622",
    "data": [
      {
        "text": "Combien coute la pilule jasminelle?",
        "userDefined": false
      }
    ],
    "isTemplate": false,
    "count": 0,
    "updated": 1522593226
  },
  {
    "id": "c901bcfa-5cc1-426b-bb99-d816903dae09",
    "data": [
      {
        "text": "mopral : quel tarif ?",
        "userDefined": false
      }
    ],
    "isTemplate": false,
    "count": 0,
    "updated": 1522593226
  },
  {
    "id": "a1904ae8-4fe1-4bb2-a30a-4cf99e0bd72f",
    "data": [
      {
        "text": "prix d\u0027une boite de propécia ?",
        "userDefined": false
      }
    ],
    "isTemplate": false,
    "count": 0,
    "updated": 1522593226
  },
  {
    "id": "196b0421-468b-4eef-8d68-1ba2a8cb5f38",
    "data": [
      {
        "text": "quelqu\u0027un en connaitrait le prix du  sirop \"stimunal\" ?",
        "userDefined": false
      }
    ],
    "isTemplate": false,
    "count": 0,
    "updated": 1522593226
  },
  {
    "id": "2d402b69-2405-492f-95cd-cc3bcb4a643a",
    "data": [
      {
        "text": "pour celle qui fait les vaccins obligatoires chez leur medecin et non au pmi ça côut combien ?",
        "userDefined": false
      }
    ],
    "isTemplate": false,
    "count": 0,
    "updated": 1522593226
  },
  {
    "id": "84f131dd-aa61-42e9-ba68-e55ab8ae7853",
    "data": [
      {
        "text": "le prix de androgel en France ?",
        "userDefined": false
      }
    ],
    "isTemplate": false,
    "count": 0,
    "updated": 1522593226
  },
  {
    "id": "56d464fc-24d7-44f9-a5e0-490ff5fd948e",
    "data": [
      {
        "text": "Quelle est la pilule générique la moins cher?",
        "userDefined": false
      }
    ],
    "isTemplate": false,
    "count": 0,
    "updated": 1522593226
  },
  {
    "id": "67c3ca6c-adb6-482a-b4ba-f5fa53f25b81",
    "data": [
      {
        "text": "je voudrais savoir le prix du clomid",
        "userDefined": false
      }
    ],
    "isTemplate": false,
    "count": 0,
    "updated": 1522593226
  },
  {
    "id": "3b7cf718-16b2-49ff-b40b-9c0c5e694575",
    "data": [
      {
        "text": "Combien coute qlaira ?",
        "userDefined": false
      }
    ],
    "isTemplate": false,
    "count": 0,
    "updated": 1522593226
  },
  {
    "id": "54d0c19b-0404-46eb-87c0-de95db2ec9a8",
    "data": [
      {
        "text": "combien coût la boite de biomag?",
        "userDefined": false
      }
    ],
    "isTemplate": false,
    "count": 0,
    "updated": 1522593226
  },
  {
    "id": "6aefcb9e-e0f3-45ca-887f-53e589f22bdd",
    "data": [
      {
        "text": "daily gé : est-ce cher ?",
        "userDefined": false
      }
    ],
    "isTemplate": false,
    "count": 0,
    "updated": 1522593226
  },
  {
    "id": "8797656a-8453-4b63-94ec-7d8f14023f76",
    "data": [
      {
        "text": "xénical est vendu à combien?",
        "userDefined": false
      }
    ],
    "isTemplate": false,
    "count": 0,
    "updated": 1522593226
  },
  {
    "id": "ff349939-c47f-4a9d-a218-66df7fac2791",
    "data": [
      {
        "text": "combien coûte effexor lp en france? s.v.p.",
        "userDefined": false
      }
    ],
    "isTemplate": false,
    "count": 0,
    "updated": 1522593226
  },
  {
    "id": "e5fa6f18-bfac-4145-a1f2-11c529585dd2",
    "data": [
      {
        "text": "Quel est le prix de vente d\u0027une boîte de Tecfidera 240 mg de 56 gélules?",
        "userDefined": false
      }
    ],
    "isTemplate": false,
    "count": 0,
    "updated": 1522593226
  },
  {
    "id": "6e862c06-cad5-4c35-8dfb-003a21ff6956",
    "data": [
      {
        "text": "diane 35, prix ?",
        "userDefined": false
      }
    ],
    "isTemplate": false,
    "count": 0,
    "updated": 1522593226
  },
  {
    "id": "abfdb144-8453-49c7-85b0-d3d87428fb52",
    "data": [
      {
        "text": "Combien coute une boite de propécia ?",
        "userDefined": false
      }
    ],
    "isTemplate": false,
    "count": 0,
    "updated": 1522593226
  },
  {
    "id": "324d6635-e4c5-4a41-8a79-dbadf6bb9a58",
    "data": [
      {
        "text": "le prix de androgel en france??",
        "userDefined": false
      }
    ],
    "isTemplate": false,
    "count": 0,
    "updated": 1522593226
  },
  {
    "id": "e02abb68-eae8-40cc-a171-2256e46c87f4",
    "data": [
      {
        "text": "Est-ce que quelqu\u0027un connait le prix exacte de la pillule belara?",
        "userDefined": false
      }
    ],
    "isTemplate": false,
    "count": 0,
    "updated": 1522593226
  },
  {
    "id": "2296dbe9-2af5-459c-aab1-625a34228e49",
    "data": [
      {
        "text": "transpiration excessive,  le jaborandi, quel coût?",
        "userDefined": false
      }
    ],
    "isTemplate": false,
    "count": 0,
    "updated": 1522593226
  },
  {
    "id": "6e13d12f-8fa5-4a1c-8eb8-ed86a54aa0ec",
    "data": [
      {
        "text": "combien coûte environ une boite de 100 (ou même de 30 comprimés) tranquital ?",
        "userDefined": false
      }
    ],
    "isTemplate": false,
    "count": 0,
    "updated": 1522593226
  },
  {
    "id": "ae4c4767-da83-49d7-baf6-354152fca194",
    "data": [
      {
        "text": "prix vignette tegretol ?",
        "userDefined": false
      }
    ],
    "isTemplate": false,
    "count": 0,
    "updated": 1522593226
  },
  {
    "id": "186cecdc-e603-4dc3-bb22-7a755b8d1e56",
    "data": [
      {
        "text": "quel est le prix public de la rosavastatine?",
        "userDefined": false
      }
    ],
    "isTemplate": false,
    "count": 0,
    "updated": 1522593226
  },
  {
    "id": "0b4f4816-8b5f-4490-abaf-9c383db94e22",
    "data": [
      {
        "text": "combient coute le vaccin ror en pharmacie?",
        "userDefined": false
      }
    ],
    "isTemplate": false,
    "count": 0,
    "updated": 1522593226
  },
  {
    "id": "07261fac-30bc-4a50-a7c8-e58765f8d8c7",
    "data": [
      {
        "text": "microval : prix en pharmacie?",
        "userDefined": false
      }
    ],
    "isTemplate": false,
    "count": 0,
    "updated": 1522593226
  },
  {
    "id": "cf08c6bb-33fc-4503-95c6-3e17502a8338",
    "data": [
      {
        "text": "Est-ce que le Tahor est beaucoup plus cher que les génériques ?",
        "userDefined": false
      }
    ],
    "isTemplate": false,
    "count": 0,
    "updated": 1522593226
  },
  {
    "id": "10756ff2-4c81-458e-aa58-438acb682264",
    "data": [
      {
        "text": "A quel prix puis-je trouvé du vermifuge humain ?",
        "userDefined": false
      }
    ],
    "isTemplate": false,
    "count": 0,
    "updated": 1522593226
  },
  {
    "id": "8b0eeb74-659d-49c3-a4ef-66eeb425e7c8",
    "data": [
      {
        "text": "combien coûte effexor lp en France ?",
        "userDefined": false
      }
    ],
    "isTemplate": false,
    "count": 0,
    "updated": 1522593226
  },
  {
    "id": "831cda91-350f-479d-a3f3-cf74547fc767",
    "data": [
      {
        "text": "prix du zyban ?",
        "userDefined": false
      }
    ],
    "isTemplate": false,
    "count": 0,
    "updated": 1522593226
  },
  {
    "id": "d65655d1-7269-47ee-bc7d-4579b50f0366",
    "data": [
      {
        "text": "le jaborandi est à quel prix ?",
        "userDefined": false
      }
    ],
    "isTemplate": false,
    "count": 0,
    "updated": 1522593226
  },
  {
    "id": "d495f176-320d-46eb-bfd5-669a4f692920",
    "data": [
      {
        "text": "quel est le prix du deroxat ?",
        "userDefined": false
      }
    ],
    "isTemplate": false,
    "count": 0,
    "updated": 1522593226
  },
  {
    "id": "80c2141e-4d63-4d87-a6eb-f3c5e20f4f3e",
    "data": [
      {
        "text": "minesse tarif??",
        "userDefined": false
      }
    ],
    "isTemplate": false,
    "count": 0,
    "updated": 1522593226
  }
]