[
  {
    "id": "d61946e3-9b82-4057-a186-1de08bf60cda",
    "data": [
      {
        "text": "bonjour, je me suis réveillée dimanche matin avec de l\u0027urticaire sur les jambes et un peu sur les bras.. je suis allée voir mon médecin hier, il en a déduit que c\u0027était une allergie au stresam (j\u0027ai arrêté mon traitement dès dimanche matin) et m\u0027a prescrit poralamine. j\u0027en ai pris 2 hier soir mais en me levant ce matin, j\u0027ai vu que j\u0027avais à présent de l\u0027urticaire sur le décolleté et sur les bras et les mains. c\u0027est bien moins important que sur les jambes mais quand même! je m\u0027inquiète : est-ce normal que l\u0027urticaire continue de \"monter\" malgré le poralamine? dois-je craindre un oedème de quincke? merci",
        "userDefined": false
      }
    ],
    "isTemplate": false,
    "count": 0,
    "updated": 1522593570
  },
  {
    "id": "f32fd1e4-ea11-46b6-be74-1c39b0897796",
    "data": [
      {
        "text": "pdt combien de temps les effets secondaires.à l\u0027arrêt du deroxat?",
        "userDefined": false
      }
    ],
    "isTemplate": false,
    "count": 0,
    "updated": 1522593570
  },
  {
    "id": "cbaee1ea-348f-4fc8-bebc-bbfe8b4c40d1",
    "data": [
      {
        "text": "si une mauvaise réaction ou si des complications suivent un vaccin contre l\u0027hépatite b, combien de temps après l\u0027injection cela arive t-il, du moins à partir de quand peut-on se dire qu\u0027il n\u0027y a pas de mauvaise réaction ou complication?",
        "userDefined": false
      }
    ],
    "isTemplate": false,
    "count": 0,
    "updated": 1522593570
  },
  {
    "id": "507dc577-ceab-4ccf-8f50-32cb79e4a878",
    "data": [
      {
        "text": "je prends du bromazepam. combien de temps dure l\u0027effet rebond décrit dans la notice ?",
        "userDefined": false
      }
    ],
    "isTemplate": false,
    "count": 0,
    "updated": 1522593570
  },
  {
    "id": "1e68ac5b-f275-498f-b5cf-2e25c8309d45",
    "data": [
      {
        "text": "combien de temps dure les effets indésirables du vaccin ror ?",
        "userDefined": false
      }
    ],
    "isTemplate": false,
    "count": 0,
    "updated": 1522593570
  },
  {
    "id": "15851f36-7c32-4b7c-bfd7-7758f2cf8b04",
    "data": [
      {
        "text": "je me susi fait poser un stérilet en cuivre flexi t voici 5 semaines. a mes premieres règles depuis la pose , qui ont été extremement abondantes, j\u0027ai fait plusieurs malaises et baisses de tension. cela se calme t il avec le temps?",
        "userDefined": false
      }
    ],
    "isTemplate": false,
    "count": 0,
    "updated": 1522593570
  },
  {
    "id": "06e7aa96-7274-448b-a6a5-56bbd2ac6a39",
    "data": [
      {
        "text": "au bout de combien de semaines les effets secondaires du seropram disparaissent ?",
        "userDefined": false
      }
    ],
    "isTemplate": false,
    "count": 0,
    "updated": 1522593570
  },
  {
    "id": "495ae232-071c-437d-a879-980febe1fbaf",
    "data": [
      {
        "text": "xanax, ixel ,stilnox,les effets des 1er jours partent qd?",
        "userDefined": false
      }
    ],
    "isTemplate": false,
    "count": 0,
    "updated": 1522593570
  },
  {
    "id": "b8471e5e-4dbc-47f6-bdb5-cb622e4b897b",
    "data": [
      {
        "text": "je me suis faite poser le stérilet mirena il y a 6 jours, et j\u0027ai des petites pertes de sang ; est ce que ça devrait s\u0027estomper tout seul et au bout de combien de temps ?",
        "userDefined": false
      }
    ],
    "isTemplate": false,
    "count": 0,
    "updated": 1522593570
  },
  {
    "id": "492653b9-a740-464c-8524-99d2fc28f1e1",
    "data": [
      {
        "text": "je prend la pilule triella depuis 2semaines et j\u0027ai l\u0027impression que ma poitrine a déjà grossi. elle est plus galbé et dure contrairement à avant !! cela va t\u0027il continuer ?? va t\u0027elle encore grossir ou s’arrêter dans ls mois à venir ??",
        "userDefined": false
      }
    ],
    "isTemplate": false,
    "count": 0,
    "updated": 1522593570
  },
  {
    "id": "47678af1-3704-4064-a72c-eb5f11275923",
    "data": [
      {
        "text": "après minulet, quand reviennent les règles?",
        "userDefined": false
      }
    ],
    "isTemplate": false,
    "count": 0,
    "updated": 1522593570
  },
  {
    "id": "39af9b17-4e28-4321-bcb6-4ca0989f1dcf",
    "data": [
      {
        "text": "mirena donne des boutons jusqu\u0027à quand ?",
        "userDefined": false
      }
    ],
    "isTemplate": false,
    "count": 0,
    "updated": 1522593570
  },
  {
    "id": "5fc22a0b-fc1b-441d-9f50-3827b13b1a94",
    "data": [
      {
        "text": "c le premier mois ke j\u0027utilise trinordiol et g des perte brunes est-ce ça va durer longtemps ?",
        "userDefined": false
      }
    ],
    "isTemplate": false,
    "count": 0,
    "updated": 1522593570
  },
  {
    "id": "2a54e4b4-c11b-43db-96fe-4ab689a32efd",
    "data": [
      {
        "text": "je prend la pilule jasmine depuis 1 semaine environ et j\u0027aid es nausées terribles. est ce que ces effets passent au bout d\u0027un certain temps?",
        "userDefined": false
      }
    ],
    "isTemplate": false,
    "count": 0,
    "updated": 1522593570
  },
  {
    "id": "3d88ca59-520d-4dd2-ac4c-8de8ca2d0adc",
    "data": [
      {
        "text": "pose de stérilet mirena : combien de temps les pertes de sang ?",
        "userDefined": false
      }
    ],
    "isTemplate": false,
    "count": 1,
    "updated": 1522593570
  },
  {
    "id": "dcde9036-d880-432e-a9da-d6983eb4df67",
    "data": [
      {
        "text": "combien de temps dure l\u0027effet secondaire du seropram?",
        "userDefined": false
      }
    ],
    "isTemplate": false,
    "count": 0,
    "updated": 1522593570
  },
  {
    "id": "56799987-8f50-4f47-baa7-4cea60e0fc7a",
    "data": [
      {
        "text": "pendant combien de temps les effets secondaires à l\u0027arrêt du deroxat?",
        "userDefined": false
      }
    ],
    "isTemplate": false,
    "count": 0,
    "updated": 1522593570
  },
  {
    "id": "ea0a3310-9919-4eec-a394-987a853d2bbe",
    "data": [
      {
        "text": "je prends du solian comme 50mg comme anxiolytique. le probleme est que je n arrive plus a avoir d erection. est ce que quelqu\u0027un peut me dire combien de temps après l\u0027arrêt du solian tout reviendra à la normale ?",
        "userDefined": false
      }
    ],
    "isTemplate": false,
    "count": 0,
    "updated": 1522593570
  },
  {
    "id": "25e3d3a3-21cd-480b-8cf5-5733b3c59a25",
    "data": [
      {
        "text": "j\u0027ai dû arrêter le deroxat. cela fait un mois maintenant, mais j\u0027ai des symptômes persistants, et assez invalidants : de gros vertiges, du mal à me concentrer sur les choses, l\u0027impression d\u0027avoir du mal à respirer ou de devoir faire l\u0027effort de respirer .. je prends un peu de lexomil quand ça arrive, mais les symptômes persistent !combien de temps encore devrai-je les subir ?",
        "userDefined": false
      }
    ],
    "isTemplate": false,
    "count": 0,
    "updated": 1522593570
  },
  {
    "id": "b8a56a08-104d-46d9-8e22-d18cb905dd11",
    "data": [
      {
        "text": "g deja pris minidril auparavant et la je suis entrain de le reprendre. g bien suivi les regles et je l\u0027ai prise le premier jour des regles. le pb c ke je ne comprends pas pkoi g encore des traces de sang. est ce normal ke les regles puissent durer si longtps?",
        "userDefined": false
      }
    ],
    "isTemplate": false,
    "count": 0,
    "updated": 1522593570
  },
  {
    "id": "9b3904ef-7fd6-4fd0-96a8-a6e2ba0c9333",
    "data": [
      {
        "text": "Combien de temps durent les démangeaisons après le vaccin h1n1 ?",
        "userDefined": false
      }
    ],
    "isTemplate": false,
    "count": 0,
    "updated": 1522593570
  },
  {
    "id": "d0d00319-1127-412a-b2a4-3f93cc6123dc",
    "data": [
      {
        "text": "bonjour,  je vais bientôt prendre la pillule pour la 1ere fois (c\u0027est trinordiol). j\u0027aimerais savoir au bout de comment bien de temps notre corps s\u0027y habitue? et est-ce que les saignements qui peuvent se produire durant le cycle ressemblent aux règles ou bien si c\u0027est différent? merci.",
        "userDefined": false
      }
    ],
    "isTemplate": false,
    "count": 0,
    "updated": 1522593570
  },
  {
    "id": "1a77d2ed-af1d-4306-b372-3e1384effbe4",
    "data": [
      {
        "text": "j\u0027ai changé récemment de pilule, je suis passé de trinordiol à tricilest. j\u0027ai enchainé les plaquettes, mais j\u0027ai des spotting et depuis ça n\u0027arrete pas. je prend la pilule jusqu\u0027à jeudi et donc je devrais avoir mes règles à ce moment. est-ce que le spotting va cesser qd je reprendrai ma pilule ?",
        "userDefined": false
      }
    ],
    "isTemplate": false,
    "count": 0,
    "updated": 1522593570
  },
  {
    "id": "2753aecb-5906-45cf-9115-6e45d3cd6ce0",
    "data": [
      {
        "text": "depuis la prise de triela, toutes les nuits vers 3h30  j\u0027ai une nausée atroce .. est-ce que ca va durée tout au long de la prise de la pilule ?",
        "userDefined": false
      }
    ],
    "isTemplate": false,
    "count": 0,
    "updated": 1522593570
  },
  {
    "id": "e39f5f8d-d4f4-4664-bdbb-69e38c4bade5",
    "data": [
      {
        "text": "abilify: insomnie pour toujours ?",
        "userDefined": false
      }
    ],
    "isTemplate": false,
    "count": 0,
    "updated": 1522593570
  },
  {
    "id": "60793c43-6a6f-4533-bc90-80a4d72a6d74",
    "data": [
      {
        "text": "combien de temps dure l\u0027effet secondaire du deroxat?",
        "userDefined": false
      }
    ],
    "isTemplate": false,
    "count": 0,
    "updated": 1522593570
  },
  {
    "id": "aea943ff-1f49-4ba7-8103-49a5e557e4ad",
    "data": [
      {
        "text": "je prends la pilule depuis plus d\u0027 un an, la semaine dernière était ma semaine d\u0027 arrêt. je devais donc reprendre ma pilule en début de semaine mais j\u0027 ai oublié ma plaquette. je l\u0027 ai donc recommencée ce soir; je voudrais savoir à partir de combien de temps elle va refaire effet.",
        "userDefined": false
      }
    ],
    "isTemplate": false,
    "count": 0,
    "updated": 1522593570
  },
  {
    "id": "948501ec-8daa-4d03-ae68-276358cec05f",
    "data": [
      {
        "text": "un diu cuivre (ut380 short) m\u0027a été posé en plein milieu de cycle ; outre les douleurs importantes lors de la pose, j\u0027ai eu un saignement important deux heures environ après et depuis la pose, les douleurs ne s\u0027estompent pas et les saignements, bien qu\u0027intermittants, non plus ; quelqu\u0027un pourrait-il me dire combien de temps cela peut il durer ?",
        "userDefined": false
      }
    ],
    "isTemplate": false,
    "count": 0,
    "updated": 1522593570
  },
  {
    "id": "ed83d51a-0bdb-4ad9-b89b-f01cf6b670a5",
    "data": [
      {
        "text": "mirena \u003d acné, mais est-ce que ça s\u0027estompe avec le temps ?",
        "userDefined": false
      }
    ],
    "isTemplate": false,
    "count": 0,
    "updated": 1522593570
  },
  {
    "id": "aca84d80-04fb-46c6-92d6-c857ff2a7911",
    "data": [
      {
        "text": "je viens de commencer holgyème il y a 3 jours, les heures qui suivent la prise du comprimé j\u0027ai mal au coeur,nausées et mal au crâne. Est-ce que ces symptomes se prolongent dans le temps ?",
        "userDefined": false
      }
    ],
    "isTemplate": false,
    "count": 0,
    "updated": 1522593570
  },
  {
    "id": "a3adbb84-e6f0-449f-9387-df8d3da17dd6",
    "data": [
      {
        "text": "Y a-t-il une periode d\u0027adaptation au Deroxat ?",
        "userDefined": false
      }
    ],
    "isTemplate": false,
    "count": 0,
    "updated": 1522593570
  },
  {
    "id": "ddf23f49-50d2-4283-a1c0-3d255e882d97",
    "data": [
      {
        "text": "je suis sous salazopyrine. au point de peut-être arrêter le traitement, j\u0027ai une agressivité, une irritabilité, énervement, une sorte de tremblements dans les bras, et une sensation que tout mes muscles se crispent surtout ceux de la machoire et du cou. avec le temps cela c\u0027est-il apaisé ??.",
        "userDefined": false
      }
    ],
    "isTemplate": false,
    "count": 0,
    "updated": 1522593570
  },
  {
    "id": "4f147252-9933-46a8-a245-502ab47bd5f2",
    "data": [
      {
        "text": "diu au cuivre, combien de temps les douleurs?",
        "userDefined": false
      }
    ],
    "isTemplate": false,
    "count": 0,
    "updated": 1522593570
  },
  {
    "id": "dd165b52-94a7-43ad-adcb-94e30a6ad2e7",
    "data": [
      {
        "text": "ma puce de 2 mois a eu son premier vaccin de prevenar hier , ce jour , c\u0027est gronchon , pleure bcp , veut les bras , dort tres mal et surtout mange peu , tres peu. pouvez vous me dire car ça je n\u0027ai pas d\u0027indications dessus , combien de temps ils peuvent durer ,??",
        "userDefined": false
      }
    ],
    "isTemplate": false,
    "count": 0,
    "updated": 1522593570
  },
  {
    "id": "a13593ac-1c0d-49fc-bec6-375fd96963ea",
    "data": [
      {
        "text": "j\u0027ai arrêté efflexor apres une journée d\u0027éssaie à cause des effets secondaires.. alos je ne sais pas si je dois continuer, . est-ce que ces symptômes vont disparaitre?",
        "userDefined": false
      }
    ],
    "isTemplate": false,
    "count": 0,
    "updated": 1522593570
  },
  {
    "id": "6727dc46-a3f9-416d-a153-3da1d58f5c92",
    "data": [
      {
        "text": "J\u0027ai des problèmes a éjaculer depuis que je prend du Citalopram. Est-ce que cela va persister ou s\u0027améliorer ?",
        "userDefined": false
      }
    ],
    "isTemplate": false,
    "count": 0,
    "updated": 1522593570
  },
  {
    "id": "3d58ba21-0272-4f65-8eaf-26fd277fde17",
    "data": [
      {
        "text": "je prends la pillule ludeal gé depuis un mois, j\u0027ai eu continuellement des petits saignements assez gênants. est ce qu\u0027il vont continuer pendant le second mois de la prise de pillule??",
        "userDefined": false
      }
    ],
    "isTemplate": false,
    "count": 0,
    "updated": 1522593570
  },
  {
    "id": "0b65d7e4-3339-428b-bee3-5be694d8b2fc",
    "data": [
      {
        "text": "bonsoir, je prends minesse comme pilule depuis plus de deux ans. je suis partie en vacances courant juin à la mer et j\u0027ai avec les précautions de ma gynéco attaquer une autre plaquette pour ne pas avoir mes règles pendant mon séjour. le problème à présent dans ma deuxième plaquette, (et sans avoir omis de prendre une pilule), c\u0027est que j\u0027ai mes règles depuis plus d\u0027une semaine et normalement je devrai les avoir que dans 5 jours!! j\u0027aimerai savoir si du coup je vais les avoir jusqu\u0027à la fin de ma plaquette? est cke ça va se rétablir dès la prochaîne plaquette? suis je protégée pendant ces règles non programmées? merci d\u0027avance pour votre réponse",
        "userDefined": false
      }
    ],
    "isTemplate": false,
    "count": 0,
    "updated": 1522593570
  },
  {
    "id": "6c18cf16-c91d-4928-ad80-5280ab40c9fa",
    "data": [
      {
        "text": "je prend seropram, les effets secondaires peuvent durer longtemps ?",
        "userDefined": false
      }
    ],
    "isTemplate": false,
    "count": 0,
    "updated": 1522593570
  },
  {
    "id": "b333202c-b2fc-4828-b37d-9ff22603ae1c",
    "data": [
      {
        "text": "bonjour, j\u0027ai pris du medrol 16 (2 par jour pendant 3 semaines) et il me semble qu\u0027un duver s\u0027est développé sur mes joues..!! connaissez-vous cet effet? cela va-t-il durer longtemps? merci pour votre témoignage",
        "userDefined": false
      }
    ],
    "isTemplate": false,
    "count": 0,
    "updated": 1522593570
  },
  {
    "id": "08386cb7-19c3-4716-8796-56906652d098",
    "data": [
      {
        "text": "au bout de combien de temps les effets  secondaires de seroplex sont ils partis  ?",
        "userDefined": false
      }
    ],
    "isTemplate": false,
    "count": 0,
    "updated": 1522593570
  },
  {
    "id": "886b9223-7a2e-48e5-9013-8785d98aacc9",
    "data": [
      {
        "text": "seroplex et insomnie : est-ce ces effets sestompent ?",
        "userDefined": false
      }
    ],
    "isTemplate": false,
    "count": 0,
    "updated": 1522593570
  },
  {
    "id": "46e1dc5d-2903-4390-9729-dfdf70ec6e8a",
    "data": [
      {
        "text": "J\u0027ai pris Norlevo et j\u0027ai commencé à avoir des pertes de sang 5 jours après, combien de temps vont-elles durer ?",
        "userDefined": false
      }
    ],
    "isTemplate": false,
    "count": 0,
    "updated": 1522593570
  },
  {
    "id": "c6b3a2b5-c988-4aa4-8200-ecce035e1f52",
    "data": [
      {
        "text": "combien de temps dure le sevrage dû à l\u0027arrêt du seroquel?",
        "userDefined": false
      }
    ],
    "isTemplate": false,
    "count": 0,
    "updated": 1522593570
  },
  {
    "id": "eb2267f9-93f4-438a-9166-21044a0824a8",
    "data": [
      {
        "text": "je prends champix et je ne fume plus depuis 8 semaines. mais depuis 1 semaine j\u0027ai des acouphènes. est ce que cet effet indesirable est reellement peu freéquent?",
        "userDefined": false
      }
    ],
    "isTemplate": false,
    "count": 0,
    "updated": 1522593570
  },
  {
    "id": "507c613b-974a-45b8-be70-1cde0fa250e2",
    "data": [
      {
        "text": "je prends androcur. mon gyneco m\u0027avait dit qu\u0027a priori je n\u0027aurais pas de regles.. or, ce matin, elles ont débarqué ! combien de jours ca va durer ?",
        "userDefined": false
      }
    ],
    "isTemplate": false,
    "count": 0,
    "updated": 1522593570
  },
  {
    "id": "f159e87a-acf6-46a6-ba6d-5a4b54fc7f99",
    "data": [
      {
        "text": "josacine et retard de règles : combien de temps ca prend pour revenir à la normale ?",
        "userDefined": false
      }
    ],
    "isTemplate": false,
    "count": 0,
    "updated": 1522593570
  },
  {
    "id": "86013d33-8e6b-4d9a-b2f2-e634bb72c6ed",
    "data": [
      {
        "text": "je prends cérazette, mes règles continuent car normalement ells sont terminées au bout de 5 jours. ces saignements vont-ils durer tout le mois ?",
        "userDefined": false
      }
    ],
    "isTemplate": false,
    "count": 0,
    "updated": 1522593570
  },
  {
    "id": "e7d8af44-a542-4607-aff3-024dc484f1ac",
    "data": [
      {
        "text": "j\u0027aimerai savoir si avec minidril les effets secondaires (prise de poids, gonflement et douleurs aux seins etc.) pouvaient apparaitre tardivement et combien de temps faut-il attendre pour qu\u0027elles disparaissent?",
        "userDefined": false
      }
    ],
    "isTemplate": false,
    "count": 0,
    "updated": 1522593570
  },
  {
    "id": "2e3726f0-32a5-4322-8665-d319406d881a",
    "data": [
      {
        "text": "accoutumance gouttes nasales - rhinite médicamenteuse : durée sevrage?",
        "userDefined": false
      }
    ],
    "isTemplate": false,
    "count": 1,
    "updated": 1522593570
  },
  {
    "id": "1440d95d-6e7d-4156-b676-77f2213a83ee",
    "data": [
      {
        "text": "je suis arretée depuis un mois pour depression et crise d\u0027angoisse et suis donc sous deroxat; g eu tous les symptomes indesirables du aux medocs (vertiges, nausée , ultra fatigue,..). est ce que ca va s\u0027arreter?",
        "userDefined": false
      }
    ],
    "isTemplate": false,
    "count": 0,
    "updated": 1522593570
  },
  {
    "id": "2bb5c6e6-d82a-4cc3-8894-db95c9541c77",
    "data": [
      {
        "text": "j\u0027ai arreté le nasonex mais ce matin j\u0027ai eu plusieurs saignements de nez. jsais que c\u0027est un des effets secondaires, mais je voulais savoir la durée ?",
        "userDefined": false
      }
    ],
    "isTemplate": false,
    "count": 0,
    "updated": 1522593570
  },
  {
    "id": "cf415ba6-7a7a-4216-b325-f1caf0a67478",
    "data": [
      {
        "text": "plusieurs dosages de fraxiparine ?",
        "userDefined": false
      }
    ],
    "isTemplate": false,
    "count": 0,
    "updated": 1522593570
  },
  {
    "id": "1533e202-254f-4e70-bea9-dd5154d4d33a",
    "data": [
      {
        "text": "on m\u0027a prescrit nexium. est-ce que les effets secondaires durent longtemps?",
        "userDefined": false
      }
    ],
    "isTemplate": false,
    "count": 0,
    "updated": 1522593570
  },
  {
    "id": "a017709c-91c5-4700-9d0a-03bb6597481c",
    "data": [
      {
        "text": "combien du tempq me faut pour me sentir a l\u0027aise et pour que nordaz 15 s\u0027adapte avec mon corp ??parce que actuellement j\u0027ai des maux tete et transpiration des mains et pieds .",
        "userDefined": false
      }
    ],
    "isTemplate": false,
    "count": 0,
    "updated": 1522593570
  },
  {
    "id": "eff713d2-55f2-40d3-ae16-3dbf3201d6cf",
    "data": [
      {
        "text": "ma fille a eu une réaction  peau rouge et chaude la ou le pédiatre a piquer avec le vaccin contre la DT polio sa va partir quand ?",
        "userDefined": false
      }
    ],
    "isTemplate": false,
    "count": 0,
    "updated": 1522593570
  },
  {
    "id": "d150dc40-899d-488e-82f0-37d71014618f",
    "data": [
      {
        "text": "durée d\u0027une allergie au clamoxyl / amoxicilline ?",
        "userDefined": false
      }
    ],
    "isTemplate": false,
    "count": 1,
    "updated": 1522593570
  },
  {
    "id": "7532637d-2546-4b64-93d6-a7a6168b1700",
    "data": [
      {
        "text": "j\u0027ai eu un rapport non protégé, j\u0027ai pris la pilule du lendemain 10 heures après.  depuis ce matin j\u0027ai des nausées, des vertiges, des coups de chaud et des tremblements.  combien de temps durent les effets secondaires?",
        "userDefined": false
      }
    ],
    "isTemplate": false,
    "count": 0,
    "updated": 1522593570
  },
  {
    "id": "0e9a4ee5-ddf3-40f2-a2a9-5f9c883581b0",
    "data": [
      {
        "text": "je recherche des témoignages sur androcur les effets secondaires et notamment sur l état dépressif. pendant combien de temps avez vous ressenti ces effets??",
        "userDefined": false
      }
    ],
    "isTemplate": false,
    "count": 0,
    "updated": 1522593570
  },
  {
    "id": "dacc219a-ecb8-4226-bd3c-f9e5fd291e04",
    "data": [
      {
        "text": "je prend le zoloft et les effet secondaire ne ce s\u0027ont pas estomper. j\u0027aimerais savoir si ces normal que je rescente cela encore après 1 mois et demi??",
        "userDefined": false
      }
    ],
    "isTemplate": false,
    "count": 0,
    "updated": 1522593570
  },
  {
    "id": "63fa310e-1a97-4d06-8b67-4df0e6e5f18f",
    "data": [
      {
        "text": "ca fait 9 jours que je subis des nausées dues au déroxat (je suis passée de 1/2 à 1 comprimé aujourd\u0027hui). est-ce que ça va s\u0027arrêter ??",
        "userDefined": false
      }
    ],
    "isTemplate": false,
    "count": 0,
    "updated": 1522593570
  },
  {
    "id": "680c2571-2df8-44fd-b55b-12b1f464ce9d",
    "data": [
      {
        "text": "bonjour  je prends microval depuis 10 jours et quand je me suis réveillé il y avais du sang partout.. je faisais une hémorragie, le sang coulait tout seul et en grande quantité.. alors que j\u0027ai eu mes régles il y a 10 jours.. je suis donc vite aller chez ma nouvelle gynéco et elle m\u0027a dit que ça arrivé et qu\u0027il fallait que je continue ma pilule. elle m\u0027a donné une tone de médicament a prendre tant que j\u0027aurais cette pilule! je vis chez mon copin (soit a 400km de mon médecin et de mes parents) et je ne sais pas quoi faire car elle ne veut pas me changer m\u0027a pilule. dois-je continué ou arrêté? ca vous est déjà arrivé? merci pour vos réponses..",
        "userDefined": false
      }
    ],
    "isTemplate": false,
    "count": 0,
    "updated": 1522593570
  },
  {
    "id": "6d06e398-8dfa-4169-a8cd-0579f107cf1c",
    "data": [
      {
        "text": "depuis que je prends liloo mes règles ne s\u0027arrêtent plus, ça fait maintenant 15 jours que je les ai. est ce que ça va se réguler ou est ce que je dois m\u0027inquiéter ?",
        "userDefined": false
      }
    ],
    "isTemplate": false,
    "count": 0,
    "updated": 1522593570
  },
  {
    "id": "87737f67-258a-4da3-8d9d-cac10bff31bb",
    "data": [
      {
        "text": "quels dosages de Lantus ?",
        "userDefined": false
      }
    ],
    "isTemplate": false,
    "count": 0,
    "updated": 1522593570
  },
  {
    "id": "e0f7b073-f534-43c2-96db-26b801e676f4",
    "data": [
      {
        "text": "diminution de mon ad, norset , effets secondaires combien de temps ?",
        "userDefined": false
      }
    ],
    "isTemplate": false,
    "count": 0,
    "updated": 1522593570
  },
  {
    "id": "c26aba3b-17d9-4eb5-928a-de2accc507a6",
    "data": [
      {
        "text": "au bout de combien de temps je risque d\u0027avoir des effets secondaires sachant que je suis a mon deuxieme comprimé de diane 35 ?",
        "userDefined": false
      }
    ],
    "isTemplate": false,
    "count": 0,
    "updated": 1522593570
  },
  {
    "id": "2f40d258-b675-438f-8147-d90494389475",
    "data": [
      {
        "text": "quand reviennent les règles après retrait stérilet mirena?",
        "userDefined": false
      }
    ],
    "isTemplate": false,
    "count": 0,
    "updated": 1522593570
  },
  {
    "id": "4e93e05b-6a66-4bd7-a202-c05ea810dfed",
    "data": [
      {
        "text": "je prend arpagophitum et sève de bouleau en teinture mère. mais depuis quelques semaines j\u0027ai des petits boutons rouges sur la poitrine et le ventre et aussi je souffre de synusite et de toux sèche. je voudrait savoir si quelqu\u0027un connait des effets secondaires dù à ces traitements et si ça passe ou est-ce qu\u0027il faut que je change de plante?",
        "userDefined": false
      }
    ],
    "isTemplate": false,
    "count": 0,
    "updated": 1522593570
  },
  {
    "id": "b010a166-3244-4f2f-b6ad-5c649fcc13b1",
    "data": [
      {
        "text": "bonjour, j\u0027ai pris pendant trois ans diane 35 avec une sensation \"d\u0027eau dans le corps\".. aujourd\u0027hui je l\u0027ai arrêtée pour yaz je me demandais si cette cellulite allait disparaître petit à petit ? c\u0027est plutôt désagréable..    merci !",
        "userDefined": false
      }
    ],
    "isTemplate": false,
    "count": 0,
    "updated": 1522593570
  },
  {
    "id": "daa6d924-7b4c-46ab-8fa8-5bc9f440f540",
    "data": [
      {
        "text": "j\u0027ai pris norlevo 10h après mon rapport, après 2 jours j\u0027ai mes mammaires qui me font très mal ; mes seins sont devenues lourds ; ma question est de savoir si cette tensions des seins vont durer combien de temps ou vont rester comme ça sans revenir comme avant ?",
        "userDefined": false
      }
    ],
    "isTemplate": false,
    "count": 0,
    "updated": 1522593570
  },
  {
    "id": "49024835-2585-4ada-bc24-97d2db19e2e2",
    "data": [
      {
        "text": "effexor combien de temps pour le sevrage??",
        "userDefined": false
      }
    ],
    "isTemplate": false,
    "count": 0,
    "updated": 1522593570
  },
  {
    "id": "753ba9dd-a6fb-4448-9670-4bbd2ce66183",
    "data": [
      {
        "text": "vaccin h1n1 démangeaisons lo pendant longtemps ?",
        "userDefined": false
      }
    ],
    "isTemplate": false,
    "count": 0,
    "updated": 1522593570
  },
  {
    "id": "099092ee-a114-4471-abef-8642290984f9",
    "data": [
      {
        "text": "ma gyneco m\u0027a prescrit comme ths estima et estreva. au bout de 4 à 5 jours, j\u0027avais la sensation que ma tête allait éclater et j\u0027étais essouflée. est ce que cela disparaît à la longue ?",
        "userDefined": false
      }
    ],
    "isTemplate": false,
    "count": 0,
    "updated": 1522593570
  },
  {
    "id": "9f3b2530-a0c6-4cd9-9fa0-bf962806a963",
    "data": [
      {
        "text": "j\u0027ai eu une injection de tubertest, qui a première vu semble positif (rougeur de +/- 1.5 cm, et gonflement de 6 mm) je me demande combien de temps peu durée la réaction ?",
        "userDefined": false
      }
    ],
    "isTemplate": false,
    "count": 0,
    "updated": 1522593570
  },
  {
    "id": "e881c592-ba3b-440c-a136-2c744140dc7e",
    "data": [
      {
        "text": "prenant du deroxat, mes \"possibilités\" sexuelles ont disparu. quelqu\u0027un peut-il me dire si elles vont revenir et si oui à peu près quand?",
        "userDefined": false
      }
    ],
    "isTemplate": false,
    "count": 0,
    "updated": 1522593570
  },
  {
    "id": "846c2948-ca51-4613-a8a3-169d4b6b2632",
    "data": [
      {
        "text": "le millepertuis que je prends depuis deux semaines , me donne mal à l\u0027estomac, savez-vous si si c\u0027est une effet secondaire passager ?",
        "userDefined": false
      }
    ],
    "isTemplate": false,
    "count": 0,
    "updated": 1522593570
  },
  {
    "id": "bdf1591f-d7c5-4bfe-8b98-3af67c68142f",
    "data": [
      {
        "text": "je prends triafemi depuis quinze jours et j\u0027ai l\u0027effet secondaire de l\u0027irritabilité aux lentilles de contacts, est ce possible quand gardant la même pillule l\u0027effet s\u0027estompe ?",
        "userDefined": false
      }
    ],
    "isTemplate": false,
    "count": 0,
    "updated": 1522593570
  },
  {
    "id": "7c7a0b21-1d44-489f-8119-7e5c3e1c1fde",
    "data": [
      {
        "text": "si vous avez déjà eu des pertes brunes foncées, voir rouge sous cerazette, pouvez-vous me dire combien de temps ça a duré ?",
        "userDefined": false
      }
    ],
    "isTemplate": false,
    "count": 0,
    "updated": 1522593570
  },
  {
    "id": "cfa9af06-e94f-4648-ae75-0bbf7f54f0e5",
    "data": [
      {
        "text": "bonsoir je prenais du seroquel depuis 2006. 200 mg.en 2012 j ai décidé en accord avec mon. médecin d\u0027arrêter progressivement. depuis un mois ma dose au coucher était de 50 mg. cette molécule m a fait prendre 6 kilos. pensez vous que ces kilos que je n arrivais pas à perdre partirons un peu après la fin du traitement?  ou pas?",
        "userDefined": false
      }
    ],
    "isTemplate": false,
    "count": 0,
    "updated": 1522593570
  },
  {
    "id": "83841aaf-4d98-48c3-81cb-2c430a967e56",
    "data": [
      {
        "text": "combien de temp faut il pour que les vertiges partent sous xanax?",
        "userDefined": false
      }
    ],
    "isTemplate": false,
    "count": 0,
    "updated": 1522593570
  },
  {
    "id": "c1bd444a-c9d8-4ac5-a2dc-ec77e3114932",
    "data": [
      {
        "text": "effets secondaires mélodia : combien de temps ?",
        "userDefined": false
      }
    ],
    "isTemplate": false,
    "count": 0,
    "updated": 1522593570
  },
  {
    "id": "21eb380a-59c6-42ff-b0b5-be350844ef26",
    "data": [
      {
        "text": "je me suis fais poser un diu cuivre mi mars. a ce jour, je n\u0027ai toujours pas de cycle régulier. au bout de combien de temps vos cycles sont ils devenus réguliers ?",
        "userDefined": false
      }
    ],
    "isTemplate": false,
    "count": 0,
    "updated": 1522593570
  },
  {
    "id": "bab4efd7-889c-456f-a516-f39d0c48a093",
    "data": [
      {
        "text": "ma puce a eu son premier vaccin de prevenar. ce jour, c\u0027est gronchon , pleure bcp , veut les bras , dort tres mal et surtout mange peu , tres peu .pouvez vous me dire, combien de temps ils peuvent durer ??",
        "userDefined": false
      }
    ],
    "isTemplate": false,
    "count": 0,
    "updated": 1522593570
  },
  {
    "id": "669b51fa-46dd-4a2c-be22-4411ccf0fb16",
    "data": [
      {
        "text": "bonjour, je prends du solian depuis 1 an et demi (50 mg) pour des troubles anxieux et j\u0027ai décidé de l’arrêter a cause d\u0027un effet indésirable particulièrement gênant, c\u0027est la perte quasi-complète de libido. je n\u0027ai plus aucun désir sexuel au quotidien depuis que je le prend et étant donné que j\u0027ai une copine depuis peu je souhaiterais que ma libido revienne. ma psy m\u0027a prescrit du orap a la place (1mg) et je le prends depuis 2 jours mais pour le moment le désir n\u0027est toujours pas revenu.. pensez-vous qu\u0027il faut un certain temps avant que les effets indésirables du solian disparaissent?",
        "userDefined": false
      }
    ],
    "isTemplate": false,
    "count": 0,
    "updated": 1522593570
  },
  {
    "id": "04b938da-8c19-4bb5-b10a-55466b515dce",
    "data": [
      {
        "text": "j\u0027ai fait vacciner mes 2 pts bouts de 2 et 4 ans avec ces vaccins tout en un et j\u0027ai lu des témoignages sur des petits ayant fait ce vaccin et ayant développé des maladies pas très agréables peu de temps après. dois-je m\u0027inquiéter pour leur avenir ou bien les effets secondaires arrivent-ils dans un délai assez court??",
        "userDefined": false
      }
    ],
    "isTemplate": false,
    "count": 0,
    "updated": 1522593570
  },
  {
    "id": "8b5f90bf-85a5-49a6-8d8a-289e1c4f654a",
    "data": [
      {
        "text": "ça fait 3jours que je prend du seropram et je n\u0027ai plus de libido, est-ce que cela va durer longtemps ?",
        "userDefined": false
      }
    ],
    "isTemplate": false,
    "count": 0,
    "updated": 1522593570
  },
  {
    "id": "edb64296-a5ec-408a-ab52-7eb7543e7ef9",
    "data": [
      {
        "text": "48h après mon 2nd rappel du vaccin revaxis, j\u0027ai eu de la fièvre accompagnée d\u0027un rhume et de la toux. combien de temps cela  peut durer ?",
        "userDefined": false
      }
    ],
    "isTemplate": false,
    "count": 0,
    "updated": 1522593570
  },
  {
    "id": "020e6d74-c538-4d7a-a348-2325ea2efb85",
    "data": [
      {
        "text": "les effets indésirables de pravastatine 20 , à savoir les douleurs musculaires doivent ils encore etre presents apres l\u0027arret de 20 jours ?",
        "userDefined": false
      }
    ],
    "isTemplate": false,
    "count": 0,
    "updated": 1522593570
  },
  {
    "id": "be4a4a5f-0830-4ffd-8799-ce513a525d87",
    "data": [
      {
        "text": "jai lu que le zoloft pouvait causer de l\u0027insomnie ? Combien de temps ça dure ?",
        "userDefined": false
      }
    ],
    "isTemplate": false,
    "count": 0,
    "updated": 1522593570
  },
  {
    "id": "ddac21d4-ceb6-4378-b416-620f729fecda",
    "data": [
      {
        "text": "je viens de suivre un traitement antibiotique. j\u0027ai pris du spiramycine/métronidazole deux fois par jour en association avec des bains de bouche eludril. plus de 48 heures après l\u0027arrêt de ce traitement, j\u0027avais un horrible goût amer en bouche. combien de temps après l\u0027arrêt du traitement cela va-t-il durer?",
        "userDefined": false
      }
    ],
    "isTemplate": false,
    "count": 0,
    "updated": 1522593570
  },
  {
    "id": "b2550554-ed63-4461-8c90-118ae9e9cddc",
    "data": [
      {
        "text": "ça fait 6jours que je prends divarius (1 le matin pour le moment, pour monter à 2 dans un mois)et je commence à avoir des sueurs au moindre efforts . est-ce qu\u0027il faut que je fasse preuve de patience ?",
        "userDefined": false
      }
    ],
    "isTemplate": false,
    "count": 0,
    "updated": 1522593570
  },
  {
    "id": "e7b79b65-3003-4fb3-b1cb-4b5c40de838b",
    "data": [
      {
        "text": "mon traitement au skenan et au acti skenan c\u0027est arrêter. depuis je vie un enfer vomissement et l\u0027impression d\u0027avoir un troue dans l\u0027estomac, des tremblement des insomnies des palpitation. combien temps sa dure ?",
        "userDefined": false
      }
    ],
    "isTemplate": false,
    "count": 0,
    "updated": 1522593570
  },
  {
    "id": "dc17af32-a159-40ee-8c7f-eff89f6298b4",
    "data": [
      {
        "text": "bonjour, j\u0027ai pris un cachet de deroxat avant hier à 21 heures et un quart de lexomil. hier matin, j\u0027ai été malade à crever. depuis je tremble, je n\u0027ai plus faim, mon coeur palpite, j\u0027ai des vertiges. j\u0027ai arrêté tout. combien de temps faut-il pour que tout redevienne normal à votre avis ?",
        "userDefined": false
      }
    ],
    "isTemplate": false,
    "count": 0,
    "updated": 1522593570
  },
  {
    "id": "97095194-278e-4dd5-adf1-0a457377c402",
    "data": [
      {
        "text": "mon copain prend du ritalin et depuis il est complètement agressif. il s\u0027énerve tous le temps, il crie, il a des tics et surtout il ne mange rien du tout. est-ce que ces nombreux effets secondaires peuvent disparaître ?",
        "userDefined": false
      }
    ],
    "isTemplate": false,
    "count": 0,
    "updated": 1522593570
  },
  {
    "id": "740b13ae-52a2-41fc-adfe-6bd0bca5d1bb",
    "data": [
      {
        "text": "effets secondaires en dbt de prise effexor combien de tps?",
        "userDefined": false
      }
    ],
    "isTemplate": false,
    "count": 0,
    "updated": 1522593570
  },
  {
    "id": "86c1550e-9ad8-4d5b-8dff-e8605ddd78f9",
    "data": [
      {
        "text": "Y-at-il des dosages LP et LI pour tramadol ?",
        "userDefined": false
      }
    ],
    "isTemplate": false,
    "count": 0,
    "updated": 1522593570
  },
  {
    "id": "d8f69c83-70a3-4e3c-ae24-6665f9b40b2d",
    "data": [
      {
        "text": "je suis sous deroxat et depuis une semaine je fais des insomnies toutes les nuits, pensez vous que ça va durer pendant tout mon traitement?",
        "userDefined": false
      }
    ],
    "isTemplate": false,
    "count": 0,
    "updated": 1522593570
  },
  {
    "id": "1e593ee0-a0de-4d48-8fc8-825c7aa83ee3",
    "data": [
      {
        "text": "j\u0027ai commencé avec les patchs evra normalement au début de mes dernières règles. cela fait 7 jours que j\u0027ai des pertes brunâtres. combien de temps cela peut durer ?",
        "userDefined": false
      }
    ],
    "isTemplate": false,
    "count": 0,
    "updated": 1522593570
  },
  {
    "id": "9df5d99a-d500-49eb-992c-aa0d2d2f542d",
    "data": [
      {
        "text": "vaccin h1n1 démangeaisons longue durée ?",
        "userDefined": false
      }
    ],
    "isTemplate": false,
    "count": 0,
    "updated": 1522593570
  },
  {
    "id": "17ecfcb5-b719-4921-b8f1-87f1c3dca940",
    "data": [
      {
        "text": "depuis que j\u0027ai commencé le melodia, il y a  2 mois, j ai mal aux seins. est-ce le temps d adaptation a la pilule? 2 mois c est long non?",
        "userDefined": false
      }
    ],
    "isTemplate": false,
    "count": 0,
    "updated": 1522593570
  }
]