[
  {
    "id": "24d77db5-a996-4c7c-9276-948f100d1347",
    "data": [
      {
        "text": "À quel moment se prend le novonorm?",
        "userDefined": false
      }
    ],
    "isTemplate": false,
    "count": 0,
    "updated": 1522593570
  },
  {
    "id": "2a6dc75d-279c-4aab-bde7-b7b8bc90a10c",
    "data": [
      {
        "text": "est-il préférable de le prendre le matin ou le soir?",
        "userDefined": false
      }
    ],
    "isTemplate": false,
    "count": 0,
    "updated": 1522593570
  },
  {
    "id": "4219352d-56a5-4527-a935-d038e71764ba",
    "data": [
      {
        "text": "je dois me faire opérer la poitrine. Vaut-il mieux se prendre l\u0027opium (30ch) la veille ou au réveil de l\u0027anesthésie?",
        "userDefined": false
      }
    ],
    "isTemplate": false,
    "count": 0,
    "updated": 1522593570
  },
  {
    "id": "8e140914-2de2-4984-a893-0eeac427c559",
    "data": [
      {
        "text": "Faut-il prendre l\u0027amoxicilline pendant les repas pour limiter les effets indésirables ?",
        "userDefined": false
      }
    ],
    "isTemplate": false,
    "count": 0,
    "updated": 1522593570
  },
  {
    "id": "426a0d5f-97f9-477c-b948-b6d121f8525c",
    "data": [
      {
        "text": "Quand prendre amoxicilline?",
        "userDefined": false
      }
    ],
    "isTemplate": false,
    "count": 0,
    "updated": 1522593570
  },
  {
    "id": "210e0fc4-1632-40aa-b2ce-73fdb80bd052",
    "data": [
      {
        "text": "a quel moment prendre de la vitamine c suos forme de complément?",
        "userDefined": false
      }
    ],
    "isTemplate": false,
    "count": 0,
    "updated": 1522593570
  },
  {
    "id": "dabe97b7-05e5-4602-ae7c-bd49dae70999",
    "data": [
      {
        "text": "Actuellement je prend mon Temerit 5mg le soir, est-ce que ça change quelque chose si je le prend le matin ?",
        "userDefined": false
      }
    ],
    "isTemplate": false,
    "count": 0,
    "updated": 1522593570
  },
  {
    "id": "c7c75fd0-045b-4b8a-9910-46fea0731dba",
    "data": [
      {
        "text": "je suis d\u0027un naturel angoissé. j\u0027ai pris du deroxat (1cpr par jour le matin). puis j\u0027ai arrêter progressivement mais il y a moins de 2 mois, cause rechute, j\u0027ai repris le traitement. depuis environ 2 semaines j\u0027ai des nausées (sans vomir), la langue chargée, etc. est-il préférable de prendre ce comprimé le soir ?",
        "userDefined": false
      }
    ],
    "isTemplate": false,
    "count": 0,
    "updated": 1522593570
  },
  {
    "id": "94f05094-4dfe-4091-81aa-81d56f4698ae",
    "data": [
      {
        "text": "a quelle heure se prend le millepertuis ?",
        "userDefined": false
      }
    ],
    "isTemplate": false,
    "count": 0,
    "updated": 1522593570
  },
  {
    "id": "920ff199-f055-4abd-bc6a-f7f21ef94dae",
    "data": [
      {
        "text": "seropram : faut-il le prendre le midi ou le soir?",
        "userDefined": false
      }
    ],
    "isTemplate": false,
    "count": 0,
    "updated": 1522593570
  },
  {
    "id": "82880e2a-0651-4868-baa1-635f3aa13a37",
    "data": [
      {
        "text": "Je prend du Xarelto 10mg tous les matins depuis 1an et je viens de déménager et mon nouveau pharmacien m\u0027as dit qu\u0027il vallait mieux le prendre le soir, j\u0027aimerai savoir que faire ?",
        "userDefined": false
      }
    ],
    "isTemplate": false,
    "count": 0,
    "updated": 1522593570
  },
  {
    "id": "0889f32c-8af0-4224-a127-4ebd8763aba7",
    "data": [
      {
        "text": "A quel moment doit on prendre le seroplex? matin ou soir?",
        "userDefined": false
      }
    ],
    "isTemplate": false,
    "count": 0,
    "updated": 1522593570
  },
  {
    "id": "783affe7-6f45-405e-ba9a-923b9c442307",
    "data": [
      {
        "text": "triafemi tricilest diane. a quelle heure la prenez vous?",
        "userDefined": false
      }
    ],
    "isTemplate": false,
    "count": 0,
    "updated": 1522593570
  },
  {
    "id": "149b55d2-1d36-479d-bb4f-215c271433ab",
    "data": [
      {
        "text": "Quand faut il prendre thuya occidentalis, après un vaccin ?",
        "userDefined": false
      }
    ],
    "isTemplate": false,
    "count": 0,
    "updated": 1522593570
  },
  {
    "id": "32f20aec-9c4d-4d5e-a147-ad7b9fad67e3",
    "data": [
      {
        "text": "prozac baisse de tension fatigue ..prise le soir ?",
        "userDefined": false
      }
    ],
    "isTemplate": false,
    "count": 0,
    "updated": 1522593570
  },
  {
    "id": "108ab423-3b39-4a1d-a0e6-ee6a0b55cfee",
    "data": [
      {
        "text": "j\u0027ai un panaris et depuis je suis sous antibio (orbénine). puis je prendre mon antibio en fin de soirée (sachant qu\u0027en général je le prend avant le repas)?",
        "userDefined": false
      }
    ],
    "isTemplate": false,
    "count": 0,
    "updated": 1522593570
  },
  {
    "id": "da27449e-9172-466d-bb85-f566edae42fe",
    "data": [
      {
        "text": "je dois prendre 2 deroxat par jour, le psy me dit d\u0027en prendre 1 le matin et 1 le soir. alors que sur la notice c\u0027est ecrit de prendre toute la dose le matin.",
        "userDefined": false
      }
    ],
    "isTemplate": false,
    "count": 0,
    "updated": 1522593570
  },
  {
    "id": "cd9b25ca-3197-4ddd-a9f6-26f2fd2f657b",
    "data": [
      {
        "text": "quand doit on prendre inexium?",
        "userDefined": false
      }
    ],
    "isTemplate": false,
    "count": 0,
    "updated": 1522593570
  },
  {
    "id": "7d9a7a65-4e1f-4bd8-a259-5b5289123613",
    "data": [
      {
        "text": "j\u0027ai vu un neuro qui m\u0027a mise sous magnespasmyl et je me demande si je dois le prendre le matin ou le midi ?",
        "userDefined": false
      }
    ],
    "isTemplate": false,
    "count": 0,
    "updated": 1522593570
  },
  {
    "id": "f4ae1e63-18d6-4879-a481-3c26379e29b1",
    "data": [
      {
        "text": "bonsoir je prend ma pilule a 20 h tous les soir et aujourd hui je l ai pris a 2 h 30 donc 6 h 30 apres donc je risque rien ma pilule adepal tolere 12 heures  mais demain je peux la reprendre a 20 h ?? donc 6 h 30  d avance par rapport a hier pris a 2 h 30  quand il dise 12 heures par rapport a la prise habituel  12 heures de la prise de la veille donc pour moi hier 2 h 30 ou habituel quand pas de decalage donc 20 heures  si on la prend 6 h 30 avant la prise de la veille c est bon mais si on la prend par exempls 15 heures avant la prise habituel sa marche pas ?? merci de m explqier",
        "userDefined": false
      }
    ],
    "isTemplate": false,
    "count": 0,
    "updated": 1522593570
  },
  {
    "id": "ffb1ff4c-7bbd-4848-b9d2-c97757af591d",
    "data": [
      {
        "text": "prozac  : prise du soir ?",
        "userDefined": false
      }
    ],
    "isTemplate": false,
    "count": 0,
    "updated": 1522593570
  },
  {
    "id": "00363119-d9ce-42ce-9235-977c6705aeb6",
    "data": [
      {
        "text": "Je dois prendre deroxat le matin, le midi ou le soir ?",
        "userDefined": false
      }
    ],
    "isTemplate": false,
    "count": 0,
    "updated": 1522593570
  },
  {
    "id": "d222d4c2-7904-448c-991d-71262541343a",
    "data": [
      {
        "text": "Faut-il prendre l\u0027Azilect avant ou pendant les repas?",
        "userDefined": false
      }
    ],
    "isTemplate": false,
    "count": 0,
    "updated": 1522593570
  },
  {
    "id": "e6568ca9-9dc6-4b01-9386-be284c90f1ac",
    "data": [
      {
        "text": "Faut-il prendre le floxyfral plutôt le matin ou le soir ?",
        "userDefined": false
      }
    ],
    "isTemplate": false,
    "count": 0,
    "updated": 1522593570
  },
  {
    "id": "7fb78bbd-30e2-49b9-8cb1-813796bf423b",
    "data": [
      {
        "text": "peut on prendre stresam dans la journée en plus des deux du matin et du soir?",
        "userDefined": false
      }
    ],
    "isTemplate": false,
    "count": 0,
    "updated": 1522593570
  },
  {
    "id": "7aba96c7-624e-4ef5-ad9b-28cd19c86ccd",
    "data": [
      {
        "text": "A quel moment dois-je prendre D-cure ?",
        "userDefined": false
      }
    ],
    "isTemplate": false,
    "count": 0,
    "updated": 1522593570
  },
  {
    "id": "e3d017fa-49e4-42b2-9505-cdde5fe33fdb",
    "data": [
      {
        "text": "pensez vous que je puisse prendre les gellules de konjac apres le repas ?",
        "userDefined": false
      }
    ],
    "isTemplate": false,
    "count": 0,
    "updated": 1522593570
  },
  {
    "id": "72229890-1049-4cc4-aa54-df6f97d06535",
    "data": [
      {
        "text": "Est-ce qu\u0027il faut espacer les prises de granules homéopathiques si on a plusieurs souches à prendre au même moment ?",
        "userDefined": false
      }
    ],
    "isTemplate": false,
    "count": 0,
    "updated": 1522593570
  },
  {
    "id": "e53f8d06-99d1-46eb-96bb-023a11327150",
    "data": [
      {
        "text": "pensez vous que l\u0027orap se prend dans la journée car j\u0027ai l\u0027impression de prendre des somnifères.",
        "userDefined": false
      }
    ],
    "isTemplate": false,
    "count": 0,
    "updated": 1522593570
  },
  {
    "id": "49bdd8f1-a5a6-48c3-9cf3-59a4cf755a84",
    "data": [
      {
        "text": "je dois changer de pilule, je passe du désobel 20 au traitement : androcur + provames. j\u0027ai fini ma plaquette de désobel vendredi dernier, j\u0027ai eu mes règles aujourd\u0027hui mercredi. sur mon ordonnance, il est marqué de prendre androcur et provames au 6è jour des règles.. c\u0027est donc a partir du moment ou je ne prend plus la pilule donc je compte a partir de samedi dernier ou alors a partir d\u0027aujourd\u0027hui, jour de mes règles ?",
        "userDefined": false
      }
    ],
    "isTemplate": false,
    "count": 0,
    "updated": 1522593570
  },
  {
    "id": "26d414f7-3f05-465c-b8fd-f863577af06c",
    "data": [
      {
        "text": "Mon médecin vient de me prescrire de la Clarytine en comprimés à prendre tous les jours mais il ne m\u0027as pas spécifié à quel moment de la journée",
        "userDefined": false
      }
    ],
    "isTemplate": false,
    "count": 0,
    "updated": 1522593570
  },
  {
    "id": "4071bfc6-0b8d-4ecc-891e-a0b5100f2a60",
    "data": [
      {
        "text": "seropram contre fatigue : prise le matin ou soir?",
        "userDefined": false
      }
    ],
    "isTemplate": false,
    "count": 0,
    "updated": 1522593570
  },
  {
    "id": "0ea2d642-00ba-42b3-82fa-dd6666a4805f",
    "data": [
      {
        "text": "je voulais savoir si je devais prendre melodia au bout des 7 jours d\u0027arret ou tout de suite apres le dernier comprimé de jasminelle ( dans ce cas la je pense que je n\u0027aurais pas mes regles) ?",
        "userDefined": false
      }
    ],
    "isTemplate": false,
    "count": 0,
    "updated": 1522593570
  },
  {
    "id": "dd6cd4d9-35bb-4f8e-8fed-4f4782b26f86",
    "data": [
      {
        "text": "a quelle heure le millepertuis ?",
        "userDefined": false
      }
    ],
    "isTemplate": false,
    "count": 0,
    "updated": 1522593570
  },
  {
    "id": "f3d02d71-b7dd-4b27-b0f3-33d54dda6f92",
    "data": [
      {
        "text": "Quand prendre inexium?",
        "userDefined": false
      }
    ],
    "isTemplate": false,
    "count": 0,
    "updated": 1522593570
  },
  {
    "id": "785f5ffd-78d0-4eda-82f1-2e85bd529050",
    "data": [
      {
        "text": "le toubib me dit de prendre le deroxat le soir et sur la notice ils disent le matin. quand le prenez vous ?",
        "userDefined": false
      }
    ],
    "isTemplate": false,
    "count": 1,
    "updated": 1522593570
  },
  {
    "id": "3d56e077-f4ae-490d-9c0f-e1f91c731704",
    "data": [
      {
        "text": "Quand dois je prendre cepodoxime?",
        "userDefined": false
      }
    ],
    "isTemplate": false,
    "count": 0,
    "updated": 1522593570
  },
  {
    "id": "217a8641-0075-4dba-85d7-31c34b41935a",
    "data": [
      {
        "text": "Puis-je prendre daily gé 1 à 3h plus tôt ou tard  ponctuellement un soir ?",
        "userDefined": false
      }
    ],
    "isTemplate": false,
    "count": 0,
    "updated": 1522593570
  },
  {
    "id": "702f730c-fbc6-424d-814a-1d67df88edc7",
    "data": [
      {
        "text": "Peut on prendre le Mogadon en journée ?",
        "userDefined": false
      }
    ],
    "isTemplate": false,
    "count": 0,
    "updated": 1522593570
  },
  {
    "id": "28ff69e1-fad4-4fd3-b098-fd88cc5833cb",
    "data": [
      {
        "text": "je vais aller acheter un test de grossesse Clearblue. Est-il recommandé de le faire le matin,  ?",
        "userDefined": false
      }
    ],
    "isTemplate": false,
    "count": 0,
    "updated": 1522593570
  },
  {
    "id": "9a5c316e-49b0-4a4f-a332-1cea6fae04c8",
    "data": [
      {
        "text": "mon généraliste m\u0027avait donné or, cuivre argent et l\u0027homéopathe m\u0027a préscrit oligosol. a combien de temps des repas puis-je les prendre ?",
        "userDefined": false
      }
    ],
    "isTemplate": false,
    "count": 0,
    "updated": 1522593570
  },
  {
    "id": "dc3c5287-0140-4c3f-b935-5f529deb719d",
    "data": [
      {
        "text": "deroxat matin ou soir  ?",
        "userDefined": false
      }
    ],
    "isTemplate": false,
    "count": 1,
    "updated": 1522593570
  },
  {
    "id": "b098f1cc-44b4-4ada-9d34-ed12426d4652",
    "data": [
      {
        "text": "A quel fréquence dois-je prendre Duphaston ?",
        "userDefined": false
      }
    ],
    "isTemplate": false,
    "count": 0,
    "updated": 1522593570
  },
  {
    "id": "40f6b2fc-617c-4da9-abb6-d46eefdcc101",
    "data": [
      {
        "text": "j\u0027ai eu un oubli de 6h le mois dernier puis un autre d\u0027environ 2h.. je sais tres bien que je n\u0027ai pas depassé le delai.. mais je souhaite me rassuré..  je dois bien attendre 23 jours pr le test pipi?",
        "userDefined": false
      }
    ],
    "isTemplate": false,
    "count": 0,
    "updated": 1522593570
  },
  {
    "id": "3b252ec1-c261-4ce6-ba03-f3443951816a",
    "data": [
      {
        "text": "floxyfral : matin ou soir ?",
        "userDefined": false
      }
    ],
    "isTemplate": false,
    "count": 0,
    "updated": 1522593570
  },
  {
    "id": "50f1c444-9e76-4ae4-bfe8-961ed126e664",
    "data": [
      {
        "text": "J\u0027étais traité auparavant par des injections de Victoza mais récemment mon médecin m\u0027as prescrit Tujeo comment dois-je l\u0027utiliser ?",
        "userDefined": false
      }
    ],
    "isTemplate": false,
    "count": 0,
    "updated": 1522593570
  },
  {
    "id": "3d54d753-5a01-4a1d-9d6e-174b08547303",
    "data": [
      {
        "text": "Quand prendre les gélules de Modopar par rapport aux repas?",
        "userDefined": false
      }
    ],
    "isTemplate": false,
    "count": 0,
    "updated": 1522593570
  },
  {
    "id": "477f2686-a270-49f6-876d-58d5b959c6e7",
    "data": [
      {
        "text": "A quelle période faut-il prendre des acides aminés ?",
        "userDefined": false
      }
    ],
    "isTemplate": false,
    "count": 0,
    "updated": 1522593570
  },
  {
    "id": "2b12985e-4d1d-423d-8f81-31681ec0791f",
    "data": [
      {
        "text": "je suis sous pillule, jasmine et j\u0027ai fait un oubli. j\u0027ai repris la pillule oubliée et je n\u0027ai eu que deux rapports, pas d\u0027autres depuis. donc là j\u0027ai fini ma deuxieme plaquette et pas des regles comme d\u0027habitude ; je reprends ma pilule lundi soir sans me poser de questions vous croyez?",
        "userDefined": false
      }
    ],
    "isTemplate": false,
    "count": 0,
    "updated": 1522593570
  },
  {
    "id": "bc1bf029-4763-41f7-85d5-df3411bdae5a",
    "data": [
      {
        "text": "anafranil matin ou soir?",
        "userDefined": false
      }
    ],
    "isTemplate": false,
    "count": 0,
    "updated": 1522593570
  },
  {
    "id": "3fe056b2-e835-4c67-851b-716f23b5d409",
    "data": [
      {
        "text": "À quelle heure est-il préférable de prendre mon bilaska?",
        "userDefined": false
      }
    ],
    "isTemplate": false,
    "count": 0,
    "updated": 1522593570
  },
  {
    "id": "a644f776-4a34-45a0-8791-2362340b6647",
    "data": [
      {
        "text": "efflexor matin ou soir?",
        "userDefined": false
      }
    ],
    "isTemplate": false,
    "count": 1,
    "updated": 1522593570
  },
  {
    "id": "66d19542-673b-4088-9bb1-42eef21ecad5",
    "data": [
      {
        "text": "sous rifinah suit a une tuberculose pulmonaire, je dois prendre le traitement a jeun. combien de temps avant la prise du traitement puis je prendre mon repas, grignotage?",
        "userDefined": false
      }
    ],
    "isTemplate": false,
    "count": 0,
    "updated": 1522593570
  },
  {
    "id": "4fecc65d-04a4-4e3a-8558-42e38af4fd8d",
    "data": [
      {
        "text": "mon homéopathe m\u0027a prescrit des granions de zinc à prendre 2 fois par jour. faut il les prendre de préférence loin des repas, ou le soir ?!",
        "userDefined": false
      }
    ],
    "isTemplate": false,
    "count": 0,
    "updated": 1522593570
  },
  {
    "id": "64fef2a9-c3e7-4e4f-97ee-6d67b35c7e0c",
    "data": [
      {
        "text": "je dois prendre toujours deux cachets / gélules de tetramysal mais les prises ne doivent plus se faire pendant le repas. je voudrais savoir quand je pourrais les prendre de manière optimale sachant que je dois faire 2 prises par jour d\u0027une gélule.",
        "userDefined": false
      }
    ],
    "isTemplate": false,
    "count": 0,
    "updated": 1522593570
  },
  {
    "id": "cd5777de-48fa-417f-803b-d74e3a97675d",
    "data": [
      {
        "text": "de plus j\u0027aimerai savoir s\u0027il est necessaire de prendre paroxetine tous les jours à la même heure.",
        "userDefined": false
      }
    ],
    "isTemplate": false,
    "count": 0,
    "updated": 1522593570
  },
  {
    "id": "bf7e4da9-7d94-4239-b12b-ebc4fbc057f9",
    "data": [
      {
        "text": "Est-ce que je peux prendre mon traitement par Ciprofloxacine le matin ?",
        "userDefined": false
      }
    ],
    "isTemplate": false,
    "count": 0,
    "updated": 1522593570
  },
  {
    "id": "299c03ab-06cd-45d2-ad3e-724efa40f351",
    "data": [
      {
        "text": "je prend du milleperthuis en gélules 4/jour. ma question est quand dois je les prendre ?",
        "userDefined": false
      }
    ],
    "isTemplate": false,
    "count": 0,
    "updated": 1522593570
  },
  {
    "id": "b66e6545-f547-4df2-b096-98395f938973",
    "data": [
      {
        "text": "Peut on prendre deroxat le midi ?",
        "userDefined": false
      }
    ],
    "isTemplate": false,
    "count": 0,
    "updated": 1522593570
  },
  {
    "id": "e5542a3c-f8d1-4dbe-bf34-58ab5884444b",
    "data": [
      {
        "text": "paroxetine pendant le repas ?",
        "userDefined": false
      }
    ],
    "isTemplate": false,
    "count": 0,
    "updated": 1522593570
  },
  {
    "id": "03d08d4d-3937-4dfe-aa1c-983baa96651b",
    "data": [
      {
        "text": "Une préparatrice souhaite savoir s\u0027il faut prendre le Gaviscon solution buvable en sachet avant ou après les repas ?",
        "userDefined": false
      }
    ],
    "isTemplate": false,
    "count": 0,
    "updated": 1522593570
  },
  {
    "id": "ed8310ae-6e5c-4719-b117-ad6b691fb768",
    "data": [
      {
        "text": "je dois prendre duphaston. ma gynéco m\u0027a dit de le prendre du 16èjour au 23 è jour.cependant, vu que je n\u0027ai pas de règles depuis longtemps ( suite à un traitement hormonal), quand dois je le prendre?",
        "userDefined": false
      }
    ],
    "isTemplate": false,
    "count": 0,
    "updated": 1522593570
  },
  {
    "id": "ecdbfe11-db82-4f7b-bb69-e3979863c1d3",
    "data": [
      {
        "text": "ayant pris la pilule du lendemain dans les 12h suivant le rapport, peut elle être efficace?",
        "userDefined": false
      }
    ],
    "isTemplate": false,
    "count": 0,
    "updated": 1522593570
  },
  {
    "id": "7ffa7aeb-01ef-4345-8696-843c02041294",
    "data": [
      {
        "text": "je suis prozac depuis un peu plus de 3 semaines. et je me sens complètement abruti, je baille en permanence, et je n\u0027arrive plus du tout à réfléchir. cel changerait-il quelque chose si je prenais mes cachets le soir au lieu du matin ?",
        "userDefined": false
      }
    ],
    "isTemplate": false,
    "count": 0,
    "updated": 1522593570
  },
  {
    "id": "5ac39478-97bd-4ca3-ade5-0b46cdef4dc0",
    "data": [
      {
        "text": "harmonet à heure fixe?",
        "userDefined": false
      }
    ],
    "isTemplate": false,
    "count": 0,
    "updated": 1522593570
  },
  {
    "id": "199330c1-8f6f-4483-9e88-724642adb045",
    "data": [
      {
        "text": "Quand dois je prendre laroxyl?",
        "userDefined": false
      }
    ],
    "isTemplate": false,
    "count": 0,
    "updated": 1522593570
  },
  {
    "id": "5489ee98-2235-4b74-9133-d94727a6e8a0",
    "data": [
      {
        "text": "Doit-on prendre le deroxat le matin ou le midi ?",
        "userDefined": false
      }
    ],
    "isTemplate": false,
    "count": 0,
    "updated": 1522593570
  },
  {
    "id": "f294077a-7a0d-45eb-bf4e-d3d65765ad92",
    "data": [
      {
        "text": "on m\u0027a donné cacit vitamine d (calcium + vit d) et là on m\u0027a donné à la place du sterogyl 10, à quel moment faut il le prendre ?",
        "userDefined": false
      }
    ],
    "isTemplate": false,
    "count": 0,
    "updated": 1522593570
  },
  {
    "id": "e07b0972-a147-4226-b8c4-469792855a78",
    "data": [
      {
        "text": "Je prends de l\u0027Atorvastatine 20mg au coucher, est-ce que je peux les prendre plutôt au souper ?",
        "userDefined": false
      }
    ],
    "isTemplate": false,
    "count": 0,
    "updated": 1522593570
  },
  {
    "id": "d7a86f29-2d6a-4535-9b72-99f3f7b652a0",
    "data": [
      {
        "text": "A quel moment est il préférable de prendre du zoloft?",
        "userDefined": false
      }
    ],
    "isTemplate": false,
    "count": 0,
    "updated": 1522593570
  },
  {
    "id": "cba94a0b-2135-474b-a199-ee4c4a14f0ab",
    "data": [
      {
        "text": "Faut-il prendre l\u0027Augmentin pendant les repas ?",
        "userDefined": false
      }
    ],
    "isTemplate": false,
    "count": 0,
    "updated": 1522593570
  },
  {
    "id": "79dc57fa-4906-4a83-8368-bbea443b5499",
    "data": [
      {
        "text": "A quel moment de la journée prendre zyprexa 10mg ?",
        "userDefined": false
      }
    ],
    "isTemplate": false,
    "count": 0,
    "updated": 1522593570
  },
  {
    "id": "18004099-4f17-4324-938f-d74d799479c6",
    "data": [
      {
        "text": "patch evra : quand?",
        "userDefined": false
      }
    ],
    "isTemplate": false,
    "count": 0,
    "updated": 1522593570
  },
  {
    "id": "ce721d80-a667-4732-8289-e78e857a26cd",
    "data": [
      {
        "text": "Etant bloquée pour la poursuite de la vaccination hépatite B, une patiente nous a demandé quel était précisément le délai maximal entre la 2 et 3ème injection d\u0027engerix 10 pour sa fille de 9 ans ,  plus exactement si elle pouvait perdre le bénéfice de l\u0027immunité acquise jusqu\u0027ici si cette 3ème injection est réalisée trop tardivement et quelle était la protection assurée par deux doses ?",
        "userDefined": false
      }
    ],
    "isTemplate": false,
    "count": 0,
    "updated": 1522593570
  },
  {
    "id": "af0a96e2-5e52-4bc0-b49e-5dd06cbeba5d",
    "data": [
      {
        "text": "est-ce convenable de prendre 2 comprimés de la spiruline 1/2h avt chaque repas ?",
        "userDefined": false
      }
    ],
    "isTemplate": false,
    "count": 0,
    "updated": 1522593570
  },
  {
    "id": "96c85b30-87f9-42be-bbf3-a4743f4ce2d1",
    "data": [
      {
        "text": "j\u0027ai recommencé ma nouvelle plaquette de jasmine. Est-ce que les  différences d\u0027heure de prise sont  importants?",
        "userDefined": false
      }
    ],
    "isTemplate": false,
    "count": 0,
    "updated": 1522593570
  },
  {
    "id": "aafcdf01-1541-4f05-b050-5e3e999ad38d",
    "data": [
      {
        "text": "Faut-il prendre seropram le matin ?",
        "userDefined": false
      }
    ],
    "isTemplate": false,
    "count": 0,
    "updated": 1522593570
  },
  {
    "id": "6521883f-185d-478e-9a0f-decdf6ca71f2",
    "data": [
      {
        "text": "mon psy me dit de prendre 50mg de sertraline la matin et 50 mg de sertraline le soir : peut on prendre 100mg soit le matin ou a midi au lieu de 50mg matin et 50mg soir?",
        "userDefined": false
      }
    ],
    "isTemplate": false,
    "count": 0,
    "updated": 1522593570
  },
  {
    "id": "89d1bea5-4987-4030-9cbc-20d7c1cd84d5",
    "data": [
      {
        "text": "je commence dès aujourd\u0027hui ma contraception androcur + provames pdant 20j puis arret de 8j. j\u0027aimerai savoir à quelle heure je dois prendre les comprimés ?",
        "userDefined": false
      }
    ],
    "isTemplate": false,
    "count": 0,
    "updated": 1522593570
  },
  {
    "id": "b9ad9ab3-9406-4f29-92e4-d84166b7895b",
    "data": [
      {
        "text": "Peut on prendre le Cymbalta à midi ?",
        "userDefined": false
      }
    ],
    "isTemplate": false,
    "count": 0,
    "updated": 1522593570
  },
  {
    "id": "326af076-914c-4b9a-a4ba-3bee28d20006",
    "data": [
      {
        "text": "deroxat en mangeant ?",
        "userDefined": false
      }
    ],
    "isTemplate": false,
    "count": 0,
    "updated": 1522593570
  },
  {
    "id": "be87e21e-7882-412e-8ddd-c50bfdb61fc0",
    "data": [
      {
        "text": "ma gynéco m\u0027a prescrit duphaston car depuis que j\u0027ai arrêté la pilule, mes règles ne sont pas revenues. le pb est que je ne comprends pas l\u0027ordonnance et que je n\u0027ai pas envie de la rappeler car elle est peu aimable. quand dois-je le prendre? est ce que quelqu\u0027un est ds ma situation? merci",
        "userDefined": false
      }
    ],
    "isTemplate": false,
    "count": 0,
    "updated": 1522593570
  },
  {
    "id": "69e7622c-c3cd-4702-a3d9-f30eed146731",
    "data": [
      {
        "text": "Quand dois je prendre seroplex?",
        "userDefined": false
      }
    ],
    "isTemplate": false,
    "count": 0,
    "updated": 1522593570
  },
  {
    "id": "3efdea7a-f097-4e15-820a-2472f88cf9b0",
    "data": [
      {
        "text": "trinordiol et heure de prise ??",
        "userDefined": false
      }
    ],
    "isTemplate": false,
    "count": 0,
    "updated": 1522593570
  },
  {
    "id": "2291a25b-3920-449e-a0c2-c4129a04d669",
    "data": [
      {
        "text": "Floxyfral, matin ou soir ?",
        "userDefined": false
      }
    ],
    "isTemplate": false,
    "count": 0,
    "updated": 1522593570
  },
  {
    "id": "e46452d5-2d53-4436-95db-35ad1836e7c8",
    "data": [
      {
        "text": "Quel est le meilleur moment dans la journée pour prendre de l\u0027Allopurinol ?",
        "userDefined": false
      }
    ],
    "isTemplate": false,
    "count": 0,
    "updated": 1522593570
  },
  {
    "id": "a0c860bc-e608-497e-93a0-4644bbdce04d",
    "data": [
      {
        "text": "Seropram contre la fatigue, dois-je le prendre le matin ou le soir ?",
        "userDefined": false
      }
    ],
    "isTemplate": false,
    "count": 0,
    "updated": 1522593570
  },
  {
    "id": "5f9f3ba3-dc70-44cf-aa40-dbf9788fe287",
    "data": [
      {
        "text": "A quel moment faut il prendre cacit vitamine D",
        "userDefined": false
      }
    ],
    "isTemplate": false,
    "count": 0,
    "updated": 1522593570
  },
  {
    "id": "5d71cecf-5f73-4b86-931f-52248b21528c",
    "data": [
      {
        "text": "je prends ma pilule trinordiol à chaque fois à 12h30..à la prochaine plaquette, est-ce que je pourrais la prendre, par ex, à 7h00..et la 3ème plaquette, par ex, à 16h00??",
        "userDefined": false
      }
    ],
    "isTemplate": false,
    "count": 0,
    "updated": 1522593570
  },
  {
    "id": "5eace397-b021-43e6-afe6-48937dd6db56",
    "data": [
      {
        "text": "Combien de temps faut-il attendre entre un priorix et du celestene?",
        "userDefined": false
      }
    ],
    "isTemplate": false,
    "count": 0,
    "updated": 1522593570
  },
  {
    "id": "a6f187c0-3f1f-4e88-8bc0-31ad730a5e14",
    "data": [
      {
        "text": "bonjour a tous, j\u0027ai commencé hier a prendre du seropram car depuis dec 03 je suis tres fatigué. mon doc se demande si ce n\u0027est aps une depression masqué tout en sachant que je perd de + en plus le moral (ce qui n\u0027etait pas le cas acvant). elle ma dit de prendre un demi seropram au coucher qui fait que cette nuit j\u0027ai fait un peu d\u0027insomnie alors que d\u0027habitude je suis affalé. g l\u0027impression que dans mon cas ca serait mieux de le prendre le matin car en + dans mon cas le but est d\u0027estomper la fatigue, en sachant que le seropram est un psychostimulant. c pas bizare de le prendre le soir? kkun peut il m\u0027aider? merci par avance et tres bon we a tous!!",
        "userDefined": false
      }
    ],
    "isTemplate": false,
    "count": 0,
    "updated": 1522593570
  },
  {
    "id": "c87aa4ca-8ff8-44db-8607-3d15c9247fa5",
    "data": [
      {
        "text": "Quel moment de la journée est le mieux pour prendre les 2 bouffées de Spiolto qui m\u0027ont été prescrites ?",
        "userDefined": false
      }
    ],
    "isTemplate": false,
    "count": 0,
    "updated": 1522593570
  },
  {
    "id": "fa0d56d9-799c-4739-9f78-4a5b887b65f7",
    "data": [
      {
        "text": "je prend prozac depuis 8 jours le soir je voulais savoir si au lieu de le prendre le soir je pouvais changer et le prendre le matin car j\u0027ai l\u0027impression que le soir je n\u0027arrive pas à dormir à cause du prozac ?",
        "userDefined": false
      }
    ],
    "isTemplate": false,
    "count": 0,
    "updated": 1522593570
  },
  {
    "id": "0f2116d8-bec6-4759-a7ed-24f11bdee1c1",
    "data": [
      {
        "text": "A quel moment de la journée prendre de la vitamine C ?",
        "userDefined": false
      }
    ],
    "isTemplate": false,
    "count": 0,
    "updated": 1522593570
  },
  {
    "id": "c2f2b85c-a1c5-4a2c-bf7c-2a50abba006e",
    "data": [
      {
        "text": "Quand est-ce que je dois prendre mes comprimés de tramadol ?",
        "userDefined": false
      }
    ],
    "isTemplate": false,
    "count": 0,
    "updated": 1522593570
  },
  {
    "id": "8bd6b8cb-759e-453d-9881-cba3a30832bf",
    "data": [
      {
        "text": "prozac le matin ou le soir ?",
        "userDefined": false
      }
    ],
    "isTemplate": false,
    "count": 0,
    "updated": 1522593570
  },
  {
    "id": "16697347-9c8a-4cdf-9602-32bf1b50351e",
    "data": [
      {
        "text": "deroxat, soir ou matin ?",
        "userDefined": false
      }
    ],
    "isTemplate": false,
    "count": 0,
    "updated": 1522593570
  },
  {
    "id": "5ac93d84-05e3-46fe-b5bd-b4ea54d1687f",
    "data": [
      {
        "text": "y a t il un problème si je me trompe d heure et que je prends ma pilule (daily gé) une heure avant ?",
        "userDefined": false
      }
    ],
    "isTemplate": false,
    "count": 0,
    "updated": 1522593570
  },
  {
    "id": "1e965458-c0c0-4e5b-85b6-ac722cdfbce3",
    "data": [
      {
        "text": "il vaut mieux prendre le deroxat le soir ou le matin ?",
        "userDefined": false
      }
    ],
    "isTemplate": false,
    "count": 0,
    "updated": 1522593570
  },
  {
    "id": "b2a2f1b6-1666-43aa-a1f9-faba60fe4a5f",
    "data": [
      {
        "text": "Est-il préférable de prendre Deroxat le matin ou le soir ?",
        "userDefined": false
      }
    ],
    "isTemplate": false,
    "count": 0,
    "updated": 1522593570
  },
  {
    "id": "15238518-89f8-4866-b093-140175c6473e",
    "data": [
      {
        "text": "Peut-on prendre le seropam le matin ?",
        "userDefined": false
      }
    ],
    "isTemplate": false,
    "count": 0,
    "updated": 1522593570
  },
  {
    "id": "01530e7e-ea4c-46f6-a811-7e8a56593edd",
    "data": [
      {
        "text": "A quel moment prendre le seroplex ?",
        "userDefined": false
      }
    ],
    "isTemplate": false,
    "count": 0,
    "updated": 1522593570
  },
  {
    "id": "622a6095-2cb8-431a-875a-1cfa15a0c3ee",
    "data": [
      {
        "text": "j\u0027aurai aimé savoir quand prendre latuda 40mg ?",
        "userDefined": false
      }
    ],
    "isTemplate": false,
    "count": 0,
    "updated": 1522593570
  },
  {
    "id": "5e1937e2-09f6-420e-b166-31d1045f57c9",
    "data": [
      {
        "text": "Quel est le mieux pour prendre le Tahor ?",
        "userDefined": false
      }
    ],
    "isTemplate": false,
    "count": 0,
    "updated": 1522593570
  },
  {
    "id": "ca69354e-4880-43c0-ba08-9e54b4096105",
    "data": [
      {
        "text": "nux vomica, à quelle heure peut on les prendres?",
        "userDefined": false
      }
    ],
    "isTemplate": false,
    "count": 0,
    "updated": 1522593570
  },
  {
    "id": "58ca5bb7-9914-4a75-9fe9-3aa417a7a602",
    "data": [
      {
        "text": "depuis 10 jours je prend seropram 20 un tout les matins.. j\u0027envisage d\u0027ailleurs de prendre mon comprimé le soir à partir de demain. qu\u0027en pensez-vous ?",
        "userDefined": false
      }
    ],
    "isTemplate": false,
    "count": 0,
    "updated": 1522593570
  },
  {
    "id": "19ce81de-447a-4757-924a-d92767ebff08",
    "data": [
      {
        "text": "séresta se prend à quel moment de la journée?",
        "userDefined": false
      }
    ],
    "isTemplate": false,
    "count": 0,
    "updated": 1522593570
  },
  {
    "id": "c6b9a892-6d60-4662-a15d-f5576fa07382",
    "data": [
      {
        "text": "Puis-je prendre seropram le midi ?",
        "userDefined": false
      }
    ],
    "isTemplate": false,
    "count": 0,
    "updated": 1522593570
  },
  {
    "id": "050c8be6-c1ec-409f-8369-790033baecc7",
    "data": [
      {
        "text": "effexor toujours a la meme heure?",
        "userDefined": false
      }
    ],
    "isTemplate": false,
    "count": 0,
    "updated": 1522593570
  },
  {
    "id": "89bea748-cce8-4627-8e31-11b6ca0a7d2f",
    "data": [
      {
        "text": "seropram prise le matin ?",
        "userDefined": false
      }
    ],
    "isTemplate": false,
    "count": 0,
    "updated": 1522593570
  },
  {
    "id": "bd4100f8-cbf8-497d-81f5-fb409028848e",
    "data": [
      {
        "text": "A quel moment de la journée dois-je prendre mon traitement par Questran 4g ?",
        "userDefined": false
      }
    ],
    "isTemplate": false,
    "count": 0,
    "updated": 1522593570
  },
  {
    "id": "fccfcc00-de3c-4ea3-9e5b-35c96bbc947f",
    "data": [
      {
        "text": "je dois prendre minidril. elle m\u0027a dit que je ne suis pas obligée de la prendre à la même heure mais plutôt dans la même tranche horaire. est-ce vrai ?",
        "userDefined": false
      }
    ],
    "isTemplate": false,
    "count": 0,
    "updated": 1522593570
  },
  {
    "id": "4cf2eec0-5cdc-414d-bb9f-fa94ebb14481",
    "data": [
      {
        "text": "J\u0027ai l\u0027habitude de prendre du Brufen pour mes douleurs lombaires parfois et j\u0027ai lu sur internet qu\u0027il est plus efficace le matin mais mieux toléré le soir, je suis un peu perdu",
        "userDefined": false
      }
    ],
    "isTemplate": false,
    "count": 0,
    "updated": 1522593570
  },
  {
    "id": "07f8b560-169f-4c6f-9910-9604de3cc4c1",
    "data": [
      {
        "text": "on prend séroplex le soir?",
        "userDefined": false
      }
    ],
    "isTemplate": false,
    "count": 0,
    "updated": 1522593570
  },
  {
    "id": "83e011c5-922b-466f-b25b-98ff57b96d1e",
    "data": [
      {
        "text": "deroxat matin,midi ou soir?",
        "userDefined": false
      }
    ],
    "isTemplate": false,
    "count": 0,
    "updated": 1522593570
  },
  {
    "id": "25a51f40-d041-4f32-bcc9-3aaa8f354372",
    "data": [
      {
        "text": "progesteronum 7 ch, je ne sais pas du tout à quelle heure le prendre",
        "userDefined": false
      }
    ],
    "isTemplate": false,
    "count": 0,
    "updated": 1522593570
  }
]