[
  {
    "id": "01f9d245-6784-4026-98c3-bb7a15e1c4b5",
    "data": [
      {
        "text": "Peut-on écraser les comprimés de Ropinirole LP pour les dissoudre dans l\u0027eau?",
        "userDefined": false
      }
    ],
    "isTemplate": false,
    "count": 0,
    "updated": 1522593226
  },
  {
    "id": "cb44dd72-8b8f-4d67-a5de-372a7ad1c0ec",
    "data": [
      {
        "text": "Une pharmacienne reçoit la prescription d\u0027un demi patch Femseptevo 50microgrammes/7microgrammes/24H dispositif transdermique par jour, elle souhaite savoir si les patch sont découpables ?",
        "userDefined": false
      }
    ],
    "isTemplate": false,
    "count": 0,
    "updated": 1522593226
  },
  {
    "id": "9934f80c-62d5-4dc9-8ea5-f7b230bfd797",
    "data": [
      {
        "text": "Le comprimé de Rivotril 2 mg est-il sécable?",
        "userDefined": false
      }
    ],
    "isTemplate": false,
    "count": 0,
    "updated": 1522593226
  },
  {
    "id": "486a6479-7259-4a69-a6ce-e0fdb9d476c4",
    "data": [
      {
        "text": "Un pharmacien souhaite savoir s\u0027il est possible d\u0027ouvrir les gélules d\u0027Esomeprazole Krka 40mg ?",
        "userDefined": false
      }
    ],
    "isTemplate": false,
    "count": 0,
    "updated": 1522593226
  },
  {
    "id": "bd8533f0-ca24-426f-bfb1-e6e1c3e2ed4a",
    "data": [
      {
        "text": "Le comprimé de seropram est il sécable ?",
        "userDefined": false
      }
    ],
    "isTemplate": false,
    "count": 0,
    "updated": 1522593226
  },
  {
    "id": "4c0ff0a1-d379-4886-872c-e99457bb2343",
    "data": [
      {
        "text": "Peut-on casser en 4 un previscan ?",
        "userDefined": false
      }
    ],
    "isTemplate": false,
    "count": 0,
    "updated": 1522593226
  },
  {
    "id": "ed053c9d-e5de-469c-b7c7-841ddde48174",
    "data": [
      {
        "text": "est-ce que si je prend 20mg de valium avec de l\u0027alcool je vais planer ?",
        "userDefined": false
      }
    ],
    "isTemplate": false,
    "count": 0,
    "updated": 1522593226
  },
  {
    "id": "59c87758-645f-49c2-bdc5-062cc876bca3",
    "data": [
      {
        "text": "peut on couper un médicament de paroxétine biogaran 20 mg en 4 afin de prendre des prises de 5 mg ?",
        "userDefined": false
      }
    ],
    "isTemplate": false,
    "count": 0,
    "updated": 1522593226
  },
  {
    "id": "04a348c5-2813-4f7a-91ff-bfbdd82965bb",
    "data": [
      {
        "text": "Peut-on couper en deux un comprimé de previscan ?",
        "userDefined": false
      }
    ],
    "isTemplate": false,
    "count": 0,
    "updated": 1522593226
  },
  {
    "id": "a629bed1-18b9-43e2-b5e4-b91c4e44e67a",
    "data": [
      {
        "text": "Puis-je ouvrir une gélule de Loxen LP 50mg ?",
        "userDefined": false
      }
    ],
    "isTemplate": false,
    "count": 0,
    "updated": 1522593226
  },
  {
    "id": "bfde16d1-f90a-49a9-87db-79b00c5c7ac6",
    "data": [
      {
        "text": "Peut-on ouvrir une gélule de paracetamol et la diluer dans l\u0027eau?",
        "userDefined": false
      }
    ],
    "isTemplate": false,
    "count": 0,
    "updated": 1522593226
  },
  {
    "id": "29b22f67-94b0-4c01-bfaf-fb8fd6d4fddf",
    "data": [
      {
        "text": "Le paracetamol est-il sécable?",
        "userDefined": false
      }
    ],
    "isTemplate": false,
    "count": 0,
    "updated": 1522593226
  },
  {
    "id": "5b3f1062-87e5-49a0-a83f-270bcd13f1ad",
    "data": [
      {
        "text": "le crestor est-il coupable en deux?",
        "userDefined": false
      }
    ],
    "isTemplate": false,
    "count": 0,
    "updated": 1522593226
  },
  {
    "id": "ec2b3d4a-7035-4f9a-8f61-76051e62f7c6",
    "data": [
      {
        "text": "Une pharmacienne à l\u0027hôpital aimerait savoir si on peut écraser les comprimés de Propranolol Sandoz 40mg, d\u0027Orocal Vitamine D3 500mg/400UI et Carbidopa/Levodopa Teva 10mg/100mg pour les administrer à des patients avec des problèmes de déglutition",
        "userDefined": false
      }
    ],
    "isTemplate": false,
    "count": 0,
    "updated": 1522593226
  },
  {
    "id": "250cc4d3-1192-4942-a45f-fa4bc908d0a3",
    "data": [
      {
        "text": "Le Préviscan est-il sécable?",
        "userDefined": false
      }
    ],
    "isTemplate": false,
    "count": 0,
    "updated": 1522593226
  },
  {
    "id": "8816f9b6-be28-472a-8cd5-5dd18f6404d7",
    "data": [
      {
        "text": "peut-on écraser un doliprane ?",
        "userDefined": false
      }
    ],
    "isTemplate": false,
    "count": 0,
    "updated": 1522593226
  },
  {
    "id": "5f8eccba-952e-49c2-bcfa-7aec20352b99",
    "data": [
      {
        "text": "Doliprane : comprimé secable ?",
        "userDefined": false
      }
    ],
    "isTemplate": false,
    "count": 0,
    "updated": 1522593226
  },
  {
    "id": "5bf1f1ef-a149-48f2-bf27-7331a10c7ac7",
    "data": [
      {
        "text": "Mon patient divise le comprimé de previscan en 6. que faire?",
        "userDefined": false
      }
    ],
    "isTemplate": false,
    "count": 0,
    "updated": 1522593226
  },
  {
    "id": "533edf3e-199a-4c1d-a988-a2c21b33f35b",
    "data": [
      {
        "text": "Le pantoprazol 40mg est il sécable ?",
        "userDefined": false
      }
    ],
    "isTemplate": false,
    "count": 0,
    "updated": 1522593226
  },
  {
    "id": "99d30006-7e11-45f6-b9e6-c86f4dc251ab",
    "data": [
      {
        "text": "peut on coupé en 2 un comprimé de bactrim forte ?",
        "userDefined": false
      }
    ],
    "isTemplate": false,
    "count": 0,
    "updated": 1522593226
  },
  {
    "id": "1959b596-0dd1-409a-a18c-9f094b82f9e8",
    "data": [
      {
        "text": "pantoprazole 40mg est-il sécable ?",
        "userDefined": false
      }
    ],
    "isTemplate": false,
    "count": 0,
    "updated": 1522593226
  },
  {
    "id": "dab3816e-5818-4870-9ad2-23e1579a5eda",
    "data": [
      {
        "text": "Les comprimés de Mémantine peuvent-ils être coupés?",
        "userDefined": false
      }
    ],
    "isTemplate": false,
    "count": 0,
    "updated": 1522593226
  }
]