[
  {
    "id": "2c78e398-da92-4d1b-b302-98bcb9c7f234",
    "data": [
      {
        "text": "deroxat est un anxiolytique ou un antidépresseur ?",
        "userDefined": false
      }
    ],
    "isTemplate": false,
    "count": 0,
    "updated": 1522593226
  },
  {
    "id": "05d6bc76-50ed-452a-abc6-f7cb2fa6b2c7",
    "data": [
      {
        "text": "famille de médicament de xanax et nordaz ?",
        "userDefined": false
      }
    ],
    "isTemplate": false,
    "count": 0,
    "updated": 1522593226
  },
  {
    "id": "b97ccde9-b808-44d8-a9ab-c294ca3a95cb",
    "data": [
      {
        "text": "cefpodoxime est une quinolone?",
        "userDefined": false
      }
    ],
    "isTemplate": false,
    "count": 0,
    "updated": 1522593226
  },
  {
    "id": "232dd2bf-2435-4089-a028-91ad38a08c7a",
    "data": [
      {
        "text": "Quelle est la classe thérapeutique du seropram ?",
        "userDefined": false
      }
    ],
    "isTemplate": false,
    "count": 0,
    "updated": 1522593226
  },
  {
    "id": "1abedfe2-e6b3-43c8-90df-bb20b53272e1",
    "data": [
      {
        "text": "baclofene est il anxyolitique  ?",
        "userDefined": false
      }
    ],
    "isTemplate": false,
    "count": 0,
    "updated": 1522593226
  },
  {
    "id": "d2612de7-76b2-4324-a8c1-b6c3906575ea",
    "data": [
      {
        "text": "Quel type de médicament est le seroplex?",
        "userDefined": false
      }
    ],
    "isTemplate": false,
    "count": 0,
    "updated": 1522593226
  },
  {
    "id": "e7902b8f-f1ad-4734-91c8-af0027e281de",
    "data": [
      {
        "text": "Tegretol est il un régulateur de l\u0027humeur ?",
        "userDefined": false
      }
    ],
    "isTemplate": false,
    "count": 0,
    "updated": 1522593226
  },
  {
    "id": "4da2cf31-de1d-4d4b-ba5a-b0b429aa45db",
    "data": [
      {
        "text": "est-ce que triafermi est bien une mini pillule, ?",
        "userDefined": false
      }
    ],
    "isTemplate": false,
    "count": 0,
    "updated": 1522593226
  },
  {
    "id": "15e24147-460f-4a61-b689-42c3a67ddca9",
    "data": [
      {
        "text": "Est-ce plavix est un anticoagulant?",
        "userDefined": false
      }
    ],
    "isTemplate": false,
    "count": 0,
    "updated": 1522593226
  },
  {
    "id": "2261af54-5e6f-410e-91ee-ef1aacbd90b4",
    "data": [
      {
        "text": "A quelle classe thérapeutique appartient Daily Gé ?",
        "userDefined": false
      }
    ],
    "isTemplate": false,
    "count": 0,
    "updated": 1522593226
  },
  {
    "id": "6a06bc80-54b7-4d34-869f-2e4c194a2839",
    "data": [
      {
        "text": "Le lasilix apartient à quelle catégorie ?",
        "userDefined": false
      }
    ],
    "isTemplate": false,
    "count": 0,
    "updated": 1522593226
  },
  {
    "id": "1ad4411c-f12a-41dc-9c97-f7e09334de17",
    "data": [
      {
        "text": "quelqu\u0027un sait si jasmine est minidosée ou non?",
        "userDefined": false
      }
    ],
    "isTemplate": false,
    "count": 0,
    "updated": 1522593226
  },
  {
    "id": "7c61f574-158b-4105-aa92-40dd4d4309f2",
    "data": [
      {
        "text": "pouvez vous me dire si le médicament clarithromycine est dans la même famille que les ampicilline ?",
        "userDefined": false
      }
    ],
    "isTemplate": false,
    "count": 0,
    "updated": 1522593226
  },
  {
    "id": "9a974432-48d7-47bf-b0e8-4e0260a1c4d2",
    "data": [
      {
        "text": "A quelle classe de médicament appartient Circadin?",
        "userDefined": false
      }
    ],
    "isTemplate": false,
    "count": 0,
    "updated": 1522593226
  },
  {
    "id": "473b104b-38d7-438e-8398-70e4f8edfee2",
    "data": [
      {
        "text": "sterilet cuivre? besoin d infos",
        "userDefined": false
      }
    ],
    "isTemplate": false,
    "count": 0,
    "updated": 1522593226
  },
  {
    "id": "679d96d2-4429-4bf5-ae9d-7118a3fde90f",
    "data": [
      {
        "text": "A quelle famille appartient contalax ?",
        "userDefined": false
      }
    ],
    "isTemplate": false,
    "count": 0,
    "updated": 1522593226
  },
  {
    "id": "44f5a70c-f890-4d9b-b434-a99447417111",
    "data": [
      {
        "text": "peut-on dire que le nexavar est un traitement qui s\u0027apparente à de la chimiothérapie ? est-il aussi efficace qu\u0027on le dit ? merci de me répondre",
        "userDefined": false
      }
    ],
    "isTemplate": false,
    "count": 0,
    "updated": 1522593226
  },
  {
    "id": "d4fcf150-c91f-44c0-aafb-832c63703a6c",
    "data": [
      {
        "text": "Valdoxan est-il un antipsychotique?",
        "userDefined": false
      }
    ],
    "isTemplate": false,
    "count": 0,
    "updated": 1522593226
  },
  {
    "id": "cda8eda9-3ae5-40db-8743-6fef0c503015",
    "data": [
      {
        "text": "luteran 20 une pillule ?",
        "userDefined": false
      }
    ],
    "isTemplate": false,
    "count": 0,
    "updated": 1522593226
  },
  {
    "id": "e2f5c660-7d69-4f97-a287-bb7e248708f7",
    "data": [
      {
        "text": "Quelle est la classe pharmacologique de l\u0027amitriptyline?",
        "userDefined": false
      }
    ],
    "isTemplate": false,
    "count": 0,
    "updated": 1522593226
  },
  {
    "id": "f61f672f-06ea-43db-a8eb-7cc7f83007c9",
    "data": [
      {
        "text": "Qu\u0027est ce qu\u0027un neuroleptique ?",
        "userDefined": false
      }
    ],
    "isTemplate": false,
    "count": 0,
    "updated": 1522593226
  },
  {
    "id": "e6b24cd7-22be-4634-8bee-03471699efa8",
    "data": [
      {
        "text": "stablon ? \u003d ATD ?",
        "userDefined": false
      }
    ],
    "isTemplate": false,
    "count": 0,
    "updated": 1522593226
  },
  {
    "id": "2bdbbf0c-7517-4b84-9762-02f95264b787",
    "data": [
      {
        "text": "quels sont les différents sterilets?",
        "userDefined": false
      }
    ],
    "isTemplate": false,
    "count": 0,
    "updated": 1522593226
  },
  {
    "id": "e719b028-36b0-41d6-bf53-05718a022cd0",
    "data": [
      {
        "text": "est ce que spasmine est un somnifere?",
        "userDefined": false
      }
    ],
    "isTemplate": false,
    "count": 0,
    "updated": 1522593226
  },
  {
    "id": "a35f10af-746a-49ce-8192-3f27ab3e9f5b",
    "data": [
      {
        "text": "Qu\u0027est-ce qu\u0027un produit de contraste?",
        "userDefined": false
      }
    ],
    "isTemplate": false,
    "count": 0,
    "updated": 1522593226
  },
  {
    "id": "fe1eb313-52ab-4672-8ea8-79b8f53bc21a",
    "data": [
      {
        "text": "mon docteur m\u0027as prescris du déanxit pour mon angoisse. deanxit est un ad triciclyque ?",
        "userDefined": false
      }
    ],
    "isTemplate": false,
    "count": 0,
    "updated": 1522593226
  },
  {
    "id": "2e839750-8b0e-4855-a49d-bcb414cb225b",
    "data": [
      {
        "text": "sterilet en cuivre ??",
        "userDefined": false
      }
    ],
    "isTemplate": false,
    "count": 0,
    "updated": 1522593226
  },
  {
    "id": "0d0f0d6f-5a4f-487f-a100-3614be090808",
    "data": [
      {
        "text": "a quelle catégorie appartient optimizette ?",
        "userDefined": false
      }
    ],
    "isTemplate": false,
    "count": 0,
    "updated": 1522593226
  },
  {
    "id": "a9bd8379-618e-4bb2-a4d4-7471ac0f52b2",
    "data": [
      {
        "text": "Quels sont les inhibiteurs de la recapture de la noradrénaline ?",
        "userDefined": false
      }
    ],
    "isTemplate": false,
    "count": 0,
    "updated": 1522593226
  },
  {
    "id": "710431c6-f128-4369-a7d2-48ad07c5454b",
    "data": [
      {
        "text": "est-ce que le seroplex est un antidépresseur?",
        "userDefined": false
      }
    ],
    "isTemplate": false,
    "count": 0,
    "updated": 1522593226
  },
  {
    "id": "1d7c4d89-1697-4b14-8ce6-fee007e742ba",
    "data": [
      {
        "text": "xanax est-il un somnifère?",
        "userDefined": false
      }
    ],
    "isTemplate": false,
    "count": 0,
    "updated": 1522593226
  },
  {
    "id": "9d30513a-8461-4294-ba1b-9ce663ec9108",
    "data": [
      {
        "text": "Abilify est-il un neuroleptique ?",
        "userDefined": false
      }
    ],
    "isTemplate": false,
    "count": 0,
    "updated": 1522593226
  },
  {
    "id": "825f9370-003e-421b-ad70-1adb6be0e9d1",
    "data": [
      {
        "text": "concernant abilify, pourquoi l\u0027appelle t\u0027on neurolepique atypique?",
        "userDefined": false
      }
    ],
    "isTemplate": false,
    "count": 0,
    "updated": 1522593226
  },
  {
    "id": "f74c9867-a50e-4188-a913-78dbd24adf81",
    "data": [
      {
        "text": "Lutenyl est il un contraceptif ?",
        "userDefined": false
      }
    ],
    "isTemplate": false,
    "count": 0,
    "updated": 1522593226
  },
  {
    "id": "020ecb83-6dfb-4aea-a959-d3b82dda82d8",
    "data": [
      {
        "text": "Est-ce que orgametril est une pilule?",
        "userDefined": false
      }
    ],
    "isTemplate": false,
    "count": 0,
    "updated": 1522593226
  },
  {
    "id": "c59d9676-497c-4543-b301-1bab3cec86b4",
    "data": [
      {
        "text": "cerazette est une pilule ??",
        "userDefined": false
      }
    ],
    "isTemplate": false,
    "count": 0,
    "updated": 1522593226
  },
  {
    "id": "1a582f49-888e-4062-b4b5-898acff57c2c",
    "data": [
      {
        "text": "sédatif pc est-il un sédatif ?",
        "userDefined": false
      }
    ],
    "isTemplate": false,
    "count": 0,
    "updated": 1522593226
  },
  {
    "id": "f47ef12e-ffde-4aa3-aebb-e6efac7ee94f",
    "data": [
      {
        "text": "savez vous si adepal est une pilule microdosée ?",
        "userDefined": false
      }
    ],
    "isTemplate": false,
    "count": 0,
    "updated": 1522593226
  },
  {
    "id": "331f9efb-0970-48be-88c9-d448f2d16e52",
    "data": [
      {
        "text": "le millepertuis est un imao?",
        "userDefined": false
      }
    ],
    "isTemplate": false,
    "count": 1,
    "updated": 1522593226
  },
  {
    "id": "8f887eff-c39e-4a5e-8572-f2358067673a",
    "data": [
      {
        "text": "ovarium folliculum progesteronum pas homéo ?",
        "userDefined": false
      }
    ],
    "isTemplate": false,
    "count": 0,
    "updated": 1522593226
  },
  {
    "id": "993c0e0a-e968-4142-b372-eda286755135",
    "data": [
      {
        "text": "que sont les CHUT ?",
        "userDefined": false
      }
    ],
    "isTemplate": false,
    "count": 0,
    "updated": 1522593226
  },
  {
    "id": "3affc3c9-c542-45f6-afc4-b2007e5a6cea",
    "data": [
      {
        "text": "A quelle classe médicamenteuse appartient le Rivotril?",
        "userDefined": false
      }
    ],
    "isTemplate": false,
    "count": 0,
    "updated": 1522593226
  },
  {
    "id": "e074863f-15cc-4836-b5f3-62905d19bb1a",
    "data": [
      {
        "text": "est ce que vous savez si le tranxene est un somnifere ?",
        "userDefined": false
      }
    ],
    "isTemplate": false,
    "count": 0,
    "updated": 1522593226
  },
  {
    "id": "e335afc0-9a41-4080-a8c8-0fcff5134cf8",
    "data": [
      {
        "text": "minerva pilule microdosée ou pas?",
        "userDefined": false
      }
    ],
    "isTemplate": false,
    "count": 0,
    "updated": 1522593226
  },
  {
    "id": "5ffff799-32e9-4af6-ac39-95e5e78952d3",
    "data": [
      {
        "text": "est ce que spasmine est un somnifere ?",
        "userDefined": false
      }
    ],
    "isTemplate": false,
    "count": 0,
    "updated": 1522593226
  },
  {
    "id": "d56fc72f-f367-432d-b318-9a2024d37e27",
    "data": [
      {
        "text": "c\u0027est vrai que adépal est fortement dosée?",
        "userDefined": false
      }
    ],
    "isTemplate": false,
    "count": 0,
    "updated": 1522593226
  },
  {
    "id": "fc94cdbf-f757-48f8-9e2a-04c09725f60b",
    "data": [
      {
        "text": "le stillnox est il vraiment un somnifere?",
        "userDefined": false
      }
    ],
    "isTemplate": false,
    "count": 0,
    "updated": 1522593226
  },
  {
    "id": "09f00ccb-a88e-4514-a9db-6ff55c683303",
    "data": [
      {
        "text": "je voudrai savoir si bétaserc, serc et lectil si ce sont des mêmes médicaments?",
        "userDefined": false
      }
    ],
    "isTemplate": false,
    "count": 0,
    "updated": 1522593226
  },
  {
    "id": "13ae444e-6e0a-463a-8d5d-dad933aef822",
    "data": [
      {
        "text": "le voltarène est-il un anti-inflammatoire?",
        "userDefined": false
      }
    ],
    "isTemplate": false,
    "count": 0,
    "updated": 1522593226
  },
  {
    "id": "ae6aca1e-be71-4a0f-9ea0-24912e0c01b7",
    "data": [
      {
        "text": "j\u0027aimerais savoir si mercilon fait partie des moins dosées ou pas.",
        "userDefined": false
      }
    ],
    "isTemplate": false,
    "count": 0,
    "updated": 1522593226
  },
  {
    "id": "4bec6099-b8d4-4a1d-bc64-c422b82d9033",
    "data": [
      {
        "text": "C\u0027est quoi du Cardensiel?",
        "userDefined": false
      }
    ],
    "isTemplate": false,
    "count": 0,
    "updated": 1522593226
  },
  {
    "id": "8132c482-18fd-4d8a-bf64-c86c41597988",
    "data": [
      {
        "text": "Quelle est la classe thérapeutique de colpotrophine?",
        "userDefined": false
      }
    ],
    "isTemplate": false,
    "count": 0,
    "updated": 1522593226
  },
  {
    "id": "7fb378ea-4844-4301-9294-ca166c51e7cb",
    "data": [
      {
        "text": "cordarone : anti-inflammatoire ?",
        "userDefined": false
      }
    ],
    "isTemplate": false,
    "count": 0,
    "updated": 1522593226
  },
  {
    "id": "b4417c62-e072-4f20-b43e-25ce41732367",
    "data": [
      {
        "text": "je voulais savoir si  \"ignatia amara\" est un antibiotique",
        "userDefined": false
      }
    ],
    "isTemplate": false,
    "count": 0,
    "updated": 1522593226
  },
  {
    "id": "12d7d21f-5af7-43d9-ac3a-ff621d54f803",
    "data": [
      {
        "text": "Quel type d\u0027ATD est l\u0027effexor ?",
        "userDefined": false
      }
    ],
    "isTemplate": false,
    "count": 0,
    "updated": 1522593226
  },
  {
    "id": "e0525368-54f0-4482-af77-da74a4adb031",
    "data": [
      {
        "text": "A quelle classe de traitements appartient le Lepticur?",
        "userDefined": false
      }
    ],
    "isTemplate": false,
    "count": 0,
    "updated": 1522593226
  },
  {
    "id": "56bddb0f-6c88-41eb-a063-c2f997fb5874",
    "data": [
      {
        "text": "A quelle classe thérapeutique appartient risperdal ?",
        "userDefined": false
      }
    ],
    "isTemplate": false,
    "count": 0,
    "updated": 1522593226
  },
  {
    "id": "1199e658-f373-4eff-8c50-2eb41a34196f",
    "data": [
      {
        "text": "quels sont les différents tricycliques?",
        "userDefined": false
      }
    ],
    "isTemplate": false,
    "count": 0,
    "updated": 1522593226
  },
  {
    "id": "3d17987c-b7e9-475a-a396-3cebe70b4241",
    "data": [
      {
        "text": "anxiolytiques ?",
        "userDefined": false
      }
    ],
    "isTemplate": false,
    "count": 0,
    "updated": 1522593226
  },
  {
    "id": "d90a6144-aa41-45b3-9c04-c3525c36a1ee",
    "data": [
      {
        "text": "le stillnox est il vraiment un somnifere ?",
        "userDefined": false
      }
    ],
    "isTemplate": false,
    "count": 0,
    "updated": 1522593226
  },
  {
    "id": "2bc08bc0-54f1-4e11-ad13-42bb9208214a",
    "data": [
      {
        "text": "lodoz \u003d betebloquant?",
        "userDefined": false
      }
    ],
    "isTemplate": false,
    "count": 0,
    "updated": 1522593226
  },
  {
    "id": "b87106eb-8d6f-4ec0-bd47-8d11de0f0980",
    "data": [
      {
        "text": "norlevo pillule du lendemain ?",
        "userDefined": false
      }
    ],
    "isTemplate": false,
    "count": 0,
    "updated": 1522593226
  },
  {
    "id": "61cd6c39-b655-43a6-9bdc-bbf0ab1bde86",
    "data": [
      {
        "text": "Norset est il un anticholinergique ?",
        "userDefined": false
      }
    ],
    "isTemplate": false,
    "count": 0,
    "updated": 1522593226
  },
  {
    "id": "76374d44-ce38-47b4-982b-c0ed6f3883b3",
    "data": [
      {
        "text": "A quelle classe appartient le tofranil ?",
        "userDefined": false
      }
    ],
    "isTemplate": false,
    "count": 0,
    "updated": 1522593226
  },
  {
    "id": "2128b17d-e2f0-4b6d-bd15-98838f6df703",
    "data": [
      {
        "text": "quels sont les diu au cuivre ?",
        "userDefined": false
      }
    ],
    "isTemplate": false,
    "count": 0,
    "updated": 1522593226
  },
  {
    "id": "0b7bf394-3b5d-4baf-80c5-00ab33f8ae71",
    "data": [
      {
        "text": "deroxat  \u003d  isrs ?",
        "userDefined": false
      }
    ],
    "isTemplate": false,
    "count": 0,
    "updated": 1522593226
  },
  {
    "id": "65caf985-1bfc-43c9-9e76-bc923e3fcfab",
    "data": [
      {
        "text": "econzazole est-il un anti-fongique ?",
        "userDefined": false
      }
    ],
    "isTemplate": false,
    "count": 0,
    "updated": 1522593226
  },
  {
    "id": "d4350c58-5592-4e10-9f29-d186590764fa",
    "data": [
      {
        "text": "bonjour,  le zoloft est il un antidépresseur ou un neuroleptique?  agit il sur les hormones et fait il prendre du poids?",
        "userDefined": false
      }
    ],
    "isTemplate": false,
    "count": 0,
    "updated": 1522593226
  },
  {
    "id": "d0750abe-83f0-4561-a2f5-dd75ccc4e85f",
    "data": [
      {
        "text": "a quelle classe de pilule appartient la diane 35?",
        "userDefined": false
      }
    ],
    "isTemplate": false,
    "count": 0,
    "updated": 1522593226
  },
  {
    "id": "35239a36-7ca5-4546-a3f3-910500dea7d5",
    "data": [
      {
        "text": "inhibiteur de la recapture de la noradrénaline ??",
        "userDefined": false
      }
    ],
    "isTemplate": false,
    "count": 0,
    "updated": 1522593226
  },
  {
    "id": "cf2853ba-8eb2-4a09-9110-ff85dc2196f7",
    "data": [
      {
        "text": "Quelle est la classe thérapeutique du Cymbalta?",
        "userDefined": false
      }
    ],
    "isTemplate": false,
    "count": 0,
    "updated": 1522593226
  },
  {
    "id": "4248c8bf-1826-480a-8d43-9ffe4571d996",
    "data": [
      {
        "text": "Quel type de médicament est le plavix?",
        "userDefined": false
      }
    ],
    "isTemplate": false,
    "count": 0,
    "updated": 1522593226
  },
  {
    "id": "e2536029-5832-41b4-9c4c-b45e8a7c5a2e",
    "data": [
      {
        "text": "pilule harmonet est minidosée ?",
        "userDefined": false
      }
    ],
    "isTemplate": false,
    "count": 0,
    "updated": 1522593226
  },
  {
    "id": "fe21c9b9-6c0e-48e9-a31d-bf8ee7d4d295",
    "data": [
      {
        "text": "Qu\u0027est-ce que l\u0027avonex?",
        "userDefined": false
      }
    ],
    "isTemplate": false,
    "count": 0,
    "updated": 1522593226
  },
  {
    "id": "04e50a29-825c-4f06-b7b2-8c5ff1beae30",
    "data": [
      {
        "text": "Est-ce que lasilix est un anti hypertenseur?",
        "userDefined": false
      }
    ],
    "isTemplate": false,
    "count": 0,
    "updated": 1522593226
  }
]