[
  {
    "id": "927c4a21-ddf6-4cae-807f-0ef0730a5a89",
    "data": [
      {
        "text": "Quel vaccin contre le cancer du col de l\u0027uterus ?",
        "userDefined": false
      }
    ],
    "isTemplate": false,
    "count": 1,
    "updated": 1522593226
  },
  {
    "id": "9339519d-f600-468f-ae35-58496c716916",
    "data": [
      {
        "text": "complément alimentaire de fer naturel ça existe?",
        "userDefined": false
      }
    ],
    "isTemplate": false,
    "count": 0,
    "updated": 1522593226
  },
  {
    "id": "01c2ecfa-4d45-4c4f-87c3-45d9933925b6",
    "data": [
      {
        "text": "Y a-t-il des médicaments contre l\u0027agoraphobie ?",
        "userDefined": false
      }
    ],
    "isTemplate": false,
    "count": 0,
    "updated": 1522593226
  },
  {
    "id": "23b5f5a8-7428-4dd2-84b3-5338d570d594",
    "data": [
      {
        "text": "une copine souffre d\u0027une épine calcanéenne depuis octobre. connaissez-vous des traitements qui marchent ?",
        "userDefined": false
      }
    ],
    "isTemplate": false,
    "count": 0,
    "updated": 1522593226
  },
  {
    "id": "3212181f-2135-40ab-95d8-9113e064e40e",
    "data": [
      {
        "text": "quelle creme pour mycose génital puis-je avoir en pharmacie sans ordonnance?",
        "userDefined": false
      }
    ],
    "isTemplate": false,
    "count": 0,
    "updated": 1522593226
  },
  {
    "id": "ea38c1b5-1240-4045-98b1-e009c459e099",
    "data": [
      {
        "text": "quel medicament me conseillez vous pour les nausees?",
        "userDefined": false
      }
    ],
    "isTemplate": false,
    "count": 0,
    "updated": 1522593226
  },
  {
    "id": "3204f61d-7ecd-49ea-a1ee-effe5126c48a",
    "data": [
      {
        "text": "quel est le vaccin contre la méningite ??",
        "userDefined": false
      }
    ],
    "isTemplate": false,
    "count": 0,
    "updated": 1522593226
  },
  {
    "id": "0927ce09-c94d-4370-8e0f-d233ed235a66",
    "data": [
      {
        "text": "une solution contre les réveils nocturnes ?",
        "userDefined": false
      }
    ],
    "isTemplate": false,
    "count": 0,
    "updated": 1522593226
  },
  {
    "id": "d2ea4d7a-5cb8-4e5a-8432-0951caaebcb4",
    "data": [
      {
        "text": "Quels est le vaccin contre le cancer du col de l\u0027utérus ?",
        "userDefined": false
      }
    ],
    "isTemplate": false,
    "count": 0,
    "updated": 1522593226
  },
  {
    "id": "ff3f2137-db29-453c-a4df-8570d74f56cc",
    "data": [
      {
        "text": "quels tisanes pour maigrir ?",
        "userDefined": false
      }
    ],
    "isTemplate": false,
    "count": 1,
    "updated": 1522593226
  },
  {
    "id": "231143b1-a4d9-466e-b539-14d50777bd1f",
    "data": [
      {
        "text": "Traitement cystite simple en première intention ?",
        "userDefined": false
      }
    ],
    "isTemplate": false,
    "count": 0,
    "updated": 1522593226
  },
  {
    "id": "efc946ad-ff67-45ad-9122-08ef74665ffb",
    "data": [
      {
        "text": "Quel traitement homéopathique contre les crampes ?",
        "userDefined": false
      }
    ],
    "isTemplate": false,
    "count": 0,
    "updated": 1522593226
  },
  {
    "id": "63d086da-a1dc-410a-8ba6-32574a899d26",
    "data": [
      {
        "text": "Carrence en fer, quel traitement ?",
        "userDefined": false
      }
    ],
    "isTemplate": false,
    "count": 0,
    "updated": 1522593226
  },
  {
    "id": "203c6313-3b14-4865-8dc1-644acfad0c4e",
    "data": [
      {
        "text": "carence en fer que faire ?",
        "userDefined": false
      }
    ],
    "isTemplate": false,
    "count": 0,
    "updated": 1522593226
  },
  {
    "id": "50dbbdac-46a7-42b9-8d92-df9e5d54b69b",
    "data": [
      {
        "text": "vaccin contre hépatite b??",
        "userDefined": false
      }
    ],
    "isTemplate": false,
    "count": 1,
    "updated": 1522593226
  },
  {
    "id": "98c3e247-f297-4b97-8fa9-9e6b0fa44e95",
    "data": [
      {
        "text": "je souffre de règles ultra douloureuses, je recherche un traitement de phytothérapie ou d\u0027homéopathie très efficace contre les règles douloureuses. pouvez vous m\u0027aider?",
        "userDefined": false
      }
    ],
    "isTemplate": false,
    "count": 0,
    "updated": 1522593226
  },
  {
    "id": "43e49a4a-032a-49c5-94c3-bafa87083cc0",
    "data": [
      {
        "text": "je pense avoir une cystite. que me conseillez-vous ?",
        "userDefined": false
      }
    ],
    "isTemplate": false,
    "count": 0,
    "updated": 1522593226
  },
  {
    "id": "8adca5e7-031a-4f52-a3d7-44dbfa2a46e9",
    "data": [
      {
        "text": "Quels thérapeutique peuvent être utilisées pour luter contre l\u0027annorexie ?",
        "userDefined": false
      }
    ],
    "isTemplate": false,
    "count": 0,
    "updated": 1522593226
  },
  {
    "id": "61c51fbe-8dcd-4772-a46c-4514c7953cfb",
    "data": [
      {
        "text": "solution homeo pour retarder regles en avez vous ?",
        "userDefined": false
      }
    ],
    "isTemplate": false,
    "count": 0,
    "updated": 1522593226
  },
  {
    "id": "d14956cc-a767-4f5e-b37d-82b965a09424",
    "data": [
      {
        "text": "cortisol bas: il y a t-il un médicament pour l\u0027aider ?",
        "userDefined": false
      }
    ],
    "isTemplate": false,
    "count": 0,
    "updated": 1522593226
  },
  {
    "id": "af402447-8926-4c2b-bf84-4482e8e211ba",
    "data": [
      {
        "text": "Y a-t-il des vitamines qui agissent sur l\u0027intelligence et la concentration ?",
        "userDefined": false
      }
    ],
    "isTemplate": false,
    "count": 0,
    "updated": 1522593226
  },
  {
    "id": "cd34c80e-d31b-4e34-b5fa-0b711ed7dad3",
    "data": [
      {
        "text": "Otite aigue enfant de plus de 3 mois ?",
        "userDefined": false
      }
    ],
    "isTemplate": false,
    "count": 0,
    "updated": 1522593226
  },
  {
    "id": "b981271f-8447-488f-9a6c-a867d7fbd74b",
    "data": [
      {
        "text": "est-ce que androcur a réglé les problèmes d\u0027acnée ou de pilosité de manière définitive chez certaines patientes?",
        "userDefined": false
      }
    ],
    "isTemplate": false,
    "count": 0,
    "updated": 1522593226
  },
  {
    "id": "209a9953-30d9-4131-928f-e502fad4e79d",
    "data": [
      {
        "text": "quelqu\u0027un connaît-il une crème cicatrisante miracle?",
        "userDefined": false
      }
    ],
    "isTemplate": false,
    "count": 0,
    "updated": 1522593226
  },
  {
    "id": "5005546c-3df4-45ac-a9b2-bc0f3dfdd216",
    "data": [
      {
        "text": "quel médicament peut traiter l\u0027intoxication a l huile essentielle  d arbre a thé ?",
        "userDefined": false
      }
    ],
    "isTemplate": false,
    "count": 0,
    "updated": 1522593226
  },
  {
    "id": "59e6cf87-a63a-491b-ae2f-9ea4c38c7238",
    "data": [
      {
        "text": "quelles vitamines pour la concentration ?",
        "userDefined": false
      }
    ],
    "isTemplate": false,
    "count": 0,
    "updated": 1522593226
  },
  {
    "id": "75e85d9a-03a6-4e47-a36d-f34551c8a92c",
    "data": [
      {
        "text": "médicament pr cystite",
        "userDefined": false
      }
    ],
    "isTemplate": false,
    "count": 0,
    "updated": 1522593226
  },
  {
    "id": "33f8aac8-f98b-4109-ab22-e4c67982df53",
    "data": [
      {
        "text": "comme je fume j\u0027ai l\u0027ongle de l\u0027index tout jaune auriez vous une solution à cela ?",
        "userDefined": false
      }
    ],
    "isTemplate": false,
    "count": 0,
    "updated": 1522593226
  },
  {
    "id": "84c1f20f-da49-4a7e-9603-a232063e1194",
    "data": [
      {
        "text": "peau qui pele !! qq aurait une solution pour ça?",
        "userDefined": false
      }
    ],
    "isTemplate": false,
    "count": 0,
    "updated": 1522593226
  },
  {
    "id": "a5591544-210e-4286-8d84-d6a385ff90f2",
    "data": [
      {
        "text": "vaccin varicelle?",
        "userDefined": false
      }
    ],
    "isTemplate": false,
    "count": 2,
    "updated": 1522593226
  },
  {
    "id": "ec332827-5da7-483e-accd-319d94223434",
    "data": [
      {
        "text": "Connaissez-vous un traitement phytothérapie, aromathérapie efficace contre une alopécie androgénétique féminine ?",
        "userDefined": false
      }
    ],
    "isTemplate": false,
    "count": 0,
    "updated": 1522593226
  },
  {
    "id": "12adb485-5a3d-4c79-a90d-e30e883d61fd",
    "data": [
      {
        "text": "quel vitamines prendre pour la fatigue?",
        "userDefined": false
      }
    ],
    "isTemplate": false,
    "count": 0,
    "updated": 1522593226
  },
  {
    "id": "18906834-dbfd-4146-8762-09f8bcff2737",
    "data": [
      {
        "text": "règles ultra douloureuses, quoi prendre??",
        "userDefined": false
      }
    ],
    "isTemplate": false,
    "count": 1,
    "updated": 1522593226
  },
  {
    "id": "9aff5eef-f940-49fc-bba0-2a2807a9f348",
    "data": [
      {
        "text": "j\u0027ai des regles très douleureuses et je voudrai savoir s\u0027il y a un moyen de les traiter avec l\u0027homeopathie?",
        "userDefined": false
      }
    ],
    "isTemplate": false,
    "count": 0,
    "updated": 1522593226
  },
  {
    "id": "c99cbc38-0445-49fa-997f-744a4b5774a8",
    "data": [
      {
        "text": "existe t\u0027il un médicament ou une pilule pour supprimer les règles ?",
        "userDefined": false
      }
    ],
    "isTemplate": false,
    "count": 0,
    "updated": 1522593226
  },
  {
    "id": "8a0fc0fa-5447-4889-a627-2c15b262f877",
    "data": [
      {
        "text": "Est ce que xanax peut agir sur l\u0027anxieneté?",
        "userDefined": false
      }
    ],
    "isTemplate": false,
    "count": 0,
    "updated": 1522593226
  },
  {
    "id": "a6c4187e-a9d7-4e47-a2b0-62a66a39a7fe",
    "data": [
      {
        "text": "je suis en manque d\u0027énergie et d\u0027envie. que me conseillez vous?",
        "userDefined": false
      }
    ],
    "isTemplate": false,
    "count": 0,
    "updated": 1522593226
  },
  {
    "id": "e1ef2c55-dec8-428d-b7f0-db6aede4f44d",
    "data": [
      {
        "text": "etat grippal et grossesse : comment se soulager ?",
        "userDefined": false
      }
    ],
    "isTemplate": false,
    "count": 2,
    "updated": 1522593226
  },
  {
    "id": "34f12598-ae6d-4a6c-8d54-b2e15eab39b1",
    "data": [
      {
        "text": "Je viens de découvrir que je suis enceinte. et vu que je fais réguliérement des crises de migraine j\u0027aurai voulu savoir quel anti-douleur peut on prendre ?",
        "userDefined": false
      }
    ],
    "isTemplate": false,
    "count": 0,
    "updated": 1522593226
  },
  {
    "id": "6c2538f4-26e3-4d10-be3f-c716528b0af0",
    "data": [
      {
        "text": "Quels médicaments pour améliorer la vue ?",
        "userDefined": false
      }
    ],
    "isTemplate": false,
    "count": 0,
    "updated": 1522593226
  },
  {
    "id": "4ee5f7e2-1a30-46a9-8a39-89b6fe419f79",
    "data": [
      {
        "text": "Un traitement pour stimuler l’appétit ?",
        "userDefined": false
      }
    ],
    "isTemplate": false,
    "count": 0,
    "updated": 1522593226
  },
  {
    "id": "1a1d1706-7e15-49e9-ac7b-1a6a0890d3af",
    "data": [
      {
        "text": "existe t-il un contraceptif pour homme autre que le préservatif ?",
        "userDefined": false
      }
    ],
    "isTemplate": false,
    "count": 0,
    "updated": 1522593226
  },
  {
    "id": "7d704a89-f62c-4b5e-85fa-90a6192c85ee",
    "data": [
      {
        "text": "Quels médicaments sont utiles pour maigrir ?",
        "userDefined": false
      }
    ],
    "isTemplate": false,
    "count": 0,
    "updated": 1522593226
  },
  {
    "id": "020151b9-8883-47d1-9762-81e9c4962677",
    "data": [
      {
        "text": "je tousse; pouvez vous me conseiller un medoc que je puisse prendre ??",
        "userDefined": false
      }
    ],
    "isTemplate": false,
    "count": 0,
    "updated": 1522593226
  },
  {
    "id": "26a42b1b-cf8f-4de9-8cf2-db6567ab5169",
    "data": [
      {
        "text": "vaccins hepatite b : quel nom  ?",
        "userDefined": false
      }
    ],
    "isTemplate": false,
    "count": 0,
    "updated": 1522593226
  },
  {
    "id": "d3b18ce3-0347-46bf-8d26-c66a13e67c38",
    "data": [
      {
        "text": "maman a la goutte et le genou droit est gonflé quel médicament faut ?",
        "userDefined": false
      }
    ],
    "isTemplate": false,
    "count": 0,
    "updated": 1522593226
  },
  {
    "id": "ca5fc3df-b204-4a96-b4a5-d7d837dab0a5",
    "data": [
      {
        "text": "un contrôle par échographie du foie a décelé une stéatose hépatique (foie gras), un nodule hépatique et un kyste. quelqu\u0027un peut me renseigner de quoi il s\u0027agit et comment ça se soigne ?",
        "userDefined": false
      }
    ],
    "isTemplate": false,
    "count": 0,
    "updated": 1522593226
  },
  {
    "id": "d30ee273-8866-4c74-9342-d79d884a1f54",
    "data": [
      {
        "text": "Y-a-t il des médicaments contre la spasmophilie ?",
        "userDefined": false
      }
    ],
    "isTemplate": false,
    "count": 0,
    "updated": 1522593226
  },
  {
    "id": "a7a139b5-1257-4b85-9095-09d41989f098",
    "data": [
      {
        "text": "je souffre depuis quelques année d\u0027allergie au soleil chaque été. quelqu\u0027un aurait il quelques conseils de produits naturels à appliquer ou en prévention?",
        "userDefined": false
      }
    ],
    "isTemplate": false,
    "count": 0,
    "updated": 1522593226
  },
  {
    "id": "fcd66c43-6a4e-435b-a661-382caebd67e3",
    "data": [
      {
        "text": "actuellement dans mon 6ème mois de grossesse, je souffre depuis plusieurs nuits de crampes aux mollets. est ce que vous pouvez me conseiller un traitement afin de les atténuer voire de les faire disparaître ?",
        "userDefined": false
      }
    ],
    "isTemplate": false,
    "count": 0,
    "updated": 1522593226
  },
  {
    "id": "db206080-c8c1-42a3-bb68-af26006aab4d",
    "data": [
      {
        "text": "l\u0027huile de carthame peut bruler les graisses??",
        "userDefined": false
      }
    ],
    "isTemplate": false,
    "count": 0,
    "updated": 1522593226
  },
  {
    "id": "83982622-178f-4a00-bd66-ffe8406e2b74",
    "data": [
      {
        "text": "j\u0027utilise allium et ipeca compose pour ma puce, mais je ne sais plus lequel est utile pour le nez qui coule et lequel est utile pour la toux ?",
        "userDefined": false
      }
    ],
    "isTemplate": false,
    "count": 0,
    "updated": 1522593226
  },
  {
    "id": "f122087e-a286-4870-8cab-973a3c23bc0a",
    "data": [
      {
        "text": "vaccin contre les gastros ?",
        "userDefined": false
      }
    ],
    "isTemplate": false,
    "count": 0,
    "updated": 1522593226
  },
  {
    "id": "7cf57974-39bd-434c-8f59-4e818cac3820",
    "data": [
      {
        "text": "jai une toute petite poitrine. Y aurait il une solution pour la faire grossir un peu?",
        "userDefined": false
      }
    ],
    "isTemplate": false,
    "count": 0,
    "updated": 1522593226
  },
  {
    "id": "0c2ed509-72d7-4d79-aab8-90cb9bbfbdb5",
    "data": [
      {
        "text": "est ce qu\u0027il y a des medicament ou des creme pour   la douleur de articulation?",
        "userDefined": false
      }
    ],
    "isTemplate": false,
    "count": 0,
    "updated": 1522593226
  },
  {
    "id": "25e19d81-456a-4489-aeb3-6d2de93aa79d",
    "data": [
      {
        "text": "existe t\u0027il svp des solutions pour retrouver une libido normale malgré la prise d\u0027ad et d\u0027anxios?",
        "userDefined": false
      }
    ],
    "isTemplate": false,
    "count": 0,
    "updated": 1522593226
  },
  {
    "id": "ac666df8-6da0-40e2-81b9-846e901f0d91",
    "data": [
      {
        "text": "Quel est le vaccin contre le papilloma virus ?",
        "userDefined": false
      }
    ],
    "isTemplate": false,
    "count": 0,
    "updated": 1522593226
  },
  {
    "id": "347abd6c-5f17-4429-b918-17d0cfefb673",
    "data": [
      {
        "text": "j\u0027ai toujours le rhume, est-ce quelqu\u0027un pourrait m\u0027aider  ?",
        "userDefined": false
      }
    ],
    "isTemplate": false,
    "count": 0,
    "updated": 1522593226
  },
  {
    "id": "7dd8dff1-2bac-424b-863a-134ba19b91d8",
    "data": [
      {
        "text": "Quelle plante peut soulager la vésicule biliaire ?",
        "userDefined": false
      }
    ],
    "isTemplate": false,
    "count": 0,
    "updated": 1522593226
  },
  {
    "id": "a6f07ed0-9da4-4227-b2e1-0848aaf2fa16",
    "data": [
      {
        "text": "Homéopathie et nausées de la grossesse ?",
        "userDefined": false
      }
    ],
    "isTemplate": false,
    "count": 0,
    "updated": 1522593226
  },
  {
    "id": "bfb890e7-8345-4761-820e-31289716e758",
    "data": [
      {
        "text": ") Quels sont les produits hydratants que l\u0027on peut conseiller pour un patient ayant des irritations nasales dues aux lunettes d’oxygène",
        "userDefined": false
      }
    ],
    "isTemplate": false,
    "count": 0,
    "updated": 1522593226
  },
  {
    "id": "35ff59c1-c3b3-4175-a1bd-8b91914e6ac0",
    "data": [
      {
        "text": "eczéma autour des yeux et grossesse  solution?",
        "userDefined": false
      }
    ],
    "isTemplate": false,
    "count": 0,
    "updated": 1522593226
  },
  {
    "id": "a6bc2b52-d2a4-4096-932b-68327aa420d7",
    "data": [
      {
        "text": "Panaris enfant quel antibiotique ?",
        "userDefined": false
      }
    ],
    "isTemplate": false,
    "count": 0,
    "updated": 1522593226
  },
  {
    "id": "fa6d87f4-d748-4429-a946-94b81bfd53e9",
    "data": [
      {
        "text": "Quel traitement pour rhinopharyngite ?",
        "userDefined": false
      }
    ],
    "isTemplate": false,
    "count": 0,
    "updated": 1522593226
  },
  {
    "id": "39490210-fcef-4d48-af0b-8afa1b4f87bc",
    "data": [
      {
        "text": "j\u0027ai une patiente qui a été successivement sous Humira puis Enbrel pour une spondylarthrite. qui a ddéveloppé un cancer du thymus et qui a des bouffées de chaleur, que conseillez-vous ?",
        "userDefined": false
      }
    ],
    "isTemplate": false,
    "count": 0,
    "updated": 1522593226
  },
  {
    "id": "a19fae51-969b-44b9-9fd7-ab338a18aa1b",
    "data": [
      {
        "text": "connaissez vous d\u0027autres traitements qui soulage la douleur de la poussée dentaire ?",
        "userDefined": false
      }
    ],
    "isTemplate": false,
    "count": 0,
    "updated": 1522593226
  },
  {
    "id": "96a4591e-1a2f-45dd-a280-e4e8095bc62a",
    "data": [
      {
        "text": "existe t\u0027il un vaccin homéopathique contre le tétanos ?",
        "userDefined": false
      }
    ],
    "isTemplate": false,
    "count": 0,
    "updated": 1522593226
  },
  {
    "id": "871f5894-9bff-4a64-8406-4d0d212fbdf5",
    "data": [
      {
        "text": "J’ai une patiente qui veut soigner son psoriasis du cuir chevelu avec huiles essentielles que conseillez-vous ?",
        "userDefined": false
      }
    ],
    "isTemplate": false,
    "count": 0,
    "updated": 1522593226
  },
  {
    "id": "4a22d85c-6ca7-4639-b900-5d1fb755138b",
    "data": [
      {
        "text": "ma maman agée de 39 ans vient d\u0027apprendre qu\u0027elle a un cancer generalisé. Cela a commencé par un cancer du col de l\u0027ulterus qui s\u0027est propagé aux ovaires, aux reins, la vessie et l\u0027estomac. Les médecins ont pratiqué une hystérectomie mais cela n\u0027a pas suffit. un traitement est t\u0027il possible ??",
        "userDefined": false
      }
    ],
    "isTemplate": false,
    "count": 0,
    "updated": 1522593226
  },
  {
    "id": "e4222830-2c96-439d-adf5-8a11dc090a84",
    "data": [
      {
        "text": "Le sipralexa est il efficace contre l\u0027anxiété ?",
        "userDefined": false
      }
    ],
    "isTemplate": false,
    "count": 0,
    "updated": 1522593226
  },
  {
    "id": "c8786729-e91a-4c70-9516-51e622e3fc14",
    "data": [
      {
        "text": "une cliente voudrait soulager sa petite fille qui souffre de terreurs nocturnes, par voie homéopathique les crises durent parfois jusqu\u0027à 5 minutes et l\u0027enfant ensuite se rendort normalement.: que proposer?",
        "userDefined": false
      }
    ],
    "isTemplate": false,
    "count": 0,
    "updated": 1522593226
  },
  {
    "id": "69deaf9c-484a-435c-954e-36a0ea3d2fa3",
    "data": [
      {
        "text": "mon problème est en rapport avec ces maudites bouffées de chaleur qui se sont installées depuis 1an, existe t\u0027il un traitement homéopathique ou de phytothérapie efficace ?",
        "userDefined": false
      }
    ],
    "isTemplate": false,
    "count": 0,
    "updated": 1522593226
  },
  {
    "id": "7ce13e06-322c-459f-9c18-0a883e820826",
    "data": [
      {
        "text": "existe t\u0027il svp des solutions pour retrouver une libido normale malgré la prise d\u0027antidépresseurs et d\u0027anxiolytiquess?",
        "userDefined": false
      }
    ],
    "isTemplate": false,
    "count": 0,
    "updated": 1522593226
  },
  {
    "id": "33520683-269b-484c-a947-2588cf57332e",
    "data": [
      {
        "text": "quelqu\u0027un connait il un remède pour diminuer mes quintes de toux?",
        "userDefined": false
      }
    ],
    "isTemplate": false,
    "count": 0,
    "updated": 1522593226
  },
  {
    "id": "d66253d1-21ee-4423-a2e2-f82ec676a6bb",
    "data": [
      {
        "text": "je chercher qq chose sans ordonnance pour ne plus deprimer et ne plus faire de colere !!",
        "userDefined": false
      }
    ],
    "isTemplate": false,
    "count": 0,
    "updated": 1522593226
  },
  {
    "id": "f90ef91c-c4bf-475d-b64a-0d3e23771b46",
    "data": [
      {
        "text": "pastille pur la gorge lequelle ??",
        "userDefined": false
      }
    ],
    "isTemplate": false,
    "count": 0,
    "updated": 1522593226
  },
  {
    "id": "923fffb5-2e72-461b-9b8f-ec41ab96b1c9",
    "data": [
      {
        "text": "Avec quoi traiter le diabete par homéopathie?",
        "userDefined": false
      }
    ],
    "isTemplate": false,
    "count": 0,
    "updated": 1522593226
  },
  {
    "id": "d045ce29-dac3-47dd-b930-93865e26e4df",
    "data": [
      {
        "text": "une solution aux bouffees de chaleur ?",
        "userDefined": false
      }
    ],
    "isTemplate": false,
    "count": 1,
    "updated": 1522593226
  },
  {
    "id": "fd9469bb-d720-4172-b833-a749c9e2a9ef",
    "data": [
      {
        "text": "transpiration excessive, pas beaucoup de solutions, quel traitement existe?",
        "userDefined": false
      }
    ],
    "isTemplate": false,
    "count": 0,
    "updated": 1522593226
  },
  {
    "id": "f4d214b3-365f-4073-90ec-8563650e5d74",
    "data": [
      {
        "text": "si les vaccins causent des réactions indésirables, l’homéopathie peut-elle « nettoyer » les effets secondaires et les symptômes causés par les vaccins?",
        "userDefined": false
      }
    ],
    "isTemplate": false,
    "count": 0,
    "updated": 1522593226
  },
  {
    "id": "ff99ca6b-8856-46c3-b46f-7281efcf845e",
    "data": [
      {
        "text": "est ce l\u0027aspegic et dantalgique peuvent traiter la grosse calcification au poignet?",
        "userDefined": false
      }
    ],
    "isTemplate": false,
    "count": 0,
    "updated": 1522593226
  },
  {
    "id": "607cdc60-b8e7-44a8-9b48-e0a0af2bdfdf",
    "data": [
      {
        "text": "j\u0027ai la peau du front grasse, qui luit et qui me donne des points noirs (certaines fois qui s\u0027infectent et deviennent rouges) .. y\u0027a t il un médicament homéo pour traiter ca ?",
        "userDefined": false
      }
    ],
    "isTemplate": false,
    "count": 0,
    "updated": 1522593226
  },
  {
    "id": "0854002e-ee64-4ed6-8e15-0548b991913f",
    "data": [
      {
        "text": "je souffre de nevralgie pelvienne existe-t-il des medicaments pour le soigner ?",
        "userDefined": false
      }
    ],
    "isTemplate": false,
    "count": 0,
    "updated": 1522593226
  },
  {
    "id": "b4689b71-ecf5-4267-98e7-6418b7f3037a",
    "data": [
      {
        "text": "sirop contre la toux  ?",
        "userDefined": false
      }
    ],
    "isTemplate": false,
    "count": 0,
    "updated": 1522593226
  },
  {
    "id": "52a50c15-efa1-4885-9216-db05ebe62584",
    "data": [
      {
        "text": "Quel médicament puis-je prendre pour ma sudation excessive ?",
        "userDefined": false
      }
    ],
    "isTemplate": false,
    "count": 0,
    "updated": 1522593226
  },
  {
    "id": "df2a9bed-e702-4ae2-aeae-c2e156654606",
    "data": [
      {
        "text": "y a-t-il un vaccin pour le rhume ?",
        "userDefined": false
      }
    ],
    "isTemplate": false,
    "count": 0,
    "updated": 1522593226
  },
  {
    "id": "56e3779f-595a-4a39-9397-d5d5e4ee3910",
    "data": [
      {
        "text": "je prends oenobiol, mais j\u0027aimerais maigrir encore un peu. alors j\u0027aimerais bien avoir des conseils sur des produits efficaces: lesquels avez vous testés? lesquels ont le mieux marché?",
        "userDefined": false
      }
    ],
    "isTemplate": false,
    "count": 0,
    "updated": 1522593226
  },
  {
    "id": "3cb3b031-4541-431d-b857-006378260184",
    "data": [
      {
        "text": "j\u0027aurais souhaiter retarder mes règles, avez vous une solution homeopatique à prendre en granules ?",
        "userDefined": false
      }
    ],
    "isTemplate": false,
    "count": 0,
    "updated": 1522593226
  },
  {
    "id": "34b56d2a-5463-4f01-bc81-02b2912e2a83",
    "data": [
      {
        "text": "Quelle creme pour la secheresse du vagin ?",
        "userDefined": false
      }
    ],
    "isTemplate": false,
    "count": 0,
    "updated": 1522593226
  },
  {
    "id": "801a0892-0276-474d-bc13-3e09136b3c16",
    "data": [
      {
        "text": "vaccin méningite(s ?)",
        "userDefined": false
      }
    ],
    "isTemplate": false,
    "count": 0,
    "updated": 1522593226
  },
  {
    "id": "0b90a013-edff-4c85-a06f-c8cec83267b7",
    "data": [
      {
        "text": "quel médicament peut solager la sacrée poussée d\u0027herpès faciale?",
        "userDefined": false
      }
    ],
    "isTemplate": false,
    "count": 0,
    "updated": 1522593226
  },
  {
    "id": "a6c66b0d-8a0a-47d5-ac54-c8d997c775e3",
    "data": [
      {
        "text": "crise d\u0027angoisse, des solutions ?",
        "userDefined": false
      }
    ],
    "isTemplate": false,
    "count": 2,
    "updated": 1522593226
  },
  {
    "id": "5d8a980a-8ad9-41d5-8655-95444416739d",
    "data": [
      {
        "text": "vaccin varicelle ??",
        "userDefined": false
      }
    ],
    "isTemplate": false,
    "count": 0,
    "updated": 1522593226
  },
  {
    "id": "b49dde56-ca55-4f35-a8ef-75d12868443a",
    "data": [
      {
        "text": "vaccin contre le tetanos?",
        "userDefined": false
      }
    ],
    "isTemplate": false,
    "count": 0,
    "updated": 1522593226
  },
  {
    "id": "4a97f988-d987-4c6b-b993-2f276bd6bc48",
    "data": [
      {
        "text": "médicaments qui annulent l\u0027effet du stilnox ?",
        "userDefined": false
      }
    ],
    "isTemplate": false,
    "count": 1,
    "updated": 1522593226
  },
  {
    "id": "be70bc51-87de-499a-981f-45cccd81a287",
    "data": [
      {
        "text": "comment s appelle le vaccin pour enfant contre la méningite?",
        "userDefined": false
      }
    ],
    "isTemplate": false,
    "count": 0,
    "updated": 1522593226
  },
  {
    "id": "e717722d-937f-4e4c-be8b-c126cd3ae629",
    "data": [
      {
        "text": "j\u0027ai eu beaucoup de nausées et ballonnements hier. impossible de manger hier soir et nuit pas très cool. et bingo ca matin, diarrhées. que puis-je prendre?",
        "userDefined": false
      }
    ],
    "isTemplate": false,
    "count": 0,
    "updated": 1522593226
  },
  {
    "id": "2644bda6-bb62-4ae2-8226-900b444bbe16",
    "data": [
      {
        "text": "quelles solutions pour règles douloureuses ?",
        "userDefined": false
      }
    ],
    "isTemplate": false,
    "count": 0,
    "updated": 1522593226
  },
  {
    "id": "7f5c2170-62f2-47b6-8aa0-53d3202f2f77",
    "data": [
      {
        "text": "pas envie d\u0027avoir mes règles qui doivent arriver ces jours-ci une solution?",
        "userDefined": false
      }
    ],
    "isTemplate": false,
    "count": 0,
    "updated": 1522593226
  },
  {
    "id": "d2fb4c8f-2d6a-4001-9ec1-47902d66733e",
    "data": [
      {
        "text": "Pouvez-vous me donner des idées de sirop homéopathiques pour améliorer le sommeil d’un enfant de 3 ans?",
        "userDefined": false
      }
    ],
    "isTemplate": false,
    "count": 0,
    "updated": 1522593226
  },
  {
    "id": "dbbd6de0-43c7-4f96-9ae5-e17bcf2c0556",
    "data": [
      {
        "text": "plaie ouverte calendula ??",
        "userDefined": false
      }
    ],
    "isTemplate": false,
    "count": 0,
    "updated": 1522593226
  },
  {
    "id": "4fa684d6-868e-4be2-81fb-08dad84d1f8a",
    "data": [
      {
        "text": "Quel traitement pour les problèmes de coordination ?",
        "userDefined": false
      }
    ],
    "isTemplate": false,
    "count": 0,
    "updated": 1522593226
  },
  {
    "id": "9a761f56-ea6e-424a-96a7-4d44405f2093",
    "data": [
      {
        "text": "Quelles huiles essentielles conseillez-vous contre les cicatrices ?",
        "userDefined": false
      }
    ],
    "isTemplate": false,
    "count": 0,
    "updated": 1522593226
  },
  {
    "id": "3fa70de0-7196-4363-a976-e3e0b601ceda",
    "data": [
      {
        "text": "y a t-il un médicament pour la trouille de l\u0027avion?",
        "userDefined": false
      }
    ],
    "isTemplate": false,
    "count": 0,
    "updated": 1522593226
  },
  {
    "id": "5b7c2c17-f125-4fe2-9fad-8d361c1a79fe",
    "data": [
      {
        "text": "traitement preventif pour rhinopharyngite a répétition l\u0027hiver ?",
        "userDefined": false
      }
    ],
    "isTemplate": false,
    "count": 0,
    "updated": 1522593226
  },
  {
    "id": "8f230d5e-7b83-4063-b898-9b756ce5ce87",
    "data": [
      {
        "text": "j\u0027ai un bébé de 7 mois qui tousse souvent la nuit. mon médecin traitant lui a donné du sirop + suppos mais rien ne marche.  auriez vous des conseils à me donner, des traitements efficaces pour mon petit loulou qui passe des nuits agitées?",
        "userDefined": false
      }
    ],
    "isTemplate": false,
    "count": 0,
    "updated": 1522593226
  },
  {
    "id": "d8797330-64d6-4fcf-8084-3135e487af38",
    "data": [
      {
        "text": "une creme pour la secheresse du vagin  ?",
        "userDefined": false
      }
    ],
    "isTemplate": false,
    "count": 1,
    "updated": 1522593226
  },
  {
    "id": "828531cd-e336-48fc-a3c2-fe268769f876",
    "data": [
      {
        "text": "jai tous les jours des pertes blanche. y a til un moyen pour ne plus en avoir..?",
        "userDefined": false
      }
    ],
    "isTemplate": false,
    "count": 0,
    "updated": 1522593226
  },
  {
    "id": "ebdad11a-7e22-40ba-a1fb-51652dfe8877",
    "data": [
      {
        "text": "Une solution contre les réveils nocturnes ?",
        "userDefined": false
      }
    ],
    "isTemplate": false,
    "count": 0,
    "updated": 1522593226
  },
  {
    "id": "520f7f46-225a-46db-bef2-40cfcecacb26",
    "data": [
      {
        "text": "je voudrais savoir quoi prendre quand on est fort angoissé??",
        "userDefined": false
      }
    ],
    "isTemplate": false,
    "count": 0,
    "updated": 1522593226
  },
  {
    "id": "439233d0-163c-4576-a813-8647d293d848",
    "data": [
      {
        "text": "vaccin grippe saisonnière seule (sans h1n1) ?",
        "userDefined": false
      }
    ],
    "isTemplate": false,
    "count": 0,
    "updated": 1522593226
  },
  {
    "id": "67b1c4d6-d97e-4fd8-8218-38879e9eea3b",
    "data": [
      {
        "text": "je consomme de la cocaine et héroine, j\u0027aimerais avoir un traitement pour arreter ces merdes, quels médicaments sont utiles pour ça ?",
        "userDefined": false
      }
    ],
    "isTemplate": false,
    "count": 0,
    "updated": 1522593226
  },
  {
    "id": "31dacc2a-e8ab-4528-9c84-f430f81eef93",
    "data": [
      {
        "text": "quel traitement contre chute de cheveux ?",
        "userDefined": false
      }
    ],
    "isTemplate": false,
    "count": 0,
    "updated": 1522593226
  },
  {
    "id": "934da68e-3098-4b91-9fd3-69a2f61d817e",
    "data": [
      {
        "text": "je souffre du spotting avez vous une solution?",
        "userDefined": false
      }
    ],
    "isTemplate": false,
    "count": 0,
    "updated": 1522593226
  },
  {
    "id": "9f587238-ee44-4d27-97c3-c54f8c2c08c9",
    "data": [
      {
        "text": "existe-t-il quelque chose en vente libre qui peut réduire les odeurs suite à une vaginose ?",
        "userDefined": false
      }
    ],
    "isTemplate": false,
    "count": 0,
    "updated": 1522593226
  },
  {
    "id": "b9732002-80bb-4e5a-94dd-505276a859e5",
    "data": [
      {
        "text": "Pour les somnambules, avez-vous un traitement et si oui lequel ?",
        "userDefined": false
      }
    ],
    "isTemplate": false,
    "count": 0,
    "updated": 1522593226
  },
  {
    "id": "aa95469d-6b03-4c88-8a1b-95b4d1aaba2d",
    "data": [
      {
        "text": "contraception: quels traitement?",
        "userDefined": false
      }
    ],
    "isTemplate": false,
    "count": 0,
    "updated": 1522593226
  },
  {
    "id": "abed247f-a9bf-42d6-bf5d-1f1cf8fbe06e",
    "data": [
      {
        "text": "je prends la pillule yasmine or j ai terriblement mal aux seins! J\u0027aimerais savoir s\u0027il existe pas un moyen pour calmer cette douleur vraiment insupportable!",
        "userDefined": false
      }
    ],
    "isTemplate": false,
    "count": 0,
    "updated": 1522593226
  },
  {
    "id": "a616e007-c549-441d-a4f1-a1fa002cd201",
    "data": [
      {
        "text": "Y a-t-il un somnifère qui pourrait m aider à dormir au moin les 3 quart d\u0027un long vol ?",
        "userDefined": false
      }
    ],
    "isTemplate": false,
    "count": 0,
    "updated": 1522593226
  },
  {
    "id": "56e1df45-f25e-4c60-9d22-7d204d98ce7e",
    "data": [
      {
        "text": "Quel vaccin contre la gastro?",
        "userDefined": false
      }
    ],
    "isTemplate": false,
    "count": 0,
    "updated": 1522593226
  },
  {
    "id": "922117b0-b428-4bf1-be6e-a2d86f34ee0b",
    "data": [
      {
        "text": "Que conseillez-vous pour une cicatrice boursouflée et douloureuse au sein suite à opération datant de l\u0027année dernière.",
        "userDefined": false
      }
    ],
    "isTemplate": false,
    "count": 0,
    "updated": 1522593226
  },
  {
    "id": "710ad1da-9304-44a1-950c-d4fd5153ea02",
    "data": [
      {
        "text": "il existe ou non un vaccin contre la varicelle ?",
        "userDefined": false
      }
    ],
    "isTemplate": false,
    "count": 0,
    "updated": 1522593226
  },
  {
    "id": "dcff0e40-fc25-4d02-a5b1-2763986e967b",
    "data": [
      {
        "text": "quel vaccin je vais pouvoir utiliser pour faire mon rappel dtpolio?",
        "userDefined": false
      }
    ],
    "isTemplate": false,
    "count": 0,
    "updated": 1522593226
  },
  {
    "id": "6ed7ce51-9cba-4263-8e16-78019563d511",
    "data": [
      {
        "text": "je fume j\u0027ai l\u0027ongle de l\u0027index tout jaune auriez vous une solution à cela?",
        "userDefined": false
      }
    ],
    "isTemplate": false,
    "count": 0,
    "updated": 1522593226
  },
  {
    "id": "48bbf56d-9d3e-45b1-9ef9-84146d03fd9b",
    "data": [
      {
        "text": "concernant les hémorroïdes. auriez vous une solution miracle ??",
        "userDefined": false
      }
    ],
    "isTemplate": false,
    "count": 0,
    "updated": 1522593226
  },
  {
    "id": "67e58cce-e394-477e-90e8-8f12f17badb4",
    "data": [
      {
        "text": "bsr, qu est ce qu on peut prendre lorsqu\u0027on a des angoisses, qu on est anxieux sans pour autant etre abruti par des médoc super forts?? epargnez moi ls tisanes et l\u0027homéopathie svp. et ne me parlez pas d\u0027acupuncture, j\u0027en ai deja fait. merci",
        "userDefined": false
      }
    ],
    "isTemplate": false,
    "count": 0,
    "updated": 1522593226
  },
  {
    "id": "0969b612-6eb6-45f4-ba44-e410a4b89fe3",
    "data": [
      {
        "text": "que prendre en cas de rhumes durant une grossesse?",
        "userDefined": false
      }
    ],
    "isTemplate": false,
    "count": 0,
    "updated": 1522593226
  },
  {
    "id": "9e400a23-aeaf-48ff-82bf-cddf0ad0dd4f",
    "data": [
      {
        "text": "Quel traitement pour un patient borderline ?",
        "userDefined": false
      }
    ],
    "isTemplate": false,
    "count": 1,
    "updated": 1522593226
  },
  {
    "id": "6e10524e-7080-4519-a4c5-7afac9de4c46",
    "data": [
      {
        "text": "Que prescrire en cas de cystite ?",
        "userDefined": false
      }
    ],
    "isTemplate": false,
    "count": 0,
    "updated": 1522593226
  },
  {
    "id": "048b4479-9ed9-4df7-b5b7-5bd7be2d56a0",
    "data": [
      {
        "text": "bonsoir, comme indiqué dans le titre je recherche des somnifères vegan. j\u0027ai pris du donormyl dans la précipitation mais je vois que cela contient du lactose. de plus je ne sais pas ce que s\u0027autorise upsa vis à vis des animaux. et comme je ne trouve absolument rien sur la toile, j\u0027en viens à poser la question directement ici. j\u0027ai essayé des tisanes (verveine, camomille, tilleul) mais c\u0027est loin de m\u0027assommer; peut être n\u0027ai je pas encore trouvé la plante (je n\u0027ai pas essayé la valériane par exemple). merci d\u0027avance.",
        "userDefined": false
      }
    ],
    "isTemplate": false,
    "count": 0,
    "updated": 1522593226
  },
  {
    "id": "689b57bf-39a7-49bc-a2b5-d2e1f6187564",
    "data": [
      {
        "text": "une solution contre les morpions ?",
        "userDefined": false
      }
    ],
    "isTemplate": false,
    "count": 0,
    "updated": 1522593226
  },
  {
    "id": "87716b8a-b3b8-4f0b-80c8-77fe33a5d78b",
    "data": [
      {
        "text": "j\u0027aimerais avoir vos avis sur l\u0027anafranil et si il a été bénéfique pour vous dans le traitement des obsessions ?",
        "userDefined": false
      }
    ],
    "isTemplate": false,
    "count": 0,
    "updated": 1522593226
  },
  {
    "id": "65a7cedd-cac5-4786-b461-8f7b62d182e9",
    "data": [
      {
        "text": "c\u0027est le retour de la grippe. donc je voudrais savoir quel est le nom du vaccin que vous prenez ?",
        "userDefined": false
      }
    ],
    "isTemplate": false,
    "count": 0,
    "updated": 1522593226
  },
  {
    "id": "2f77646f-6634-4716-9d0b-c383440b96bc",
    "data": [
      {
        "text": "que proposer en traitement contre l\u0027ostéoporose ?",
        "userDefined": false
      }
    ],
    "isTemplate": false,
    "count": 0,
    "updated": 1522593226
  },
  {
    "id": "fb7690f4-93d8-4b89-9eef-37e90c736b86",
    "data": [
      {
        "text": "vaccin contre la varicelle?",
        "userDefined": false
      }
    ],
    "isTemplate": false,
    "count": 1,
    "updated": 1522593226
  },
  {
    "id": "f8575464-2418-4f68-a4fd-78c00abd943d",
    "data": [
      {
        "text": "un remède contre Acné en homéopathie?",
        "userDefined": false
      }
    ],
    "isTemplate": false,
    "count": 0,
    "updated": 1522593226
  },
  {
    "id": "1cb29352-0db1-4da9-a427-cc8720ded1c8",
    "data": [
      {
        "text": "le xanax peut aider au trouble de panique?",
        "userDefined": false
      }
    ],
    "isTemplate": false,
    "count": 0,
    "updated": 1522593226
  },
  {
    "id": "4fa27bc8-1050-4435-a1d7-f8734149cdd7",
    "data": [
      {
        "text": "je suis souvent dépressive et j\u0027ai des crises de larmes le jour ou la veille de mes règles, comment je peux faire pour y remédier ?",
        "userDefined": false
      }
    ],
    "isTemplate": false,
    "count": 0,
    "updated": 1522593226
  },
  {
    "id": "fa905e18-6342-4691-8659-6165eefed41f",
    "data": [
      {
        "text": "J\u0027aimerais grandir, existe-t-il des traitements pour ça ?",
        "userDefined": false
      }
    ],
    "isTemplate": false,
    "count": 0,
    "updated": 1522593226
  },
  {
    "id": "e192c5e5-83c8-4c92-8908-3e684bca4841",
    "data": [
      {
        "text": "Que conseilleriez-vous en phyto pour les fuites urinaires?",
        "userDefined": false
      }
    ],
    "isTemplate": false,
    "count": 0,
    "updated": 1522593226
  },
  {
    "id": "e3799c18-1a01-42a4-b06e-1293f0c7808f",
    "data": [
      {
        "text": "fièvre jaune ? Quel vaccin ?",
        "userDefined": false
      }
    ],
    "isTemplate": false,
    "count": 0,
    "updated": 1522593226
  },
  {
    "id": "52ca3220-ae30-46de-b35e-064bed059548",
    "data": [
      {
        "text": "quels sont les noms des vaccins contre méningite a et b s\u0027il vous plait ?",
        "userDefined": false
      }
    ],
    "isTemplate": false,
    "count": 0,
    "updated": 1522593226
  },
  {
    "id": "2fb5e3b2-143f-4071-a300-b3be03a08120",
    "data": [
      {
        "text": "quel est le médicament à prendre pour les cicatrices dues au boutons?",
        "userDefined": false
      }
    ],
    "isTemplate": false,
    "count": 0,
    "updated": 1522593226
  },
  {
    "id": "967982e5-d08b-4952-b0f8-b656f37c91a5",
    "data": [
      {
        "text": "solution pour stimuler la pousse de la barbe ?",
        "userDefined": false
      }
    ],
    "isTemplate": false,
    "count": 0,
    "updated": 1522593226
  },
  {
    "id": "09c8d769-3d79-44f0-baa1-dcc974c5b3ac",
    "data": [
      {
        "text": "mon bb a 14 mois et depuis ce matin il a le nez qui coule régulièrement , il a les yeux un peu rouge et il éternue plus que d\u0027habitude et tousse un peu aussi. nous souhaiterions le soulager avec l\u0027homéopathie, vers quelles \u0027granules\u0027 se tourner. ?",
        "userDefined": false
      }
    ],
    "isTemplate": false,
    "count": 0,
    "updated": 1522593226
  },
  {
    "id": "baf86851-52f7-424e-84a6-61ac21907866",
    "data": [
      {
        "text": "mon bébé de 10 mois souffre d\u0027un rgo et d\u0027un manque de motricité du système digestif.  il a du mal à évacuer ses rots, surtout la nuit après la tétée! que pourrais-je lui donner pour l\u0027aider à les évacuer?",
        "userDefined": false
      }
    ],
    "isTemplate": false,
    "count": 0,
    "updated": 1522593226
  },
  {
    "id": "3d5544a8-0a94-484d-b9f6-b03cedbd6b96",
    "data": [
      {
        "text": "je voudrais acheter des ovules spermicides mais je ne m\u0027y connais pas(jamais utilisées).vous connaissez le nom de certaines?",
        "userDefined": false
      }
    ],
    "isTemplate": false,
    "count": 0,
    "updated": 1522593226
  },
  {
    "id": "4a5e44fe-09a4-4696-90d2-6b30308dc434",
    "data": [
      {
        "text": "Avez-vous un remède naturel pour l’aerophagie?",
        "userDefined": false
      }
    ],
    "isTemplate": false,
    "count": 0,
    "updated": 1522593226
  },
  {
    "id": "51fef82e-1244-4971-ac29-324c283a2a8c",
    "data": [
      {
        "text": "avlocardyl (bêtabloquant) contre anxiété ?",
        "userDefined": false
      }
    ],
    "isTemplate": false,
    "count": 0,
    "updated": 1522593226
  },
  {
    "id": "e07dd2fd-216a-4108-b1f2-99b7f0e51957",
    "data": [
      {
        "text": "j\u0027ai des irritations apres les rapports, existe il une creme pour rehydrater?",
        "userDefined": false
      }
    ],
    "isTemplate": false,
    "count": 0,
    "updated": 1522593226
  },
  {
    "id": "fceda1fe-0c56-4552-b50b-014933d7eea0",
    "data": [
      {
        "text": "Quel traitement pour des douleurs au cuir chevelu ?",
        "userDefined": false
      }
    ],
    "isTemplate": false,
    "count": 0,
    "updated": 1522593226
  },
  {
    "id": "c280d855-723d-43ee-846e-fd13406b2473",
    "data": [
      {
        "text": "Quel médicament pour un irritation au niveau des yeux ?",
        "userDefined": false
      }
    ],
    "isTemplate": false,
    "count": 0,
    "updated": 1522593226
  },
  {
    "id": "ac8a8d2d-827f-443c-b914-fffa7cdc00ca",
    "data": [
      {
        "text": "connaissez vous un remède pour bien digérer?",
        "userDefined": false
      }
    ],
    "isTemplate": false,
    "count": 0,
    "updated": 1522593226
  },
  {
    "id": "e63f6c9e-63c7-4b19-8d89-e5e497bebba6",
    "data": [
      {
        "text": "Que prendre en cas de règles ultradouloureuses ?",
        "userDefined": false
      }
    ],
    "isTemplate": false,
    "count": 0,
    "updated": 1522593226
  },
  {
    "id": "6af404ac-d0ea-4857-8bd6-258c85355764",
    "data": [
      {
        "text": "Comment traiter un pied d\u0027athlète chez un enfant de 2 ans ?",
        "userDefined": false
      }
    ],
    "isTemplate": false,
    "count": 0,
    "updated": 1522593226
  },
  {
    "id": "bb47b24c-bdbe-497a-b0c6-f74a73e7bafc",
    "data": [
      {
        "text": "Vous connaissez des gouttes pour soigner le hoquet ?",
        "userDefined": false
      }
    ],
    "isTemplate": false,
    "count": 0,
    "updated": 1522593226
  },
  {
    "id": "8bc89149-6e56-4e72-aba7-18b42a1a38ce",
    "data": [
      {
        "text": "est ce que ghb traite l\u0027anxiété et la depression ?",
        "userDefined": false
      }
    ],
    "isTemplate": false,
    "count": 0,
    "updated": 1522593226
  },
  {
    "id": "014bb4fa-e58a-426e-ba22-b49cfa0dc49c",
    "data": [
      {
        "text": "kelkun a t-il une solution pour arrêter des règle ??",
        "userDefined": false
      }
    ],
    "isTemplate": false,
    "count": 0,
    "updated": 1522593226
  },
  {
    "id": "11b82cb7-e569-433a-835d-68f056fe68a2",
    "data": [
      {
        "text": "Quel serait votre conseil pour saignements internes post opératoires non hémorragiques (formation d\u0027un hématome de 10cm sur 5cm sur 3cm pour l’instant)?",
        "userDefined": false
      }
    ],
    "isTemplate": false,
    "count": 1,
    "updated": 1522593226
  },
  {
    "id": "87d179a7-732d-41d8-9958-995311e0c340",
    "data": [
      {
        "text": "Un traitement homéopathique pour soigner le hoquet ?",
        "userDefined": false
      }
    ],
    "isTemplate": false,
    "count": 0,
    "updated": 1522593226
  },
  {
    "id": "f34e0992-a3e0-4a35-aefb-12591315951c",
    "data": [
      {
        "text": "vaccin contre la rage ??",
        "userDefined": false
      }
    ],
    "isTemplate": false,
    "count": 0,
    "updated": 1522593226
  },
  {
    "id": "07628c02-d726-41f2-b71d-d7072f2ebc8b",
    "data": [
      {
        "text": "solution contre les réveils nocturnes?",
        "userDefined": false
      }
    ],
    "isTemplate": false,
    "count": 0,
    "updated": 1522593226
  },
  {
    "id": "c94b4fd4-96ea-4196-8c77-134f6f1a1202",
    "data": [
      {
        "text": "Le plitican est-il indiqué pour les nausées dûes à la chimiothérapie ?",
        "userDefined": false
      }
    ],
    "isTemplate": false,
    "count": 0,
    "updated": 1522593226
  },
  {
    "id": "45b2c929-b85f-4d9e-ab05-5198cd938446",
    "data": [
      {
        "text": "pommade après retrait des points de suture?",
        "userDefined": false
      }
    ],
    "isTemplate": false,
    "count": 0,
    "updated": 1522593226
  },
  {
    "id": "c65c328e-a479-4922-a82e-e62597b14e03",
    "data": [
      {
        "text": "ongles jaunes par la cigarette solution?",
        "userDefined": false
      }
    ],
    "isTemplate": false,
    "count": 0,
    "updated": 1522593226
  },
  {
    "id": "815a8d36-b4e2-41be-b391-b716f1ae3893",
    "data": [
      {
        "text": "cela fait 5 mois que je tousse pratiquement toutes les nuits, quelqu\u0027un a un conseil?",
        "userDefined": false
      }
    ],
    "isTemplate": false,
    "count": 0,
    "updated": 1522593226
  },
  {
    "id": "be1d01a0-5153-48df-99f7-d5a10f304415",
    "data": [
      {
        "text": "mon bebe a 1 mois et demi il est fatigué mais n\u0027arrive pas a s\u0027endormir avez vous une solution?",
        "userDefined": false
      }
    ],
    "isTemplate": false,
    "count": 0,
    "updated": 1522593226
  },
  {
    "id": "a9920b6c-636c-4169-9adc-a4ca529f9764",
    "data": [
      {
        "text": "existe t\u0027il des medicaments ou des vitamines pour ameliorer la vue?",
        "userDefined": false
      }
    ],
    "isTemplate": false,
    "count": 0,
    "updated": 1522593226
  },
  {
    "id": "1b257a5a-d21d-4f32-a942-151881e27ddd",
    "data": [
      {
        "text": "solution homeo ventre plat urgent ?",
        "userDefined": false
      }
    ],
    "isTemplate": false,
    "count": 0,
    "updated": 1522593226
  },
  {
    "id": "8a37fc0e-4963-4f09-8783-347313524bdc",
    "data": [
      {
        "text": "paupière qui tremble: que donner?",
        "userDefined": false
      }
    ],
    "isTemplate": false,
    "count": 0,
    "updated": 1522593226
  },
  {
    "id": "d6488d8b-42a8-46e5-8d00-ebbc7a39d54d",
    "data": [
      {
        "text": "Quel traitement privilégier en cas de colique néphrétique lithiasique ?",
        "userDefined": false
      }
    ],
    "isTemplate": false,
    "count": 0,
    "updated": 1522593226
  },
  {
    "id": "4659ac01-f05b-47bf-b9d6-4e1e120124a6",
    "data": [
      {
        "text": "que dois-je prendre pour une cure de calcium?",
        "userDefined": false
      }
    ],
    "isTemplate": false,
    "count": 0,
    "updated": 1522593226
  },
  {
    "id": "6287ff47-79bb-418b-ab7b-d85236efd33b",
    "data": [
      {
        "text": "avez-vous connaissance de plantes ou huiles essentielles aux effets anti-psychotiques ?",
        "userDefined": false
      }
    ],
    "isTemplate": false,
    "count": 0,
    "updated": 1522593226
  },
  {
    "id": "975b605e-0fc6-46b0-8940-9385f6d58da6",
    "data": [
      {
        "text": "Qu\u0027est ce qui marche le mieux pour aller à la mer avec une plaie à la main ?",
        "userDefined": false
      }
    ],
    "isTemplate": false,
    "count": 0,
    "updated": 1522593226
  },
  {
    "id": "80c793c8-7e54-450f-a2db-d3eb84663342",
    "data": [
      {
        "text": "quelqu\u0027un a t-il une solution pour une névralgie thoroco brachial?",
        "userDefined": false
      }
    ],
    "isTemplate": false,
    "count": 0,
    "updated": 1522593226
  },
  {
    "id": "66e3af08-7cea-417d-baae-67c779df2a63",
    "data": [
      {
        "text": "j\u0027ai fait une grosse crise d\u0027angoisse. connaissez-vous des anxiolytiques qui calment les grosses crises d\u0027angoisse rapidement ?",
        "userDefined": false
      }
    ],
    "isTemplate": false,
    "count": 0,
    "updated": 1522593226
  },
  {
    "id": "5b2b596a-b6d4-4a02-b39d-6d5138590134",
    "data": [
      {
        "text": "mon mari souffre chaque hiver de graves engelures aux pieds.  auriez vous une solution homéopathique à me conseiller?",
        "userDefined": false
      }
    ],
    "isTemplate": false,
    "count": 0,
    "updated": 1522593226
  },
  {
    "id": "3972d72c-40ea-4276-9459-7a4dee95597d",
    "data": [
      {
        "text": "que prendre pour les jambes lourdes ?",
        "userDefined": false
      }
    ],
    "isTemplate": false,
    "count": 0,
    "updated": 1522593226
  },
  {
    "id": "7a4bc2dc-adfa-4e60-b06f-e2b30454d341",
    "data": [
      {
        "text": "quel traitement homéopathique peut on prendre si on est prédiabétique?",
        "userDefined": false
      }
    ],
    "isTemplate": false,
    "count": 0,
    "updated": 1522593226
  },
  {
    "id": "796e7897-7455-4304-9f21-b7f5e12a2fae",
    "data": [
      {
        "text": "quels neuroleptiques contre les hallucinations ?",
        "userDefined": false
      }
    ],
    "isTemplate": false,
    "count": 0,
    "updated": 1522593226
  },
  {
    "id": "0fa38d89-fb13-404a-b982-3b39b6fbe5dc",
    "data": [
      {
        "text": "une solution pour les problèmes d\u0027odeurs corporelles ?",
        "userDefined": false
      }
    ],
    "isTemplate": false,
    "count": 0,
    "updated": 1522593226
  },
  {
    "id": "701d6656-258c-4e22-ab3b-070ebf080733",
    "data": [
      {
        "text": "douleur cuir chevelu après cheveux tirés avec violence y a-t-il une solution ?",
        "userDefined": false
      }
    ],
    "isTemplate": false,
    "count": 0,
    "updated": 1522593226
  },
  {
    "id": "a2efea47-994a-4ddd-a2c8-ba4ab5ccfcfa",
    "data": [
      {
        "text": "une solution pour la constipation?",
        "userDefined": false
      }
    ],
    "isTemplate": false,
    "count": 0,
    "updated": 1522593226
  },
  {
    "id": "109d701e-ab7c-4655-a2d1-f108d5891cdd",
    "data": [
      {
        "text": "Que conseillez-vous en répulsif contre les poux mis à part les produits tout prêts et la lavande ?",
        "userDefined": false
      }
    ],
    "isTemplate": false,
    "count": 0,
    "updated": 1522593226
  },
  {
    "id": "e8773cb9-0f25-4329-8d78-604a2fceba1d",
    "data": [
      {
        "text": "vaccin hépatite a?",
        "userDefined": false
      }
    ],
    "isTemplate": false,
    "count": 0,
    "updated": 1522593226
  },
  {
    "id": "84b47afc-9c9a-4bf3-aa57-309fab4af8e8",
    "data": [
      {
        "text": "cela fait quelques semaines que quand je vais au toilettes ou a la fin de rapport sexuel, j\u0027ai des pictotements un peu comme des brulures. pouvez-vous me conseillez un bon produit pour la toilette intime.",
        "userDefined": false
      }
    ],
    "isTemplate": false,
    "count": 0,
    "updated": 1522593226
  },
  {
    "id": "fc648326-9684-4700-adf5-153004359233",
    "data": [
      {
        "text": "Quel médicament traite le problème du cortisol trop élevé?",
        "userDefined": false
      }
    ],
    "isTemplate": false,
    "count": 0,
    "updated": 1522593226
  },
  {
    "id": "c4e23f13-cf29-4bc5-8469-a007bea6fa5a",
    "data": [
      {
        "text": "Quelles huiles essentielles utiliser pour une dermite de stase ?",
        "userDefined": false
      }
    ],
    "isTemplate": false,
    "count": 0,
    "updated": 1522593226
  },
  {
    "id": "67350311-25da-4365-8ddf-cf35c1e41ff1",
    "data": [
      {
        "text": "Connaitriez-vous un dépigmentant efficace pour la peau pour des zones sensibles et fragiles?",
        "userDefined": false
      }
    ],
    "isTemplate": false,
    "count": 0,
    "updated": 1522593226
  },
  {
    "id": "6781780f-f2ca-43f3-91da-9c27132466f8",
    "data": [
      {
        "text": "j\u0027aimerai surtout perdre du ventre... auriez vous une solution?",
        "userDefined": false
      }
    ],
    "isTemplate": false,
    "count": 0,
    "updated": 1522593226
  },
  {
    "id": "870a6299-da7e-438d-93cd-70aa7c5c27a7",
    "data": [
      {
        "text": "que peut on donner comme laxatif sans avoir d\u0027augmentation de la glycémie?",
        "userDefined": false
      }
    ],
    "isTemplate": false,
    "count": 0,
    "updated": 1522593226
  },
  {
    "id": "be179f81-362a-4705-9369-a1062a1797f2",
    "data": [
      {
        "text": "quelle est la mieux pour une acné legere?",
        "userDefined": false
      }
    ],
    "isTemplate": false,
    "count": 0,
    "updated": 1522593226
  },
  {
    "id": "eaeda69b-39d6-4c5d-9959-06e233267299",
    "data": [
      {
        "text": "je suis ces temps ci ,tres nerveux et irritable, je pleure tt le temps en parlant tout seul, mes crises de larmes me dominent et je bouge partout, malgres mon traitement je ne me calme pas, que faut t-il que je prenne ?",
        "userDefined": false
      }
    ],
    "isTemplate": false,
    "count": 0,
    "updated": 1522593226
  },
  {
    "id": "3bcde434-9f22-4d91-8752-16a0d25e239a",
    "data": [
      {
        "text": "mes deux enfants sont intolérant au lactose ,pour complémenter leur manque en calcium que pourai t\u0027on leur donner comme compléments ?",
        "userDefined": false
      }
    ],
    "isTemplate": false,
    "count": 0,
    "updated": 1522593226
  },
  {
    "id": "1656117a-87d2-4823-bbd7-b6084d87d161",
    "data": [
      {
        "text": "est ce que cyclo 3 fort peut arrêter mes spotting?",
        "userDefined": false
      }
    ],
    "isTemplate": false,
    "count": 0,
    "updated": 1522593226
  },
  {
    "id": "8ba509d1-8050-48d5-bc3e-95f810c1159c",
    "data": [
      {
        "text": "Une solutions pour que les regles durent moins longtemps ?",
        "userDefined": false
      }
    ],
    "isTemplate": false,
    "count": 0,
    "updated": 1522593226
  },
  {
    "id": "621946af-5242-4b68-a526-9eb741701ae2",
    "data": [
      {
        "text": "quelles solutions pur rétablir son équilibre vaginale ?",
        "userDefined": false
      }
    ],
    "isTemplate": false,
    "count": 1,
    "updated": 1522593226
  },
  {
    "id": "4829aa6c-82f8-4dda-963e-be9bb83e86b9",
    "data": [
      {
        "text": "Traitement possible coliques nourrisson ?",
        "userDefined": false
      }
    ],
    "isTemplate": false,
    "count": 0,
    "updated": 1522593226
  },
  {
    "id": "a70e8a81-e0e8-4f12-9ad4-58712609529e",
    "data": [
      {
        "text": "je dois me faire opérer la poitrine. que pourrais-je prendre pour atténuer la douleur du réveil ?",
        "userDefined": false
      }
    ],
    "isTemplate": false,
    "count": 0,
    "updated": 1522593226
  },
  {
    "id": "2f50e8c5-6411-4dd3-9e35-7a3b5157c8ef",
    "data": [
      {
        "text": "Vous conseillerez quoi en aroma/homéo pour un patient ayant une sinusite aiguë antécédents AVC / migraines?",
        "userDefined": false
      }
    ],
    "isTemplate": false,
    "count": 0,
    "updated": 1522593226
  },
  {
    "id": "0e980003-2a7f-454a-aa38-e5be878bed76",
    "data": [
      {
        "text": "solution contre les traces rouges et violettes laissées par de l\u0027acné?",
        "userDefined": false
      }
    ],
    "isTemplate": false,
    "count": 0,
    "updated": 1522593226
  },
  {
    "id": "0a5cb7a4-5031-4cc7-808e-057805c9b906",
    "data": [
      {
        "text": "j\u0027ai eu une cystite carabinée: ventre gonflé à exploser + douleurs + pipi toutes les 10 min + règles. quels remèdes homéopathiques ?",
        "userDefined": false
      }
    ],
    "isTemplate": false,
    "count": 0,
    "updated": 1522593226
  },
  {
    "id": "1eddb69e-64a6-4b25-8c3d-09b71d9e7e5b",
    "data": [
      {
        "text": "J\u0027ai une patiente sous Tamoxifène qui a énormément de crampes (effets indésirables fréquents). Quelqu\u0027un a-t-il eu des retours sur un produit soulageant bien ces crampes ? Elle a déjà essayé Decramp et Magnésium/B6 classique qui n\u0027ont pas été révolutionnaires.",
        "userDefined": false
      }
    ],
    "isTemplate": false,
    "count": 0,
    "updated": 1522593226
  },
  {
    "id": "bbb990f0-3539-4306-884e-141b94a6f025",
    "data": [
      {
        "text": "existe t il des traitements contre le paludisme pour une longue exposition?",
        "userDefined": false
      }
    ],
    "isTemplate": false,
    "count": 0,
    "updated": 1522593226
  },
  {
    "id": "cf258cbe-b82a-4762-8ff1-a4710f75dc2b",
    "data": [
      {
        "text": "Si triptan nécessaire pour crise de migraine, lequel privilégier ?",
        "userDefined": false
      }
    ],
    "isTemplate": false,
    "count": 0,
    "updated": 1522593226
  },
  {
    "id": "f9d86b96-f635-420a-8ac0-478a9d1e7868",
    "data": [
      {
        "text": "Quel traitement antibiotique si orchiépididymite avec doute sur MST ?",
        "userDefined": false
      }
    ],
    "isTemplate": false,
    "count": 0,
    "updated": 1522593226
  },
  {
    "id": "5c6cabf2-d297-4323-8fef-26772f6f9bc4",
    "data": [
      {
        "text": "Quels médicaments naturels contre l\u0027angoisse ?",
        "userDefined": false
      }
    ],
    "isTemplate": false,
    "count": 0,
    "updated": 1522593226
  },
  {
    "id": "ce8cdfcf-8f2b-4776-a102-2178c28b874c",
    "data": [
      {
        "text": "quel médicament utiliser pour une mycose ?",
        "userDefined": false
      }
    ],
    "isTemplate": false,
    "count": 0,
    "updated": 1522593226
  },
  {
    "id": "dc8365a8-3f84-48a8-a2ed-4486be6567d4",
    "data": [
      {
        "text": "tendinite du tendon d\u0027achille : prescription homéo?",
        "userDefined": false
      }
    ],
    "isTemplate": false,
    "count": 0,
    "updated": 1522593226
  },
  {
    "id": "a9d69fde-9f4f-4a60-b7a9-32cf76e84f82",
    "data": [
      {
        "text": "grippe saisonnière 2007/2008; vaccin?",
        "userDefined": false
      }
    ],
    "isTemplate": false,
    "count": 0,
    "updated": 1522593226
  },
  {
    "id": "29cfd91b-9d45-4adf-b0a9-177bcd829cf2",
    "data": [
      {
        "text": "avez vous un remède pour grossir des seins ?",
        "userDefined": false
      }
    ],
    "isTemplate": false,
    "count": 0,
    "updated": 1522593226
  },
  {
    "id": "346ff9ba-4745-4c2d-90d6-83dcce2a79cb",
    "data": [
      {
        "text": "Quels traitements sont efficaces contre le stress ?",
        "userDefined": false
      }
    ],
    "isTemplate": false,
    "count": 0,
    "updated": 1522593226
  },
  {
    "id": "eee3401b-b5f6-4647-b276-135576dc1f3c",
    "data": [
      {
        "text": "que pourrais je demander a mon medecin de famille pour etre aidee un peu a perdre plus vite ces 10kg ??",
        "userDefined": false
      }
    ],
    "isTemplate": false,
    "count": 0,
    "updated": 1522593226
  },
  {
    "id": "c43f32f5-4c47-4d39-b529-ed72470828e4",
    "data": [
      {
        "text": "j\u0027ai fait une fc, quelle acide folique dois je prendre?",
        "userDefined": false
      }
    ],
    "isTemplate": false,
    "count": 0,
    "updated": 1522593226
  },
  {
    "id": "b8cbe807-525c-4af0-b0f0-728335936899",
    "data": [
      {
        "text": "creme ou medicament cicatrisant??",
        "userDefined": false
      }
    ],
    "isTemplate": false,
    "count": 0,
    "updated": 1522593226
  },
  {
    "id": "dec05d77-2df3-49d8-b717-6f9ccae1d245",
    "data": [
      {
        "text": "je souffre et je fais souffrir mon entourage. je casse tout. je déprime et mes proches s\u0027en tracasse. est-ce qu\u0027il est existe des médicaments pouvant m\u0027aider?",
        "userDefined": false
      }
    ],
    "isTemplate": false,
    "count": 0,
    "updated": 1522593226
  },
  {
    "id": "fe034056-1ee9-4ea7-a1f7-bfa77a178e1b",
    "data": [
      {
        "text": "je recherche desesperement un traitement pour arreter mes saignement vaginaux, une idée ?",
        "userDefined": false
      }
    ],
    "isTemplate": false,
    "count": 0,
    "updated": 1522593226
  },
  {
    "id": "5d8b519a-e0bf-4b8e-b5c8-e9d7dd8f02b1",
    "data": [
      {
        "text": "Panaris adulte : quel traitement antibiotique ?",
        "userDefined": false
      }
    ],
    "isTemplate": false,
    "count": 0,
    "updated": 1522593226
  },
  {
    "id": "b81cc06e-5bda-4f59-bbea-c0d8e3116bdc",
    "data": [
      {
        "text": "je souffre de nevralgie pelvienne existe des medicamnt pour le soigner ?",
        "userDefined": false
      }
    ],
    "isTemplate": false,
    "count": 0,
    "updated": 1522593226
  },
  {
    "id": "5cc837db-fab0-4417-9d77-924661d67548",
    "data": [
      {
        "text": "Y a-t-il un vaccin contre le tabbagisme ?",
        "userDefined": false
      }
    ],
    "isTemplate": false,
    "count": 0,
    "updated": 1522593226
  },
  {
    "id": "6adb1cb0-3e8c-4009-b0b0-d6f5bc42060e",
    "data": [
      {
        "text": "bonjour, j\u0027ai une très très importante chute de cheveux depuis juin,j\u0027ai fait des examens,et prise de sang:j\u0027ai un effluvium telogène aigu,et je prend la jasmine. j\u0027ai un taux de progesterone et d\u0027oestradiol très bas,je voudrais savoir quelle pilule prendre,qui soit plus dosée et en même temps,bonne pour les cheveux? merci.",
        "userDefined": false
      }
    ],
    "isTemplate": false,
    "count": 0,
    "updated": 1522593226
  },
  {
    "id": "2a44e4c7-81f5-4fec-93b2-558511e33bc9",
    "data": [
      {
        "text": "Quelles sont les souches et posologies possibles pour soigner la constipation par l’homéopathie ?",
        "userDefined": false
      }
    ],
    "isTemplate": false,
    "count": 0,
    "updated": 1522593226
  },
  {
    "id": "c355677e-bfb0-4084-a270-296a049af80c",
    "data": [
      {
        "text": "traitement homéo en prévention grippe",
        "userDefined": false
      }
    ],
    "isTemplate": false,
    "count": 0,
    "updated": 1522593226
  },
  {
    "id": "4ce36630-162b-4511-ae33-a40b77da3903",
    "data": [
      {
        "text": "Quel topique pour dermatite atopique enfant ?",
        "userDefined": false
      }
    ],
    "isTemplate": false,
    "count": 0,
    "updated": 1522593226
  },
  {
    "id": "c6114515-b2ad-48c4-accf-c5c4585e09cc",
    "data": [
      {
        "text": "des conseils pour un remède naturel contre la rétention d’eau pendant la grossesse ?",
        "userDefined": false
      }
    ],
    "isTemplate": false,
    "count": 0,
    "updated": 1522593226
  },
  {
    "id": "5e00fc1b-109d-4e1f-a0df-094e5f7c1200",
    "data": [
      {
        "text": "connaissez vous des moyens pour pouvoir retarder ou avancer ses regles ?",
        "userDefined": false
      }
    ],
    "isTemplate": false,
    "count": 0,
    "updated": 1522593226
  },
  {
    "id": "0c603d02-72ae-4c40-bd27-1855ce281e98",
    "data": [
      {
        "text": "je voulais juste savoir si il existe des creme ou des medicament qui fait disparraitre nos nouvelle ou ancienne cicatrices ?? si il existe comment il s\u0027appelle?",
        "userDefined": false
      }
    ],
    "isTemplate": false,
    "count": 0,
    "updated": 1522593226
  },
  {
    "id": "c5604fc2-74a7-44b4-9d47-236eb004f3d3",
    "data": [
      {
        "text": "Traitement Taenia ?",
        "userDefined": false
      }
    ],
    "isTemplate": false,
    "count": 0,
    "updated": 1522593226
  },
  {
    "id": "98b164a5-d12f-4746-a630-05dd4ad51065",
    "data": [
      {
        "text": "Un remède efficace contre nausées et vomissement hors Homéo pour la femme enceinte ?",
        "userDefined": false
      }
    ],
    "isTemplate": false,
    "count": 0,
    "updated": 1522593226
  },
  {
    "id": "8fff179f-6995-4fd5-a322-d286aaee5cfb",
    "data": [
      {
        "text": "solutions contre baisse de libido, anorgasmie?",
        "userDefined": false
      }
    ],
    "isTemplate": false,
    "count": 0,
    "updated": 1522593226
  },
  {
    "id": "f61c14c7-871b-4b04-b863-45f1e41800b9",
    "data": [
      {
        "text": "est ce que l\u0027homéophatie peut etre utilisé pour les règles douloureuses?",
        "userDefined": false
      }
    ],
    "isTemplate": false,
    "count": 0,
    "updated": 1522593226
  },
  {
    "id": "b7fbdef0-f5c1-4af3-91c1-11b72037aaea",
    "data": [
      {
        "text": "je souffre d\u0027une crise hémorroïdaire. qqun peut-il m\u0027aider ?",
        "userDefined": false
      }
    ],
    "isTemplate": false,
    "count": 0,
    "updated": 1522593226
  },
  {
    "id": "8ba77896-54b9-46db-95e4-0a4978aeaed0",
    "data": [
      {
        "text": "je suis enormement stressé a cause de pb de couples, quel medicaments pourrais je prendre pour me détendre et ne pas fondre en larme a chaque tracas ?",
        "userDefined": false
      }
    ],
    "isTemplate": false,
    "count": 0,
    "updated": 1522593226
  },
  {
    "id": "5cfa7b2f-aafc-4d31-af1b-725401e748ec",
    "data": [
      {
        "text": "quel complément pour le fer ?",
        "userDefined": false
      }
    ],
    "isTemplate": false,
    "count": 0,
    "updated": 1522593226
  },
  {
    "id": "04b05510-27e1-42b0-9037-b058e2ec3171",
    "data": [
      {
        "text": "bonjour connaissez vous des medicaments ou spray contre les ronflements?",
        "userDefined": false
      }
    ],
    "isTemplate": false,
    "count": 0,
    "updated": 1522593226
  },
  {
    "id": "49b425cd-e9ee-49e4-8867-f9dd73e720cf",
    "data": [
      {
        "text": "Quelqu\u0027un connaît un traitement pour les torticolis et contractures très régulières ( une à deux fois par semaine ) ?",
        "userDefined": false
      }
    ],
    "isTemplate": false,
    "count": 0,
    "updated": 1522593226
  },
  {
    "id": "141d3dee-e413-4ce5-841f-23aa4e876643",
    "data": [
      {
        "text": "Que faire contre la myelite ?",
        "userDefined": false
      }
    ],
    "isTemplate": false,
    "count": 0,
    "updated": 1522593226
  },
  {
    "id": "b53cbcd4-7895-43c3-8ab3-f4c130e1b2cb",
    "data": [
      {
        "text": "je souffre de maux de tête très forts, je souhaiterais suivre un traitement de \"fond\" homéopathique. quelqu\u0027un pourrait-il m\u0027indiquer des pistes s\u0027il vous plait?",
        "userDefined": false
      }
    ],
    "isTemplate": false,
    "count": 0,
    "updated": 1522593226
  },
  {
    "id": "d9b325ea-97b5-4b1d-b2a9-be5dd8d2eb4b",
    "data": [
      {
        "text": "Quels spécialités sont disponibles pour les maux de gorges, autre que du sirop ou des pastilles ?",
        "userDefined": false
      }
    ],
    "isTemplate": false,
    "count": 0,
    "updated": 1522593226
  },
  {
    "id": "d620dd90-ac29-4f98-b2b1-11805d80bb1d",
    "data": [
      {
        "text": "connaissez vous des médicaments contre l\u0027acnée et la peau grasse?",
        "userDefined": false
      }
    ],
    "isTemplate": false,
    "count": 0,
    "updated": 1522593226
  },
  {
    "id": "45f5ace2-b66c-47d8-8d91-3aeed9342e7e",
    "data": [
      {
        "text": "Infection urinaire femme : Que choisir comme antibiotique ?",
        "userDefined": false
      }
    ],
    "isTemplate": false,
    "count": 0,
    "updated": 1522593226
  },
  {
    "id": "fd5c0745-4d18-41cf-a944-7c3c1bcd4d47",
    "data": [
      {
        "text": "vaccin contre l \u0027hépatite a ??",
        "userDefined": false
      }
    ],
    "isTemplate": false,
    "count": 0,
    "updated": 1522593226
  },
  {
    "id": "c79f21ad-c934-4e71-83b6-b716b8d364a3",
    "data": [
      {
        "text": "que prendre pour faire passer une déprime post partum?",
        "userDefined": false
      }
    ],
    "isTemplate": false,
    "count": 0,
    "updated": 1522593226
  },
  {
    "id": "482e677f-f310-4371-8912-355769df9404",
    "data": [
      {
        "text": "vaccin pour prévenir le tétanost??",
        "userDefined": false
      }
    ],
    "isTemplate": false,
    "count": 0,
    "updated": 1522593226
  },
  {
    "id": "81c95ba4-5dcf-4762-92a1-d6e4eb24c381",
    "data": [
      {
        "text": "Que faire pour prévenir la grippe chez un enfant de 5 ans ?",
        "userDefined": false
      }
    ],
    "isTemplate": false,
    "count": 0,
    "updated": 1522593226
  },
  {
    "id": "fedf78dc-3da6-4386-9c61-1ca29b10f71d",
    "data": [
      {
        "text": "quel calmant peut on prendre pour piqures d\u0027insectes?",
        "userDefined": false
      }
    ],
    "isTemplate": false,
    "count": 0,
    "updated": 1522593226
  },
  {
    "id": "8ad35336-36b4-4e1d-8e02-68d092f97669",
    "data": [
      {
        "text": "mon bébé souffre d\u0027un rgo et d\u0027un manque de motricité du système digestif. il a du mal à évacuer ses rots, que pourrais-je lui donner pour l\u0027aider à les évacuer?",
        "userDefined": false
      }
    ],
    "isTemplate": false,
    "count": 0,
    "updated": 1522593226
  },
  {
    "id": "0179abe4-c032-4861-8751-1b68e880827e",
    "data": [
      {
        "text": "Une dame qui ressent des tremblements, picotements, petites contractions dans la jambe de temps en temps, vous lui conseillerez quoi?",
        "userDefined": false
      }
    ],
    "isTemplate": false,
    "count": 0,
    "updated": 1522593226
  },
  {
    "id": "62c32e7d-0a08-4806-96ca-ecabe5aec173",
    "data": [
      {
        "text": "Quelle huile essentielle pour un traitement contre les verrues ?",
        "userDefined": false
      }
    ],
    "isTemplate": false,
    "count": 0,
    "updated": 1522593226
  },
  {
    "id": "c8c1f8e1-034f-4c6c-8f9a-4e4b59685ee2",
    "data": [
      {
        "text": "que me conseillez-vous comme calmant homéopathique pour la spasmophilie ?",
        "userDefined": false
      }
    ],
    "isTemplate": false,
    "count": 0,
    "updated": 1522593226
  },
  {
    "id": "2713385f-3135-4160-824c-56feea29caea",
    "data": [
      {
        "text": "alprazolam diminue l\u0027irritabilité ?",
        "userDefined": false
      }
    ],
    "isTemplate": false,
    "count": 0,
    "updated": 1522593226
  },
  {
    "id": "ae0c0bf3-06a6-423d-bb60-335bac681b92",
    "data": [
      {
        "text": "je souffre d\u0027algodistrophie au niveau de mon genou, est ce qu\u0027il y a un traitemen homéophatique qui peut résoudre ça?",
        "userDefined": false
      }
    ],
    "isTemplate": false,
    "count": 0,
    "updated": 1522593226
  },
  {
    "id": "98f70d15-24dc-4355-8ec4-dc425076b8f0",
    "data": [
      {
        "text": "Quelle pommade à appliquer sur la cicatrice des points de suture ?",
        "userDefined": false
      }
    ],
    "isTemplate": false,
    "count": 0,
    "updated": 1522593226
  },
  {
    "id": "4f197def-d20c-4bf9-ae05-dc3a4e0e5a47",
    "data": [
      {
        "text": "vous connaissez des medicaments homeopathique contre la diarhée.",
        "userDefined": false
      }
    ],
    "isTemplate": false,
    "count": 0,
    "updated": 1522593226
  },
  {
    "id": "bbff4d54-774e-46c5-ab5f-a288fb796ff7",
    "data": [
      {
        "text": "que conseillez-vous SVP en produit antitranspirant visage ?",
        "userDefined": false
      }
    ],
    "isTemplate": false,
    "count": 0,
    "updated": 1522593226
  },
  {
    "id": "6d615d64-f3ee-4608-913d-7f094bde17a6",
    "data": [
      {
        "text": "Qu’est ce qui est le plus efficace contre le mal de transport pour un enfant de trois ans ?",
        "userDefined": false
      }
    ],
    "isTemplate": false,
    "count": 0,
    "updated": 1522593226
  },
  {
    "id": "0f50e7c6-3692-4c73-b5b4-342c34fe53ab",
    "data": [
      {
        "text": "quel traitement homeo je pourrai prendre contre le rougissement?",
        "userDefined": false
      }
    ],
    "isTemplate": false,
    "count": 0,
    "updated": 1522593226
  },
  {
    "id": "89f874db-abb7-4bc3-bc42-4961da8023b6",
    "data": [
      {
        "text": "carence en calcium --\u003e calcibronate??",
        "userDefined": false
      }
    ],
    "isTemplate": false,
    "count": 0,
    "updated": 1522593226
  },
  {
    "id": "e03644ec-4bd1-414e-af1d-0e743926a103",
    "data": [
      {
        "text": "mon ami a de grosse douleur dans le genoux, connaissez-vous des anti-inflamatoire, ke jpeux me procurer en pharmacie sans ordonnance?",
        "userDefined": false
      }
    ],
    "isTemplate": false,
    "count": 0,
    "updated": 1522593226
  },
  {
    "id": "160875d7-7850-445c-9d41-5eaea99fc558",
    "data": [
      {
        "text": "vaccin contre le tagagisme ??",
        "userDefined": false
      }
    ],
    "isTemplate": false,
    "count": 0,
    "updated": 1522593226
  },
  {
    "id": "306df992-02fb-4db5-8818-3e4fd1370ec9",
    "data": [
      {
        "text": "est ce que duphaston aide à tomber enceinte?",
        "userDefined": false
      }
    ],
    "isTemplate": false,
    "count": 0,
    "updated": 1522593226
  },
  {
    "id": "a7d822c7-3c91-4282-9b8a-99db036f02a8",
    "data": [
      {
        "text": "Conseil Huile Essentielle pour traiter un zona récalcitrant, apparu après un traitement chimio (la patiente est en rémission) ?",
        "userDefined": false
      }
    ],
    "isTemplate": false,
    "count": 0,
    "updated": 1522593226
  },
  {
    "id": "58137810-a3dc-4ee2-957f-cff1065ddb59",
    "data": [
      {
        "text": "creme ou medicament cicatrisant ?",
        "userDefined": false
      }
    ],
    "isTemplate": false,
    "count": 0,
    "updated": 1522593226
  },
  {
    "id": "ed7c838b-834b-4205-aeed-5f2ba101e89e",
    "data": [
      {
        "text": "quel medicament ultra efficace et pas dangereux peut on prendre contre les nausées ?",
        "userDefined": false
      }
    ],
    "isTemplate": false,
    "count": 0,
    "updated": 1522593226
  },
  {
    "id": "b403a6c9-3c20-406f-95e7-06209c78c8c8",
    "data": [
      {
        "text": "quel traitement en cas de risque d\u0027amputation d\u0027un orteil (effets secondaires dus au previscan)?",
        "userDefined": false
      }
    ],
    "isTemplate": false,
    "count": 0,
    "updated": 1522593226
  },
  {
    "id": "e0ce1260-0742-4948-8673-4c7516e07bb7",
    "data": [
      {
        "text": "avez vous des conseils pour des soucis de ronflement?",
        "userDefined": false
      }
    ],
    "isTemplate": false,
    "count": 0,
    "updated": 1522593226
  },
  {
    "id": "782d50cc-0d8c-4bf2-8066-202ee5e1381b",
    "data": [
      {
        "text": "belladonna pour la gastro??",
        "userDefined": false
      }
    ],
    "isTemplate": false,
    "count": 0,
    "updated": 1522593226
  },
  {
    "id": "aee6c636-0fd9-4ffc-9841-011fa55f83e3",
    "data": [
      {
        "text": "est-ce qu\u0027un vaccin existe contre les oreillons ?",
        "userDefined": false
      }
    ],
    "isTemplate": false,
    "count": 0,
    "updated": 1522593226
  },
  {
    "id": "1c1e7bde-06d3-4c43-ae97-41cc823038a7",
    "data": [
      {
        "text": "Une huile essentielle pour soigner le hoquet ?",
        "userDefined": false
      }
    ],
    "isTemplate": false,
    "count": 0,
    "updated": 1522593226
  },
  {
    "id": "601f7a59-4b0a-48f2-8d30-2574155b4aa3",
    "data": [
      {
        "text": "vaccin tétanos??",
        "userDefined": false
      }
    ],
    "isTemplate": false,
    "count": 0,
    "updated": 1522593226
  },
  {
    "id": "be53065e-17ef-4bd6-8dd0-6f7c83ae67c4",
    "data": [
      {
        "text": "brulures, mycose, y a t-il une creme qui peut traiter ça ?",
        "userDefined": false
      }
    ],
    "isTemplate": false,
    "count": 0,
    "updated": 1522593226
  },
  {
    "id": "a9712369-75cc-4181-af90-7d793a6d26c5",
    "data": [
      {
        "text": "Quel vaccin pour la grippe H1N1 ?",
        "userDefined": false
      }
    ],
    "isTemplate": false,
    "count": 0,
    "updated": 1522593226
  },
  {
    "id": "f63648e9-0390-4968-aaf1-096e64db794c",
    "data": [
      {
        "text": "homéo pour remontées acides d\u0027un bébé?",
        "userDefined": false
      }
    ],
    "isTemplate": false,
    "count": 0,
    "updated": 1522593226
  },
  {
    "id": "570a69b5-f77f-42a8-836e-8fb6de014218",
    "data": [
      {
        "text": "vaccin dtp?",
        "userDefined": false
      }
    ],
    "isTemplate": false,
    "count": 0,
    "updated": 1522593226
  },
  {
    "id": "d80d7631-7d54-4a4f-b455-b9ae6ca2f56b",
    "data": [
      {
        "text": "Quel sirop prendre contre la toux ?",
        "userDefined": false
      }
    ],
    "isTemplate": false,
    "count": 0,
    "updated": 1522593226
  },
  {
    "id": "8f89e8cf-ff00-418a-9626-9273363ac760",
    "data": [
      {
        "text": "pouvez-vous me dire quels sont les meilleurs remèdes naturels contre le stress ?",
        "userDefined": false
      }
    ],
    "isTemplate": false,
    "count": 0,
    "updated": 1522593226
  },
  {
    "id": "15f6185a-e494-45aa-b3a5-816611066412",
    "data": [
      {
        "text": "y aurait-il une solution pour atténuer les cernes ?",
        "userDefined": false
      }
    ],
    "isTemplate": false,
    "count": 0,
    "updated": 1522593226
  },
  {
    "id": "538de2ef-f003-40b6-9797-004d1058548d",
    "data": [
      {
        "text": "J\u0027ai des bouton au niveau des petites lèvres, je pense à une mycose, que puis-je faire ?",
        "userDefined": false
      }
    ],
    "isTemplate": false,
    "count": 0,
    "updated": 1522593226
  },
  {
    "id": "4a23c377-4759-455d-8939-03a3dd03022f",
    "data": [
      {
        "text": "quel antibiotique efficace sur bronchite ?",
        "userDefined": false
      }
    ],
    "isTemplate": false,
    "count": 0,
    "updated": 1522593226
  },
  {
    "id": "93749e69-125b-45c5-909c-e2118c79a877",
    "data": [
      {
        "text": "Que donner pour traiter chlamydiae chez femme enceinte ?",
        "userDefined": false
      }
    ],
    "isTemplate": false,
    "count": 0,
    "updated": 1522593226
  },
  {
    "id": "372ad615-0da1-41a3-a9dd-8864d12c7d42",
    "data": [
      {
        "text": "Est ce que le deroxat traite la phobie?",
        "userDefined": false
      }
    ],
    "isTemplate": false,
    "count": 0,
    "updated": 1522593226
  },
  {
    "id": "10feac5e-5368-437c-8cc8-7031433b7f41",
    "data": [
      {
        "text": "Quels médicments sont disponibles pour traiter les crises d\u0027angoisse et de panique ?",
        "userDefined": false
      }
    ],
    "isTemplate": false,
    "count": 0,
    "updated": 1522593226
  },
  {
    "id": "96cb649d-b66a-4937-b69b-32a9c342d186",
    "data": [
      {
        "text": "Quelle homéopathie pour les migraines ?",
        "userDefined": false
      }
    ],
    "isTemplate": false,
    "count": 0,
    "updated": 1522593226
  },
  {
    "id": "755cf67c-4d53-47cc-a9de-b73ec72f6b82",
    "data": [
      {
        "text": "je suis enceinte. malheureusement nous ne pouvions pas garder le bébé, à un mois ou presque on peut juste prendre le médicament abortive ou c\u0027est obligé de passé sur le billard?",
        "userDefined": false
      }
    ],
    "isTemplate": false,
    "count": 0,
    "updated": 1522593226
  },
  {
    "id": "32196cc5-169a-4f7f-9e66-37c0eb52722a",
    "data": [
      {
        "text": "depuis 3 jours j ai d énormes quintes de toux notamment la nuit , qui s arretent lorsque je me mets en posotion verticale, que me conseillez vous ?",
        "userDefined": false
      }
    ],
    "isTemplate": false,
    "count": 0,
    "updated": 1522593226
  },
  {
    "id": "306723f7-fa91-4b38-82b4-888637a7ec62",
    "data": [
      {
        "text": "Que conseillez-vous pour assécher les boutons de varicelle ?",
        "userDefined": false
      }
    ],
    "isTemplate": false,
    "count": 0,
    "updated": 1522593226
  },
  {
    "id": "a31ac574-28d9-4511-b167-929290e8dec5",
    "data": [
      {
        "text": "j\u0027ai soigne mon debut de grippe avec oscillococcinum et ça a tres bien marche.. seul un mal de gorge et une toux seche ont subsistes. y-a t\u0027il un traitement homeopathique?",
        "userDefined": false
      }
    ],
    "isTemplate": false,
    "count": 0,
    "updated": 1522593226
  },
  {
    "id": "a89744f0-34a0-4594-a642-9485eac40350",
    "data": [
      {
        "text": "Que pensez vous de l\u0027Homéopathie pour la prévention des rhino, angines, otites et allergies ?",
        "userDefined": false
      }
    ],
    "isTemplate": false,
    "count": 0,
    "updated": 1522593226
  },
  {
    "id": "009d963e-03ac-4c62-9186-7497493b6e2b",
    "data": [
      {
        "text": "Quelle phytothérapie peut être une solution pour guérir ou du moins soulager une tendinite du talon d\u0027achille chronique (+ de 28 ans d\u0027examens approfondis et de traitements différents en vain) ?",
        "userDefined": false
      }
    ],
    "isTemplate": false,
    "count": 0,
    "updated": 1522593226
  },
  {
    "id": "46b6b5f2-501e-45b8-b365-70985824c268",
    "data": [
      {
        "text": "vaccin contre la varicelle ?",
        "userDefined": false
      }
    ],
    "isTemplate": false,
    "count": 0,
    "updated": 1522593226
  },
  {
    "id": "1195873f-866c-41d8-992d-fd738bf942a9",
    "data": [
      {
        "text": "quel tt homeo je pourrai prendre contre le rougissement?",
        "userDefined": false
      }
    ],
    "isTemplate": false,
    "count": 0,
    "updated": 1522593226
  },
  {
    "id": "c898a151-cc9b-40e2-96e6-67e4638c4de7",
    "data": [
      {
        "text": "je souffre d\u0027une suproduction en oestrogène. savez vous si il existe un traitement pour faire baisser le taux d\u0027oestrogène?",
        "userDefined": false
      }
    ],
    "isTemplate": false,
    "count": 0,
    "updated": 1522593226
  },
  {
    "id": "6957b946-c196-4f45-ad5b-6444aed8ef2b",
    "data": [
      {
        "text": "thymuline 9ch pour fièvre ??",
        "userDefined": false
      }
    ],
    "isTemplate": false,
    "count": 0,
    "updated": 1522593226
  },
  {
    "id": "a3ccd0b1-f140-4922-aad5-b4f0bbde4dae",
    "data": [
      {
        "text": "il y a quelques temps j\u0027ai entendu parler d\u0027un vaccin contre la gastro. qu\u0027en est-il ?",
        "userDefined": false
      }
    ],
    "isTemplate": false,
    "count": 0,
    "updated": 1522593226
  },
  {
    "id": "c32f6351-809d-4241-b7d4-4da2aeea76f8",
    "data": [
      {
        "text": "solutions contre les ballonements ?",
        "userDefined": false
      }
    ],
    "isTemplate": false,
    "count": 0,
    "updated": 1522593226
  },
  {
    "id": "7e60f280-67f2-4606-ace3-a2a4ae75106c",
    "data": [
      {
        "text": "Quelles huiles essentielles peuvent être utilisées pour les insomnies ?",
        "userDefined": false
      }
    ],
    "isTemplate": false,
    "count": 0,
    "updated": 1522593226
  },
  {
    "id": "33109cea-b006-4a34-9b61-bb93af48cc63",
    "data": [
      {
        "text": "Où trouver un pansement hydrocoloide (pas cellulaire) pour moignon?",
        "userDefined": false
      }
    ],
    "isTemplate": false,
    "count": 0,
    "updated": 1522593226
  },
  {
    "id": "6936f43d-4c1e-48ed-b646-fdebd75172d4",
    "data": [
      {
        "text": "vaccin contre la gastro  ?",
        "userDefined": false
      }
    ],
    "isTemplate": false,
    "count": 0,
    "updated": 1522593226
  },
  {
    "id": "6e6f1cb8-09a0-49be-b69f-e63aa16752f3",
    "data": [
      {
        "text": "Quel médicament peut-on prescrire à une femme enceinte qui connaît des insomnies ?",
        "userDefined": false
      }
    ],
    "isTemplate": false,
    "count": 0,
    "updated": 1522593226
  },
  {
    "id": "a01b0096-f98b-495f-a289-3874b93a5ef1",
    "data": [
      {
        "text": "j\u0027ai les cheveux de type caucasiens, mais très très secs de nature. je voudrais vraiment les rendre plus beaux, que me conseillez vous comme gélules ?",
        "userDefined": false
      }
    ],
    "isTemplate": false,
    "count": 0,
    "updated": 1522593226
  },
  {
    "id": "7b5c631c-7b81-4e4d-a7db-ea904889496e",
    "data": [
      {
        "text": "Quel médicament pour brûler les graisses ?",
        "userDefined": false
      }
    ],
    "isTemplate": false,
    "count": 0,
    "updated": 1522593226
  },
  {
    "id": "0a95228c-a617-4fe3-8f8b-1aecfa73a3f4",
    "data": [
      {
        "text": "quel tubes homéopathie peut traiter la rhino?",
        "userDefined": false
      }
    ],
    "isTemplate": false,
    "count": 0,
    "updated": 1522593226
  },
  {
    "id": "b973b72c-4762-42dd-8a8b-9c4414a528c0",
    "data": [
      {
        "text": "Quel médicament permet de faire tomber en 2 ou 3 jours les ongles et qui est utilisé quand la mycose est trop importante ?",
        "userDefined": false
      }
    ],
    "isTemplate": false,
    "count": 0,
    "updated": 1522593226
  },
  {
    "id": "3d28e25d-3821-4824-a2cb-d5fd0a79f369",
    "data": [
      {
        "text": "Un vaccin contre un virus du col de l\u0027utérus.lesquels existe-t-il?",
        "userDefined": false
      }
    ],
    "isTemplate": false,
    "count": 0,
    "updated": 1522593226
  }
]