[
  {
    "id": "7dc45913-3bb4-492f-8206-da610761cef1",
    "data": [
      {
        "text": "L\u0027atarax a-t-il une forte liaison au protéines plasmatiques ?",
        "userDefined": false
      }
    ],
    "isTemplate": false,
    "count": 0,
    "updated": 1522593226
  },
  {
    "id": "04e4daac-b592-45ac-8635-631c9342fca6",
    "data": [
      {
        "text": "detoxat : comment est-il métabolisé ?",
        "userDefined": false
      }
    ],
    "isTemplate": false,
    "count": 0,
    "updated": 1522593226
  },
  {
    "id": "1daf437e-6110-487d-8341-13b1d5cd9795",
    "data": [
      {
        "text": "daily gé : élimination rénale ?",
        "userDefined": false
      }
    ],
    "isTemplate": false,
    "count": 0,
    "updated": 1522593226
  },
  {
    "id": "5ac3e1c0-06c1-45c5-885c-1c2f5c7e861c",
    "data": [
      {
        "text": "transpiration excessive,  le jaborandi, 1/2 vie \u0026 métabolisation?",
        "userDefined": false
      }
    ],
    "isTemplate": false,
    "count": 0,
    "updated": 1522593226
  },
  {
    "id": "a224646f-e7cd-4083-bb72-7e378740195b",
    "data": [
      {
        "text": "j\u0027ai eu une injection du gadovist. quand le produit sera plus dans mon corps?",
        "userDefined": false
      }
    ],
    "isTemplate": false,
    "count": 0,
    "updated": 1522593226
  },
  {
    "id": "5b0509fb-2a91-4adf-9aa0-0c9100ebb193",
    "data": [
      {
        "text": "Quelle est la demi-vie du Ropinirole?",
        "userDefined": false
      }
    ],
    "isTemplate": false,
    "count": 0,
    "updated": 1522593226
  },
  {
    "id": "522350c3-aaed-4796-8429-28f3803330da",
    "data": [
      {
        "text": "combien de temps les antibiotiques reste dans le corps ?",
        "userDefined": false
      }
    ],
    "isTemplate": false,
    "count": 0,
    "updated": 1522593226
  },
  {
    "id": "680577e7-0fd3-4256-96be-d0cbdf38f359",
    "data": [
      {
        "text": "1/2 vie du tetralysal",
        "userDefined": false
      }
    ],
    "isTemplate": false,
    "count": 0,
    "updated": 1522593226
  },
  {
    "id": "907ca4af-f284-463f-834c-5918c8765a06",
    "data": [
      {
        "text": "orbenine, combien de temps dans le sang ?",
        "userDefined": false
      }
    ],
    "isTemplate": false,
    "count": 1,
    "updated": 1522593226
  },
  {
    "id": "59d82b92-8c85-4d8a-92d8-85106ccc0be0",
    "data": [
      {
        "text": "Pourquoi les dates de péremption de zoély sont si courtes ?",
        "userDefined": false
      }
    ],
    "isTemplate": false,
    "count": 0,
    "updated": 1522593226
  },
  {
    "id": "0cc12f3f-36f3-4f5a-a99b-b5a0831eb582",
    "data": [
      {
        "text": "combien de temps met le lisanxia pour s\u0027éliminer??",
        "userDefined": false
      }
    ],
    "isTemplate": false,
    "count": 0,
    "updated": 1522593226
  },
  {
    "id": "5fa18b6e-e235-4c42-81d3-102567c9bbda",
    "data": [
      {
        "text": "je suis sous pilule contraceptive leeloo gé et il y a un mois j\u0027ai commencé à avoir des sortes de diarrhée tous les matins. ma pilule est-elle chaque jours assimiliée dans les quatre heures ?",
        "userDefined": false
      }
    ],
    "isTemplate": false,
    "count": 0,
    "updated": 1522593226
  },
  {
    "id": "35d2e339-0e21-4873-8f6d-b717b9745c2a",
    "data": [
      {
        "text": "Quelle demi-vie pour le stimol ?",
        "userDefined": false
      }
    ],
    "isTemplate": false,
    "count": 0,
    "updated": 1522593226
  },
  {
    "id": "980ae17a-28fa-4061-8cd1-8ab4d3b10060",
    "data": [
      {
        "text": "leponex: métabolisation ?",
        "userDefined": false
      }
    ],
    "isTemplate": false,
    "count": 0,
    "updated": 1522593226
  },
  {
    "id": "1a6d0919-0203-4e06-8cc3-b5ee989b6982",
    "data": [
      {
        "text": "mon copain voudrait entreprendre une cure de propecia, je me demandais si cela aurait des conséquences sur son sperme. y aura-t-il des effets si j\u0027avale ?",
        "userDefined": false
      }
    ],
    "isTemplate": false,
    "count": 0,
    "updated": 1522593226
  },
  {
    "id": "337ac864-bc74-4aa8-bf7f-ff39a32972fd",
    "data": [
      {
        "text": "séroplex : élimination ?",
        "userDefined": false
      }
    ],
    "isTemplate": false,
    "count": 0,
    "updated": 1522593226
  },
  {
    "id": "8f7adc36-3c29-4642-b788-bd1e79e34bfb",
    "data": [
      {
        "text": "deroxat - passage hépatique ??",
        "userDefined": false
      }
    ],
    "isTemplate": false,
    "count": 0,
    "updated": 1522593226
  },
  {
    "id": "5d482c7c-5ff8-4d6f-a9da-ae9497701823",
    "data": [
      {
        "text": "quelle est exactement la demi vie du tranxene 10mg?",
        "userDefined": false
      }
    ],
    "isTemplate": false,
    "count": 0,
    "updated": 1522593226
  },
  {
    "id": "bdfc69dc-7146-4c9b-9a05-0826b20ea96f",
    "data": [
      {
        "text": "duphaston : temps d\u0027absorption ?",
        "userDefined": false
      }
    ],
    "isTemplate": false,
    "count": 0,
    "updated": 1522593226
  },
  {
    "id": "2583828a-62e1-482f-8571-3bb3d8169e6e",
    "data": [
      {
        "text": "la teinture mère de valériane ressort elle par les pores ??",
        "userDefined": false
      }
    ],
    "isTemplate": false,
    "count": 0,
    "updated": 1522593226
  },
  {
    "id": "edca5a56-364f-4f38-b528-e25b149126a4",
    "data": [
      {
        "text": "L\u0027élimination du Lepticur se fait-elle par voie rénale ou hépatique?",
        "userDefined": false
      }
    ],
    "isTemplate": false,
    "count": 0,
    "updated": 1522593226
  },
  {
    "id": "5d7978c9-6dc7-4517-8865-112de92f8346",
    "data": [
      {
        "text": "pharmacodynamie de duphaston ?",
        "userDefined": false
      }
    ],
    "isTemplate": false,
    "count": 0,
    "updated": 1522593226
  },
  {
    "id": "10f1aeb9-387a-47fb-a1bf-d55f836e8c9c",
    "data": [
      {
        "text": "acide folique / comment est-il éliminé ?",
        "userDefined": false
      }
    ],
    "isTemplate": false,
    "count": 0,
    "updated": 1522593226
  },
  {
    "id": "d3b4e7b4-1f9b-43a5-a679-07e5226f62ed",
    "data": [
      {
        "text": "deroxat et 1/2 vie",
        "userDefined": false
      }
    ],
    "isTemplate": false,
    "count": 0,
    "updated": 1522593226
  },
  {
    "id": "a0b5d1a9-a08d-4b89-a942-e48ca5efe53e",
    "data": [
      {
        "text": "duphaston? Temps d\u0027émimination ?",
        "userDefined": false
      }
    ],
    "isTemplate": false,
    "count": 0,
    "updated": 1522593226
  },
  {
    "id": "b96f5ca3-9475-43ef-b485-416fc955d45c",
    "data": [
      {
        "text": "pourquoi dit-on que le calcium des apports laitiers est le calcium qui se fixe le moins par rapport au légumes ?",
        "userDefined": false
      }
    ],
    "isTemplate": false,
    "count": 0,
    "updated": 1522593226
  },
  {
    "id": "c8262b27-5780-4a3d-b44d-87ec37502d4b",
    "data": [
      {
        "text": "question sur la pilule ludeal gé et cyt P450",
        "userDefined": false
      }
    ],
    "isTemplate": false,
    "count": 0,
    "updated": 1522593226
  },
  {
    "id": "d9f76235-0d2e-45d8-8dc9-967b73f424a1",
    "data": [
      {
        "text": "Combien de temps faut il pour eliminer totalement le seropam ?",
        "userDefined": false
      }
    ],
    "isTemplate": false,
    "count": 0,
    "updated": 1522593226
  },
  {
    "id": "8e6b9041-e397-4200-a07c-58fd3f78ec5e",
    "data": [
      {
        "text": "j\u0027ai pris du xenical pour maigrir et je viens de l\u0027arrêter. combien de temps dois-je attendre pour que le médicament s\u0027élimine ?",
        "userDefined": false
      }
    ],
    "isTemplate": false,
    "count": 0,
    "updated": 1522593226
  },
  {
    "id": "f07c410e-6bef-4d3e-812c-68e1c7aab9f1",
    "data": [
      {
        "text": "depakote : passage placenta ?",
        "userDefined": false
      }
    ],
    "isTemplate": false,
    "count": 0,
    "updated": 1522593226
  },
  {
    "id": "c6f84d79-9c5b-49bd-8de9-f0d7ae733b88",
    "data": [
      {
        "text": "pharmacodynamie de bétaserc?",
        "userDefined": false
      }
    ],
    "isTemplate": false,
    "count": 0,
    "updated": 1522593226
  },
  {
    "id": "e78c6c20-ee37-46b6-9a50-e7c6d25000f7",
    "data": [
      {
        "text": "prozac et cytochrome P450 ?",
        "userDefined": false
      }
    ],
    "isTemplate": false,
    "count": 0,
    "updated": 1522593226
  },
  {
    "id": "9f1b7cde-bd56-4276-8119-95d0762e642e",
    "data": [
      {
        "text": "Quelle est la demi-vie de stimol ?",
        "userDefined": false
      }
    ],
    "isTemplate": false,
    "count": 0,
    "updated": 1522593226
  },
  {
    "id": "677bcf90-77ca-4bb6-8beb-b144e25dee21",
    "data": [
      {
        "text": "surgestone : courbe d\u0027absorption ?",
        "userDefined": false
      }
    ],
    "isTemplate": false,
    "count": 0,
    "updated": 1522593226
  },
  {
    "id": "8c162284-44ef-4ac4-8641-fd1d6cfbe54c",
    "data": [
      {
        "text": "j\u0027ai pris ma pilule daily gé mercredi soir à 21h et j\u0027ai eu une forte diarrhée à minuit. est-ce que ma pilule a eu le temps d\u0027être assimilé ?",
        "userDefined": false
      }
    ],
    "isTemplate": false,
    "count": 0,
    "updated": 1522593226
  },
  {
    "id": "677e98da-c579-45d6-b324-e1a6ff6600c4",
    "data": [
      {
        "text": "chlormadione : temps d\u0027élimination ?",
        "userDefined": false
      }
    ],
    "isTemplate": false,
    "count": 0,
    "updated": 1522593226
  },
  {
    "id": "dc64534e-3ea1-40ad-bebe-7d88ce3d3031",
    "data": [
      {
        "text": "surgestone et cytochrome P450 ?",
        "userDefined": false
      }
    ],
    "isTemplate": false,
    "count": 0,
    "updated": 1522593226
  },
  {
    "id": "39e2fd94-a600-45ef-9906-70aaa1c4d603",
    "data": [
      {
        "text": "je prends du zoloft 50 mg, mais j\u0027ai peur des effets secondaires,et n\u0027en prends qu\u0027un jour sur deux. ma question est : sachant que la durée de vie de cette antidep est de 24h, comment se fait il que je puisse le prendre un jour sur deux? est-ce que l\u0027accumulation au niveau chimie du cerveau dure plus longtemps? est-ce que c\u0027est juste 24h d\u0027élimination par les reins mais que ça continue d\u0027agir..?",
        "userDefined": false
      }
    ],
    "isTemplate": false,
    "count": 0,
    "updated": 1522593226
  },
  {
    "id": "029e8962-345a-4abc-b1b1-5f2d470f3115",
    "data": [
      {
        "text": "mercalm : demi vie ?",
        "userDefined": false
      }
    ],
    "isTemplate": false,
    "count": 0,
    "updated": 1522593226
  },
  {
    "id": "9034eaf4-0e2c-4cd4-aeb2-21b9c6a825c9",
    "data": [
      {
        "text": "Quelle est la différence de métabolisation entre le cholecalciferol, qui passe par le foie et donc moins bien absorbé, et le dedrogyl qui est directement hydroxyle, donc pas de passage hépatique et + efficace",
        "userDefined": false
      }
    ],
    "isTemplate": false,
    "count": 0,
    "updated": 1522593226
  },
  {
    "id": "8adcf599-fb32-4ef9-9e48-ed4c9c8509c1",
    "data": [
      {
        "text": "élimination hépatique bromazepam ?",
        "userDefined": false
      }
    ],
    "isTemplate": false,
    "count": 0,
    "updated": 1522593226
  },
  {
    "id": "a0234419-72f0-4df0-b04a-5ec1bfb95d0b",
    "data": [
      {
        "text": "en combien de temps un antibio n\u0027est plus présent dans le corps ?",
        "userDefined": false
      }
    ],
    "isTemplate": false,
    "count": 1,
    "updated": 1522593226
  },
  {
    "id": "3454cdd3-2550-442b-9c76-41ff98f1706a",
    "data": [
      {
        "text": "ellaone, temps de demi vie ?",
        "userDefined": false
      }
    ],
    "isTemplate": false,
    "count": 0,
    "updated": 1522593226
  }
]