[
  {
    "id": "8fe653fc-1ec6-417c-84fa-26278647b76e",
    "data": [
      {
        "text": "je viens d\u0027être mis sous androtardyl depuis 1 semaine. je souhaitais savoir au bout de combien d\u0027injections le produit commençait à faire ses effets ? et au bout de combien de jours après chaque injection ses effets se faisaient sentir ?",
        "userDefined": false
      }
    ],
    "isTemplate": false,
    "count": 0,
    "updated": 1522593570
  },
  {
    "id": "e3804545-6e78-4596-918a-f7c52f28555e",
    "data": [
      {
        "text": "quelle est la durée de validité du vaccin contre la fièvre jaune ?",
        "userDefined": false
      }
    ],
    "isTemplate": false,
    "count": 0,
    "updated": 1522593570
  },
  {
    "id": "b37ffdc6-9989-4361-8b70-13fba34d31d0",
    "data": [
      {
        "text": "quel est le demie vie de l\u0027adalimumab",
        "userDefined": false
      }
    ],
    "isTemplate": false,
    "count": 0,
    "updated": 1522593570
  },
  {
    "id": "1cb4ed7d-a633-4ef4-a2a8-65b051a6a6c0",
    "data": [
      {
        "text": "combien de temps dure l\u0027effet de xénical?",
        "userDefined": false
      }
    ],
    "isTemplate": false,
    "count": 0,
    "updated": 1522593570
  },
  {
    "id": "0f9b2d87-fa62-4118-b8a0-bb5108726458",
    "data": [
      {
        "text": "lévonorgestrel pris avant l\u0027ovulation, jusqu\u0027ou ça peut protèger?",
        "userDefined": false
      }
    ],
    "isTemplate": false,
    "count": 0,
    "updated": 1522593570
  },
  {
    "id": "a7a86638-2892-434f-a39d-3fd64eb6d1c2",
    "data": [
      {
        "text": "combien de temps le deroxat fait effet?",
        "userDefined": false
      }
    ],
    "isTemplate": false,
    "count": 0,
    "updated": 1522593570
  },
  {
    "id": "1949a0f7-5474-40ad-bd49-f5938634e63f",
    "data": [
      {
        "text": "A partir de combien de temps après l\u0027arrêt de l\u0027anovulant les menstruations reviennent-elles ?",
        "userDefined": false
      }
    ],
    "isTemplate": false,
    "count": 0,
    "updated": 1522593570
  },
  {
    "id": "34e7123b-8cf7-4e23-a5b9-c9f1fe331c39",
    "data": [
      {
        "text": "la pillule est elle toujours contraceptive meme lors de l\u0027arret d\u0027une semaine a la fin de la plaquette?",
        "userDefined": false
      }
    ],
    "isTemplate": false,
    "count": 0,
    "updated": 1522593570
  },
  {
    "id": "67d723ae-ce12-442c-ad8f-8c8582c2c2c0",
    "data": [
      {
        "text": "temps d\u0027action de la \"novo azithromycin\" ?",
        "userDefined": false
      }
    ],
    "isTemplate": false,
    "count": 0,
    "updated": 1522593570
  },
  {
    "id": "4a17addb-c12e-49b4-a1aa-cc22056a90dc",
    "data": [
      {
        "text": "Au bout de combien de temps LExomil n\u0027est plus efficace?",
        "userDefined": false
      }
    ],
    "isTemplate": false,
    "count": 0,
    "updated": 1522593570
  },
  {
    "id": "5a1779f9-4d59-43af-b0b6-a41f65ef41a4",
    "data": [
      {
        "text": "je prend adepal ! j\u0027ai deja enchainer mes deux derniere plaquette et est ce que je peux en enchainer une troisieme ? en fait ce soir j\u0027ai fait crac crac avec preservatif ! Suis-je protégé encore ? Est-ce que mon comprimé d\u0027hier me protege encore ce soir ?",
        "userDefined": false
      }
    ],
    "isTemplate": false,
    "count": 0,
    "updated": 1522593570
  },
  {
    "id": "5db57aa0-c55a-4944-955e-ad089fd0f3a5",
    "data": [
      {
        "text": "zyprexa agis en combien de temps?",
        "userDefined": false
      }
    ],
    "isTemplate": false,
    "count": 0,
    "updated": 1522593570
  },
  {
    "id": "e72af1a8-3bdf-400e-b39d-ae04465d1f22",
    "data": [
      {
        "text": "combien de temps dure l\u0027effet contraceptif d\u0027une pilule? est-ce que si je l\u0027oublie une fois, c\u0027est déjà inefficace?",
        "userDefined": false
      }
    ],
    "isTemplate": false,
    "count": 0,
    "updated": 1522593570
  },
  {
    "id": "d73637cc-6561-460b-99b4-d1bd06107aba",
    "data": [
      {
        "text": "effets de norlevo ? même après une semaine ?",
        "userDefined": false
      }
    ],
    "isTemplate": false,
    "count": 0,
    "updated": 1522593570
  },
  {
    "id": "5b28ee26-0ab2-4b88-92cc-f9b888319d89",
    "data": [
      {
        "text": "je suis sous luteran 10mg, et je la prend en continue. alors, est ce que l\u0027oubli d\u0027un comprimé me protege qd meme puisque je prends la pilule en continue?",
        "userDefined": false
      }
    ],
    "isTemplate": false,
    "count": 0,
    "updated": 1522593570
  },
  {
    "id": "c2461dd9-2ba7-4a65-a0a6-7d46c66693f6",
    "data": [
      {
        "text": "combien de temps apres l arret luteran les rr reviennent?",
        "userDefined": false
      }
    ],
    "isTemplate": false,
    "count": 0,
    "updated": 1522593570
  },
  {
    "id": "a1b2d537-6c5a-4f38-9e59-a657259645d1",
    "data": [
      {
        "text": "je soufre d\u0027anxiete generalise, mon medecin ma prescrit de l\u0027efexor lp 37.5 2cachet par jours. mais pour le moment je recent que une tres legere amelioration. de plus j\u0027ai des efets secondaire comme probleme a dormir reveil le matin etc je voulait si les effet secondaire sur le sommeil dur longtemps..?",
        "userDefined": false
      }
    ],
    "isTemplate": false,
    "count": 0,
    "updated": 1522593570
  },
  {
    "id": "3b092908-b2ee-47ea-bff6-389f17df0ff2",
    "data": [
      {
        "text": "après 3semaines de traitement au seroplex il ne fait plus du tout effet je redeviens agressif, suicidaire, coincé, comment faire ?",
        "userDefined": false
      }
    ],
    "isTemplate": false,
    "count": 0,
    "updated": 1522593570
  },
  {
    "id": "76a84e7f-1365-4538-b91f-515971148e2d",
    "data": [
      {
        "text": "Combien de temps agit le rotarix ?",
        "userDefined": false
      }
    ],
    "isTemplate": false,
    "count": 0,
    "updated": 1522593570
  },
  {
    "id": "f83329f0-b7da-4a82-bd1b-ed5d068e6a7b",
    "data": [
      {
        "text": "Quelle est la durée d\u0027effet de tahor ?",
        "userDefined": false
      }
    ],
    "isTemplate": false,
    "count": 0,
    "updated": 1522593570
  },
  {
    "id": "6721ead8-554a-4a63-af44-f958e78c127c",
    "data": [
      {
        "text": "je prends minerva (générique de diane 35) et il se trouve qu\u0027un comprimé manquait je ne l\u0027ai donc pas pris du tout et j\u0027ai donc arrêté ma pilule 24h avant.  et je n\u0027ai pas repris le 1er comprimé 7 jours après mais 8 jours après. j\u0027ai eu un rapport non protégé environ 15 jours après la reprise de cette nouvelle plaquette. étais-je protégée à ce moment là?",
        "userDefined": false
      }
    ],
    "isTemplate": false,
    "count": 0,
    "updated": 1522593570
  },
  {
    "id": "84b724cc-5c03-4da6-bd99-a701054abafe",
    "data": [
      {
        "text": "salut les filles, j\u0027ai vu ma gyneco vendredi pour lui dire qu\u0027on voulait un bébé elle m\u0027a dit de finir ma plaquette, ma plaquette (microval)c\u0027est terminé hier soir. on est trop pressé, pouvez-vous me dire environ combien de tps en général pour avoir un p\u0027tit bout. je prennasi microval donc c\u0027est une pillule microdosée, donc ce sera plus rapide ou pas ?? merci de m\u0027éclairer au plus vite, il faut qu\u0027on sache pour mettre tout en oeuvre pour l\u0027avoir le plus rapidement possible, ça fait un trop gros manque à la maison, je ne peux même m\u0027empêcher de passer de longs moments dans le rayon pour nouveaux né et j\u0027ai envie déjà d\u0027acheter des choses !!",
        "userDefined": false
      }
    ],
    "isTemplate": false,
    "count": 0,
    "updated": 1522593570
  },
  {
    "id": "d7d30221-57b1-4299-868e-8197ca2c18b5",
    "data": [
      {
        "text": "le bilaska fonctionne-t-il plusieurs jours?",
        "userDefined": false
      }
    ],
    "isTemplate": false,
    "count": 0,
    "updated": 1522593570
  },
  {
    "id": "1d007d06-01bc-4844-a444-bcd51a7d8143",
    "data": [
      {
        "text": "avec diane 35, au bout de combien de temps arreter le preservatif ?",
        "userDefined": false
      }
    ],
    "isTemplate": false,
    "count": 0,
    "updated": 1522593570
  },
  {
    "id": "be82da50-33b6-4891-bc3f-42d047de5911",
    "data": [
      {
        "text": "deroxat fait il encore effet?",
        "userDefined": false
      }
    ],
    "isTemplate": false,
    "count": 0,
    "updated": 1522593570
  },
  {
    "id": "e8c1cb39-0dbf-4375-82fd-a6c47abf8ce6",
    "data": [
      {
        "text": "bonjour je voudrais savoir si la pilule adépal reste efficace pendant la semaine de pause ou s\u0027il faut utilisé un autre contraceptif pendant cette semaine là?",
        "userDefined": false
      }
    ],
    "isTemplate": false,
    "count": 0,
    "updated": 1522593570
  },
  {
    "id": "41418eb3-b933-46e8-ab30-57ec395cc491",
    "data": [
      {
        "text": "est ce que le deroxat fait effet longtemps?",
        "userDefined": false
      }
    ],
    "isTemplate": false,
    "count": 0,
    "updated": 1522593570
  },
  {
    "id": "9030f3ee-ad99-43bc-9578-0183a5a05674",
    "data": [
      {
        "text": "la ventoline a-t-elle un effet prolongé?",
        "userDefined": false
      }
    ],
    "isTemplate": false,
    "count": 0,
    "updated": 1522593570
  },
  {
    "id": "dabf592f-aa3f-4ba6-b982-be4dcdbe74d7",
    "data": [
      {
        "text": "je voudrais savoir combien de temps il faudrait arreter la pilule pour \"chasser\" les hormones en espérant que mon corps redevienne normal.",
        "userDefined": false
      }
    ],
    "isTemplate": false,
    "count": 0,
    "updated": 1522593570
  },
  {
    "id": "1f827fed-a81a-423c-9ba5-731f461149dc",
    "data": [
      {
        "text": "je voulai simplement savoir si on redevient fertile dès le retrait de l implant?",
        "userDefined": false
      }
    ],
    "isTemplate": false,
    "count": 0,
    "updated": 1522593570
  },
  {
    "id": "3dced216-f9cf-4c26-aadf-d1fed54f0ec2",
    "data": [
      {
        "text": "Combien de temps durent les effets de deroxat ?",
        "userDefined": false
      }
    ],
    "isTemplate": false,
    "count": 0,
    "updated": 1522593570
  },
  {
    "id": "154b9b28-86ed-4ecd-9136-1840806dbf5d",
    "data": [
      {
        "text": "question cérazette : arrêt a quand le retour de règle pour vous ?",
        "userDefined": false
      }
    ],
    "isTemplate": false,
    "count": 0,
    "updated": 1522593570
  },
  {
    "id": "cfa432db-0f33-4506-bb67-0865ca44c157",
    "data": [
      {
        "text": "efficacité prozac dans le temps ?",
        "userDefined": false
      }
    ],
    "isTemplate": false,
    "count": 0,
    "updated": 1522593570
  },
  {
    "id": "7b52c457-5dc9-4765-9ddf-83764d97a087",
    "data": [
      {
        "text": "Je prends du prozac depuis un mois et demi. Depuis une semaine, on dirait que ça ne fait plus effet. Est ce que c\u0027est normal?",
        "userDefined": false
      }
    ],
    "isTemplate": false,
    "count": 0,
    "updated": 1522593570
  },
  {
    "id": "a11cff73-3809-466a-8885-bdd563816ccd",
    "data": [
      {
        "text": "qui est/a pris lamotrigine svp ? j\u0027aimerais savoir combien de temps le tt a été efficace et s\u0027il lest toujours ?",
        "userDefined": false
      }
    ],
    "isTemplate": false,
    "count": 0,
    "updated": 1522593570
  },
  {
    "id": "490b7979-7533-4e75-8f2f-2a7adfccf544",
    "data": [
      {
        "text": "au bout de combien d\u0027heure est-ce que l\u0027effet anti-inflammatoire du nuroflash s\u0027arrête?",
        "userDefined": false
      }
    ],
    "isTemplate": false,
    "count": 0,
    "updated": 1522593570
  },
  {
    "id": "f78848e0-2da4-4072-ba21-ac9c6137b422",
    "data": [
      {
        "text": "j\u0027aimerai savoir combien de jours ou semaines après la baisse du dosage il faut pour s\u0027assurer que le sevrage s\u0027est bien passé sans rechute ulterieure! comme je l\u0027ai dit, cela fait près d\u0027un mois et demi que je suis passé de 50mg à 25mg de solian! suis je \"tiré d\u0027affaire\" ?",
        "userDefined": false
      }
    ],
    "isTemplate": false,
    "count": 0,
    "updated": 1522593570
  },
  {
    "id": "2e7e6023-156d-49e3-91c9-0be78a16e177",
    "data": [
      {
        "text": "effet posotif du prozac , pas toute la journée ?",
        "userDefined": false
      }
    ],
    "isTemplate": false,
    "count": 0,
    "updated": 1522593570
  },
  {
    "id": "d29adda4-2847-45e2-b951-bc37132c9b5f",
    "data": [
      {
        "text": "je souhaiterais me faire vacciner contre la grippe mais j\u0027ai peur, si je fais mon vaccin ces jours-ci, de ne plus être immunisée en février",
        "userDefined": false
      }
    ],
    "isTemplate": false,
    "count": 0,
    "updated": 1522593570
  },
  {
    "id": "f829a69a-36ef-4ce1-be3e-1086e7879de9",
    "data": [
      {
        "text": "bonjour! je prend la pilule pacilia gé depuis maintenant 6 mois. je dois prendre mes comprimé pendant 20 jours puis faire une pause de 7 jours. je voulais savoir si pendant cette période de 7 jours, je pouvais avoir des rapport avec mon copain? merci d\u0027avance pour vos réponse!",
        "userDefined": false
      }
    ],
    "isTemplate": false,
    "count": 0,
    "updated": 1522593570
  },
  {
    "id": "14ccaca0-df93-4092-a808-1ccd31442f67",
    "data": [
      {
        "text": "je voulais savoir si entre la fin de ma plaquette et le debut de mes regles j\u0027etais encore sous l\u0027effet du contraceptif si j\u0027ai des raport non protégé ?",
        "userDefined": false
      }
    ],
    "isTemplate": false,
    "count": 0,
    "updated": 1522593570
  },
  {
    "id": "b699f830-d52a-43d1-a0fa-b203ab8c9655",
    "data": [
      {
        "text": "Après vaccin dt polio je suis protégé pendant combien de temps ?",
        "userDefined": false
      }
    ],
    "isTemplate": false,
    "count": 0,
    "updated": 1522593570
  },
  {
    "id": "5521d79d-ddf1-4f3f-b775-8d592cbefe78",
    "data": [
      {
        "text": "L\u0027effexor dure-t-il au moins 24 h ?",
        "userDefined": false
      }
    ],
    "isTemplate": false,
    "count": 0,
    "updated": 1522593570
  },
  {
    "id": "8acf607b-33b4-4d48-9e78-0f6dd17e4d7d",
    "data": [
      {
        "text": "je prends qlaira en continu et j\u0027ai oublié un comprimé. j\u0027ai pris les deux comprimés en même temps. et on a eu des rapports dans la période où j\u0027ai oublié ma pilule. mon gynéco m\u0027a dit de continuer à prendre ma pilule normalement et m\u0027a dit de prendre la pilule ellaone. a votre avis, je suis protégée le reste de la plaquette (selon mon gynéco, oui) ?",
        "userDefined": false
      }
    ],
    "isTemplate": false,
    "count": 0,
    "updated": 1522593570
  },
  {
    "id": "585d864c-5843-4ef9-b964-c3b51d22b8e4",
    "data": [
      {
        "text": "Quel est le temps de demi vie de la digoxine ?",
        "userDefined": false
      }
    ],
    "isTemplate": false,
    "count": 0,
    "updated": 1522593570
  },
  {
    "id": "cbb35216-3f09-4fc3-8daa-250a11983ec1",
    "data": [
      {
        "text": "je prend luteran et je dois faire une pause pendant 7j mais est-ce que je suis protégée pendant cette période ?",
        "userDefined": false
      }
    ],
    "isTemplate": false,
    "count": 0,
    "updated": 1522593570
  },
  {
    "id": "58e38539-9521-4579-bae9-38e3d3c9c8d4",
    "data": [
      {
        "text": "Le xanax fait effet pendant combien de temps ?",
        "userDefined": false
      }
    ],
    "isTemplate": false,
    "count": 0,
    "updated": 1522593570
  },
  {
    "id": "3487d935-ba9b-405d-b6f8-b63d3d15c38a",
    "data": [
      {
        "text": "je prends la pilule triafemi. je suis en semaine de transition mais j\u0027ai inconsciemment commencer une nouvelle plaquette. je n\u0027en ai pris qu\u0027une pillule. si je recommence encore une nouvelle plaquette comme prévue, serais je bien protégée malgré la prise ?",
        "userDefined": false
      }
    ],
    "isTemplate": false,
    "count": 0,
    "updated": 1522593570
  },
  {
    "id": "c3cd4c1a-6dd4-4ad7-92de-2faf600a3ff1",
    "data": [
      {
        "text": "Combien de temps l\u0027adépal fait-il effet ?",
        "userDefined": false
      }
    ],
    "isTemplate": false,
    "count": 0,
    "updated": 1522593570
  },
  {
    "id": "4a7e1cc5-b06d-4e40-9607-f208fb236ba5",
    "data": [
      {
        "text": "je souhaiterai savoir combien de temps après l\u0027arrêt du cortancyl celui-ci agie encore ?",
        "userDefined": false
      }
    ],
    "isTemplate": false,
    "count": 0,
    "updated": 1522593570
  },
  {
    "id": "435c2195-536e-45d9-a8d8-bb2f0708f5e2",
    "data": [
      {
        "text": "efflexor, effet durant 24h?",
        "userDefined": false
      }
    ],
    "isTemplate": false,
    "count": 0,
    "updated": 1522593570
  },
  {
    "id": "3c900564-4631-4c45-bbc1-7b5a0106cb90",
    "data": [
      {
        "text": "rotarix: protégée pendant combien de temps?",
        "userDefined": false
      }
    ],
    "isTemplate": false,
    "count": 0,
    "updated": 1522593570
  },
  {
    "id": "5e1d8950-97b7-44bb-9f4f-8ae159784bb9",
    "data": [
      {
        "text": "après le retrait de d\u0027un stérilet au cuivre, au bout de combien de temps les femmes peuvent tombées enceintes?",
        "userDefined": false
      }
    ],
    "isTemplate": false,
    "count": 0,
    "updated": 1522593570
  },
  {
    "id": "7f0a4c50-cf85-4829-af54-4e2271943ed3",
    "data": [
      {
        "text": "abilify dure t-il 24h (en une prise) ?",
        "userDefined": false
      }
    ],
    "isTemplate": false,
    "count": 0,
    "updated": 1522593570
  },
  {
    "id": "436a1b84-5a4a-447d-ab87-51fa73ff61cc",
    "data": [
      {
        "text": "je prends la pilule holgyème. vers la fin de ma plaquette le mois dernier, j\u0027ai eu des pertes marrons. j\u0027ai enchaîné avec la plaquette suivante et les pertes n\u0027ont pas arrêté et sont devenus des saignements. je fais la pause de 7 jours. cependant, j\u0027ai toujours de légères pertes marrons. je voudrais être sûre que j\u0027étais toujours protégée?",
        "userDefined": false
      }
    ],
    "isTemplate": false,
    "count": 0,
    "updated": 1522593570
  },
  {
    "id": "3fa14572-bbdc-44b5-a069-803315ac4847",
    "data": [
      {
        "text": "est-ce que copaxone 40 agit plus longtemps que copaxone 20 ?",
        "userDefined": false
      }
    ],
    "isTemplate": false,
    "count": 0,
    "updated": 1522593570
  },
  {
    "id": "3f09b033-c096-4817-934b-affa4397ccce",
    "data": [
      {
        "text": "temps d\u0027efficacité daily gé ??",
        "userDefined": false
      }
    ],
    "isTemplate": false,
    "count": 0,
    "updated": 1522593570
  },
  {
    "id": "da1a6f87-3220-4d3c-afc5-01a223d7542e",
    "data": [
      {
        "text": "En combien de temps l\u0027effet d\u0027effexor se dissipe-t-il?",
        "userDefined": false
      }
    ],
    "isTemplate": false,
    "count": 0,
    "updated": 1522593570
  },
  {
    "id": "b8726823-6ed0-456d-b0e1-36816b82086f",
    "data": [
      {
        "text": "abilify dure t-il 24h ? (en une prise)",
        "userDefined": false
      }
    ],
    "isTemplate": false,
    "count": 0,
    "updated": 1522593570
  },
  {
    "id": "a472a408-9209-468b-82fb-a725d272c579",
    "data": [
      {
        "text": "combien de temps continue effet après l\u0027arrêt de méliane ??",
        "userDefined": false
      }
    ],
    "isTemplate": false,
    "count": 0,
    "updated": 1522593570
  },
  {
    "id": "7ec1c47c-8f68-4012-9f44-87cf71243860",
    "data": [
      {
        "text": "Combien de temps dure l\u0027effet antidouleur de l\u0027ibuprofène?",
        "userDefined": false
      }
    ],
    "isTemplate": false,
    "count": 0,
    "updated": 1522593570
  },
  {
    "id": "01aaf9ab-f58e-4ac2-abae-f186aabecc39",
    "data": [
      {
        "text": "voilà,cela fait huit mois que j\u0027aurais du faire un rappel de mon vaccin anti-tétanique,j\u0027imagine qu\u0027il reste du vaccin dans mon organisme me trompe-je?",
        "userDefined": false
      }
    ],
    "isTemplate": false,
    "count": 0,
    "updated": 1522593570
  },
  {
    "id": "92f6e18a-2ca9-4fcd-b311-fe9379cbe376",
    "data": [
      {
        "text": "je parle du temesta expidet (qui fond dans la bouche) à 1mg. durant combien de temps le médicament fait-il effet ?",
        "userDefined": false
      }
    ],
    "isTemplate": false,
    "count": 0,
    "updated": 1522593570
  },
  {
    "id": "d8dca645-b908-42b1-8db3-b4cda782672a",
    "data": [
      {
        "text": "je me suis fait posée un implanon dont la \"validité\" se termine le 10 juillet prochain. je m\u0027y suis prise un peu tard pour prendre mon rendez-vous pour le faire renouveller et la ma gynéco est en congés jusqu\u0027au 25..il sera donc changé avec une quinzaine de jours de retard.. est-ce-qu\u0027il reste tout de même efficace ?",
        "userDefined": false
      }
    ],
    "isTemplate": false,
    "count": 0,
    "updated": 1522593570
  },
  {
    "id": "64592c18-d5a8-45fc-b9a5-4ac2b606e3b3",
    "data": [
      {
        "text": "j\u0027utilise miniphase. est ce que vous croyez que je peux un rapport sans preservatif durant les 7 jours de pause ?",
        "userDefined": false
      }
    ],
    "isTemplate": false,
    "count": 0,
    "updated": 1522593570
  },
  {
    "id": "4229cf7e-6e0e-431b-872b-587ee8896630",
    "data": [
      {
        "text": "puis je tomber enceinte pendant mes 7 jours d\u0027arrêts de ma pilulle cyprotérone ?",
        "userDefined": false
      }
    ],
    "isTemplate": false,
    "count": 0,
    "updated": 1522593570
  },
  {
    "id": "b26ba4f3-9503-4caf-b812-27024f0e2436",
    "data": [
      {
        "text": "durant la pause de pilule contraceptive, a la fin de la plaquette mais avant que les règles apparaissent, sommes nous protéger?",
        "userDefined": false
      }
    ],
    "isTemplate": false,
    "count": 0,
    "updated": 1522593570
  },
  {
    "id": "9c866075-7c1e-4104-88b9-2671d0ba3284",
    "data": [
      {
        "text": "Quelle est la durée d\u0027action de tramadol LP ?",
        "userDefined": false
      }
    ],
    "isTemplate": false,
    "count": 0,
    "updated": 1522593570
  },
  {
    "id": "957ef077-aa1c-4d64-95a2-867a06b3efd5",
    "data": [
      {
        "text": "combien de temps dure l\u0027action de norlevo?",
        "userDefined": false
      }
    ],
    "isTemplate": false,
    "count": 0,
    "updated": 1522593570
  },
  {
    "id": "bc8e707b-50b1-468c-a375-b0ac51b89bdd",
    "data": [
      {
        "text": "bonsoir, j\u0027ai eu une gastro la semaine dernière, j\u0027ai eu la diarrhée et des vomissements. j\u0027ai pris ma pilule, harmonet, tous les soirs à la même heure, j\u0027avais pris les 6 dernières pilules de ma plaquette la semaine de ma gastro. il y a eu donc un arrêt de 7 jours et aujourd\u0027hui je recommence une nouvelle plaquette, suis-je protégée ce soir? merci de votre réponse.",
        "userDefined": false
      }
    ],
    "isTemplate": false,
    "count": 0,
    "updated": 1522593570
  },
  {
    "id": "6547dcca-e658-40d7-ab39-a9d1442d67b9",
    "data": [
      {
        "text": "quid durée validité vaccin fièvre jaune ??",
        "userDefined": false
      }
    ],
    "isTemplate": false,
    "count": 0,
    "updated": 1522593570
  }
]