[
  {
    "id": "923e3c57-cd10-439e-a873-a18083c72771",
    "data": [
      {
        "text": "Une pharmacienne appelle car elle souhaiterai savoir pourquoi il existe deux DCI d\u0027Ibuprofène disponibles (Ibuprofène Teva 400mg et Ibuprofène Teva Santé 400mg) et pourquoi il y a une différence de prix entre les deux",
        "userDefined": false
      }
    ],
    "isTemplate": false,
    "count": 0,
    "updated": 1522593226
  },
  {
    "id": "265cf392-2abe-4635-a0b0-7e6cfbaab590",
    "data": [
      {
        "text": "Est ce que nous pouvons substituer les prescriptions de dexeryl et toplexil par le générique remboursé?",
        "userDefined": false
      }
    ],
    "isTemplate": false,
    "count": 0,
    "updated": 1522593226
  },
  {
    "id": "62e89039-89b3-4821-a694-9c2f05dd31a5",
    "data": [
      {
        "text": "Est-ce que le bisoprolol cristers (bisoprolol hémifumarate) peut bien substituer le Cardensiel (Bisoprolol fumarate) ?",
        "userDefined": false
      }
    ],
    "isTemplate": false,
    "count": 0,
    "updated": 1522593226
  },
  {
    "id": "725d37bd-29e5-4f03-a1cf-f36caddc9107",
    "data": [
      {
        "text": "Une pharmacienne souhaite savoir si le Bisoprolol Cristers est bien le générique du Cardensiel car il y a une différence de sels chimiques entre les deux",
        "userDefined": false
      }
    ],
    "isTemplate": false,
    "count": 0,
    "updated": 1522593226
  },
  {
    "id": "37687144-9a0e-4927-b6dd-f4c1537818b0",
    "data": [
      {
        "text": "peut-on substituer sertraline ?",
        "userDefined": false
      }
    ],
    "isTemplate": false,
    "count": 0,
    "updated": 1522593226
  },
  {
    "id": "c01f57d2-694c-4240-9070-ff12e8a41b22",
    "data": [
      {
        "text": "xarelto : substituable?",
        "userDefined": false
      }
    ],
    "isTemplate": false,
    "count": 0,
    "updated": 1522593226
  },
  {
    "id": "b091c7eb-5f7c-43bb-8a68-3450dbfe4773",
    "data": [
      {
        "text": "Que faites-vous pour une primo-prescription de Lamictal (avec bien écrit lamotrigine entre parenthèses) sans rien d\u0027autre écrit (pas de non-substituable) : je suis tentée de génériquer puisque c\u0027est une initiation",
        "userDefined": false
      }
    ],
    "isTemplate": false,
    "count": 0,
    "updated": 1522593226
  },
  {
    "id": "3e575354-7fda-4f11-85f3-87650c48793d",
    "data": [
      {
        "text": "surgestone : génériquable ?",
        "userDefined": false
      }
    ],
    "isTemplate": false,
    "count": 0,
    "updated": 1522593226
  },
  {
    "id": "e1799b18-4de1-4bb4-b281-9795bb6047ae",
    "data": [
      {
        "text": "Est-ce qu’on substitue cardensiel, et si oui par quel générique?",
        "userDefined": false
      }
    ],
    "isTemplate": false,
    "count": 0,
    "updated": 1522593226
  },
  {
    "id": "335c424a-1677-4d30-96f5-05ab331f568b",
    "data": [
      {
        "text": "Pourquoi les indications de Mométasone TEVA et celles de Nasonex ne sont pas les mêmes ?",
        "userDefined": false
      }
    ],
    "isTemplate": false,
    "count": 0,
    "updated": 1522593226
  },
  {
    "id": "91ac4888-43d1-46b3-8ccd-54fad17c8d06",
    "data": [
      {
        "text": "peut-on substituer le zolpidem prescrit à 2/j par des capteurs freestyle libre si l\u0027ordonnance n\u0027est pas sécurisée?",
        "userDefined": false
      }
    ],
    "isTemplate": false,
    "count": 0,
    "updated": 1522593226
  },
  {
    "id": "cb58b299-06e4-4c8c-b027-e57ee3677bc5",
    "data": [
      {
        "text": "existe-t\u0027il un générique au daflon  ?",
        "userDefined": false
      }
    ],
    "isTemplate": false,
    "count": 0,
    "updated": 1522593226
  },
  {
    "id": "38a49e51-aec4-4958-baea-d998f6589d25",
    "data": [
      {
        "text": "peut-on substituer methadone ?",
        "userDefined": false
      }
    ],
    "isTemplate": false,
    "count": 0,
    "updated": 1522593226
  },
  {
    "id": "4c7d6b9c-27df-42bc-904c-9b22ca16cdf2",
    "data": [
      {
        "text": "Par quoi substituer le clomid ?",
        "userDefined": false
      }
    ],
    "isTemplate": false,
    "count": 0,
    "updated": 1522593226
  },
  {
    "id": "9f500847-bf3d-4fd2-bc41-3ea7ab38c564",
    "data": [
      {
        "text": "Peut-on substituer Abilify par l\u0027Aripiprazole Teva ?",
        "userDefined": false
      }
    ],
    "isTemplate": false,
    "count": 0,
    "updated": 1522593226
  },
  {
    "id": "9a3adec8-5a75-4412-aa39-62fb7d0a8c7f",
    "data": [
      {
        "text": "miflonil? Ça se substitue .?",
        "userDefined": false
      }
    ],
    "isTemplate": false,
    "count": 0,
    "updated": 1522593226
  },
  {
    "id": "3673e3cf-3bd8-409e-9577-62c42124b907",
    "data": [
      {
        "text": "Puis-je substituer remeron par mirtazapine ?",
        "userDefined": false
      }
    ],
    "isTemplate": false,
    "count": 0,
    "updated": 1522593226
  },
  {
    "id": "6051d224-d998-4cb2-a137-b0b307b0460d",
    "data": [
      {
        "text": "peut-on donner le générique à la place du seropram?",
        "userDefined": false
      }
    ],
    "isTemplate": false,
    "count": 0,
    "updated": 1522593226
  },
  {
    "id": "ae366470-33ca-41be-a5b8-8e0cdb65ef7c",
    "data": [
      {
        "text": "Y a-t-il un problème à substituer le lyrica ?",
        "userDefined": false
      }
    ],
    "isTemplate": false,
    "count": 0,
    "updated": 1522593226
  },
  {
    "id": "67400a42-0597-49a5-a6b2-0520de8d0bef",
    "data": [
      {
        "text": "Lyrica peut il être substitué ?",
        "userDefined": false
      }
    ],
    "isTemplate": false,
    "count": 0,
    "updated": 1522593226
  },
  {
    "id": "010712cc-59ab-4cda-aa41-b7f5efd32bf1",
    "data": [
      {
        "text": "peut on génériquer le levothyrox ?",
        "userDefined": false
      }
    ],
    "isTemplate": false,
    "count": 0,
    "updated": 1522593226
  },
  {
    "id": "341a0e51-ae99-4000-81d0-aeae02154505",
    "data": [
      {
        "text": "Par quoi puis-je substituer seroquel ?",
        "userDefined": false
      }
    ],
    "isTemplate": false,
    "count": 0,
    "updated": 1522593226
  },
  {
    "id": "ad9f52a9-303d-4273-9338-9fae8eaad726",
    "data": [
      {
        "text": "Peut on substituer le stilnox ?",
        "userDefined": false
      }
    ],
    "isTemplate": false,
    "count": 0,
    "updated": 1522593226
  },
  {
    "id": "91f73c5f-1de6-4dcc-85b8-f4475a06b61f",
    "data": [
      {
        "text": "Puis-je substituer le nozinan ?",
        "userDefined": false
      }
    ],
    "isTemplate": false,
    "count": 0,
    "updated": 1522593226
  },
  {
    "id": "6bbbbfcf-d94d-4a45-b011-e5d350bd90f3",
    "data": [
      {
        "text": "pour le Crestor la substitution est obligatoire ?",
        "userDefined": false
      }
    ],
    "isTemplate": false,
    "count": 0,
    "updated": 1522593226
  },
  {
    "id": "a66e886f-f777-4765-bb61-82c8498a3728",
    "data": [
      {
        "text": "est-ce que actonel est substituable ?",
        "userDefined": false
      }
    ],
    "isTemplate": false,
    "count": 0,
    "updated": 1522593226
  },
  {
    "id": "4538f618-c829-4c91-ac7b-36e03ef1665d",
    "data": [
      {
        "text": "Le mometasone, qui est inscrit officiellement au répertoire en générique du nasonex et qui a deux fournisseurs sandoz et teva,  pose un problème car le nasonex et le mometasone sont indiqués dès 3 ans dans l’amm de sandoz, alors qu’il n’est indiqué officiellement qu’à partir de 6 ans pour celui de teva Doit-on néanmoins substituer le nasonex par la teva?",
        "userDefined": false
      }
    ],
    "isTemplate": false,
    "count": 0,
    "updated": 1522593226
  },
  {
    "id": "753c1d5b-5fd2-4f01-8ccb-f3746d466f11",
    "data": [
      {
        "text": "Peut on substituer le plavix ?",
        "userDefined": false
      }
    ],
    "isTemplate": false,
    "count": 0,
    "updated": 1522593226
  },
  {
    "id": "bd4144bc-a1ee-4a50-bf18-a8bb3da66598",
    "data": [
      {
        "text": "Est ce que le périndopril tosilate TEVA 2,5mg est bien le générique du Coversyl 2,5 car dans ce dernier on trouve du périndopril arginine",
        "userDefined": false
      }
    ],
    "isTemplate": false,
    "count": 0,
    "updated": 1522593226
  },
  {
    "id": "7d3584d9-f284-4200-a53c-94d31aa0b64d",
    "data": [
      {
        "text": "peut-on substituer l\u0027Inexium ?",
        "userDefined": false
      }
    ],
    "isTemplate": false,
    "count": 0,
    "updated": 1522593226
  },
  {
    "id": "bb4877ac-e45d-4e7e-99bb-41f093497d86",
    "data": [
      {
        "text": "Par quoi substituer procalmil ?",
        "userDefined": false
      }
    ],
    "isTemplate": false,
    "count": 0,
    "updated": 1522593226
  },
  {
    "id": "01655b6f-4486-48b5-979b-67d9ed628918",
    "data": [
      {
        "text": "Le Requip LP est-il génériqué?",
        "userDefined": false
      }
    ],
    "isTemplate": false,
    "count": 0,
    "updated": 1522593226
  },
  {
    "id": "b63cd777-ca59-4d06-afa6-319ec7efaf18",
    "data": [
      {
        "text": "deroxat : ça se générique ?",
        "userDefined": false
      }
    ],
    "isTemplate": false,
    "count": 0,
    "updated": 1522593226
  }
]