[
  {
    "id": "4ef61dea-c0d1-42c6-b976-a1decdbb924a",
    "data": [
      {
        "text": "je prend trinordiol et à la fin de ma première plaquette j\u0027ai eu ma première fois ac mn copain. la pilule est donc bien efficace dès le debut ? j\u0027ai des douleur dans la poitrine, j\u0027ai l\u0027impression qu\u0027ils ont un peu grossi ossi de plus, j\u0027ai mal o bas du ventr,e dois je minkiété ou c simplemen, la periode dadaptation ??",
        "userDefined": false
      }
    ],
    "isTemplate": false,
    "count": 0,
    "updated": 1522593570
  },
  {
    "id": "2aac7957-4271-4d2e-a1ac-6a6941f26129",
    "data": [
      {
        "text": "patch evra commencé à j+4 donc est ce que je ne suis pas protégée pdt 1 mois?",
        "userDefined": false
      }
    ],
    "isTemplate": false,
    "count": 0,
    "updated": 1522593570
  },
  {
    "id": "14b8d57d-6119-4975-b2ef-4d415dfd67dc",
    "data": [
      {
        "text": "savez vous combien de temps agit les effets du lysanxia?",
        "userDefined": false
      }
    ],
    "isTemplate": false,
    "count": 0,
    "updated": 1522593570
  },
  {
    "id": "b8ce0eec-514b-4194-a5c5-41f01d09aa9f",
    "data": [
      {
        "text": "bonjour,  j\u0027ai un problème un peu particulier.  j\u0027ai pris ma première pilule (jasminelle) vendredi dernier. je l\u0027ai prise à 19h30, et mes règles avaient commencé dans la nuit de jeudi à vendredi (entre 22h et minuit).  je voudrais savoir si ma pilule est déjà efficace, ou si j\u0027ai pris ma 1ere pilule trop tard pour qu\u0027elle coincide avec le premier jour de mes regles, car je viens d\u0027avoir un rapport sexuel au cours duquel le préservatif a craqué..    que me conseillez vous ? ai je des risques de grossesse? serait-il judicieux que je prenne la pilule du lendemain ?  merci d\u0027avance.  lucile.",
        "userDefined": false
      }
    ],
    "isTemplate": false,
    "count": 0,
    "updated": 1522593570
  },
  {
    "id": "9419caac-e7e1-4d3c-aa20-223eb82920ed",
    "data": [
      {
        "text": "j\u0027ai commencé mélodia.  je voulais savoir si je suis protégé, dès la première prise ?",
        "userDefined": false
      }
    ],
    "isTemplate": false,
    "count": 0,
    "updated": 1522593570
  },
  {
    "id": "d1801bf0-e4ea-46c4-b1b3-3b86f30bba2f",
    "data": [
      {
        "text": "ma mère qui a  des oeudèmes au pieds cheville et plante des pieds s\u0027est vu prescrire amlor et ténoretic. combien de temps avant que cela ne partent ?",
        "userDefined": false
      }
    ],
    "isTemplate": false,
    "count": 0,
    "updated": 1522593570
  },
  {
    "id": "7b0ebeb0-7fca-414c-8451-eb396e378dee",
    "data": [
      {
        "text": "Combien de temps faut -il pour qu\u0027on ressente l\u0027augmentation de dose du valium?",
        "userDefined": false
      }
    ],
    "isTemplate": false,
    "count": 0,
    "updated": 1522593570
  },
  {
    "id": "ded431ed-01bc-4343-bdf6-555f13f41d94",
    "data": [
      {
        "text": "pillule diane 35 : elle marche dès la première plaquette et pas après 4 mois ou plus?",
        "userDefined": false
      }
    ],
    "isTemplate": false,
    "count": 0,
    "updated": 1522593570
  },
  {
    "id": "b13f4a27-9d46-4677-be6a-9481c53d9534",
    "data": [
      {
        "text": "je prends du zoloft depuis 3 semaines pile. je ne sens pas que cela fait effet, est-ce normal? quant l\u0027antidépresseur commence a faire effet?",
        "userDefined": false
      }
    ],
    "isTemplate": false,
    "count": 0,
    "updated": 1522593570
  },
  {
    "id": "f01d6602-8ced-4ba3-b9bc-b80e1c2ff3ac",
    "data": [
      {
        "text": "bonjour, voici mon souci: j\u0027ai arreté diane le 13 mai, j\u0027ai donc eu mes règles le 17.. je devais donc reprendre le 21. mon medecin m\u0027a fais passer à une pilule microdosée type minesse que j\u0027ai commencé à prendre  le 21 mai. ma question est: sachant que je n\u0027ai èpas pris les comprimés à temps et que je ne les ai pas ingérer: dans combien de temps serais-je protègée? dois-je prendre toute la plaquette de 28 comprimés? merci d\u0027avance.",
        "userDefined": false
      }
    ],
    "isTemplate": false,
    "count": 0,
    "updated": 1522593570
  },
  {
    "id": "74775fdc-25b0-4e55-9ff6-7c5ff1cce389",
    "data": [
      {
        "text": "j\u0027aimerais savoir si quelqu\u0027un sait au bout de combien de temps la pilule varnoline est-elle efficace ?",
        "userDefined": false
      }
    ],
    "isTemplate": false,
    "count": 0,
    "updated": 1522593570
  },
  {
    "id": "1714be70-393f-4b23-895d-4ade6b80ec47",
    "data": [
      {
        "text": "depuis 1 semaine, je suis passé de effexor 50 à 25 et c\u0027est la cata. si je reprend 50mg, combien de temps me faudra t-il pour retrouver mon équilibre ?",
        "userDefined": false
      }
    ],
    "isTemplate": false,
    "count": 0,
    "updated": 1522593570
  },
  {
    "id": "0910d6a8-aee2-4f0c-b759-f2cddcf2b566",
    "data": [
      {
        "text": "seropram: combien de temps faut il attendre pour avoir les effets attendus ? ?",
        "userDefined": false
      }
    ],
    "isTemplate": false,
    "count": 0,
    "updated": 1522593570
  },
  {
    "id": "0fd94fd5-0d7d-4d05-971f-b84f878d9412",
    "data": [
      {
        "text": "temps d\u0027action de la \"novo azithromycin\"?",
        "userDefined": false
      }
    ],
    "isTemplate": false,
    "count": 1,
    "updated": 1522593570
  },
  {
    "id": "ae647de3-865a-4ba7-b985-d761133ea41c",
    "data": [
      {
        "text": "jasminelle - protégée à partir de quand, notice vague ?",
        "userDefined": false
      }
    ],
    "isTemplate": false,
    "count": 0,
    "updated": 1522593570
  },
  {
    "id": "1e4a7b54-2a34-4b2e-abae-28bc76764c1a",
    "data": [
      {
        "text": "seroplex, quand est-ce que ça va faire effet ?",
        "userDefined": false
      }
    ],
    "isTemplate": false,
    "count": 0,
    "updated": 1522593570
  },
  {
    "id": "8713c218-4d80-41e0-869f-65f78cd19545",
    "data": [
      {
        "text": "ludéal gé agit au bout de cb de temps ?",
        "userDefined": false
      }
    ],
    "isTemplate": false,
    "count": 1,
    "updated": 1522593570
  },
  {
    "id": "234efb64-aafd-4f65-84de-81a6aa1318ff",
    "data": [
      {
        "text": "au bout de combien de temps prend effet la sertraline ?",
        "userDefined": false
      }
    ],
    "isTemplate": false,
    "count": 2,
    "updated": 1522593570
  },
  {
    "id": "542a8541-4d66-42c0-b8f3-3f1d97084aee",
    "data": [
      {
        "text": "Y a-t-il un délai d\u0027action pour le stablon ?",
        "userDefined": false
      }
    ],
    "isTemplate": false,
    "count": 0,
    "updated": 1522593570
  },
  {
    "id": "15949750-24f2-4526-b1ef-8d667a1420e5",
    "data": [
      {
        "text": "quand on commence à prendre la pilule, au bout de combien de temps (en jours) peut on envisager l\u0027arret des préservatifs?",
        "userDefined": false
      }
    ],
    "isTemplate": false,
    "count": 0,
    "updated": 1522593570
  },
  {
    "id": "e87e4188-a488-40bd-9114-8a0a03d4f9af",
    "data": [
      {
        "text": "quand on ne commence pas la pilule ludéal gé pendant le premier jour de ses règles il faut attendre près d\u0027une semaine pour qu\u0027elle soit efficace, c\u0027est bien ça ?",
        "userDefined": false
      }
    ],
    "isTemplate": false,
    "count": 0,
    "updated": 1522593570
  },
  {
    "id": "15601176-cf57-4988-883c-0d42cb3f39c8",
    "data": [
      {
        "text": "combien de temps faut-il pour que le seroquel fasse effet?",
        "userDefined": false
      }
    ],
    "isTemplate": false,
    "count": 0,
    "updated": 1522593570
  },
  {
    "id": "7d1bf69c-286d-4b85-8822-1e8133588632",
    "data": [
      {
        "text": "mon gynéco m a donné de l acide folique. j\u0027ovule la semaine prochaine et je vais donc faire une tentative mais du coup est ce que le médicament va déjà etre efficace si je tombe enceinte?",
        "userDefined": false
      }
    ],
    "isTemplate": false,
    "count": 0,
    "updated": 1522593570
  },
  {
    "id": "b8c36480-71f6-476e-ad81-b1e638f5bbde",
    "data": [
      {
        "text": "xenical: combien de temps pour un effet svp?",
        "userDefined": false
      }
    ],
    "isTemplate": false,
    "count": 0,
    "updated": 1522593570
  },
  {
    "id": "cd212d32-6fe2-436b-83ac-3378fa928b1d",
    "data": [
      {
        "text": "Quele est le délai d\u0027action de duphaston ?",
        "userDefined": false
      }
    ],
    "isTemplate": false,
    "count": 0,
    "updated": 1522593570
  },
  {
    "id": "93a1ef5d-499b-4cb6-b0d9-0239e6d764c1",
    "data": [
      {
        "text": "je prend du seroxat depuis 2 jours je voulais savoir si ca fait de l\u0027effet et apres combien de temps?",
        "userDefined": false
      }
    ],
    "isTemplate": false,
    "count": 1,
    "updated": 1522593570
  },
  {
    "id": "18c6863f-433f-4a6c-8e4b-00509ddf50fa",
    "data": [
      {
        "text": "je voudrais savoir à quel moment vous avez constatez votre abscence de règle en prennant cérazette? dés la prise de la pillule, ou plusieurs cycles plus tard (combien de cycle?)",
        "userDefined": false
      }
    ],
    "isTemplate": false,
    "count": 0,
    "updated": 1522593570
  },
  {
    "id": "d933c2cf-1551-4866-8922-f61264b3daa7",
    "data": [
      {
        "text": "diane 35 attendre 1 mois?",
        "userDefined": false
      }
    ],
    "isTemplate": false,
    "count": 1,
    "updated": 1522593570
  },
  {
    "id": "b4007e77-1e06-4c0d-bd17-60f8ecacff7d",
    "data": [
      {
        "text": "avez vous déjà arrêté et repris un anti-dépresseur et combien de temps pour avoir des effets très positifs?",
        "userDefined": false
      }
    ],
    "isTemplate": false,
    "count": 0,
    "updated": 1522593570
  },
  {
    "id": "57cb794e-6233-4ef0-9cd0-c91606a57009",
    "data": [
      {
        "text": "combien de temps met le patch evra pour agir?",
        "userDefined": false
      }
    ],
    "isTemplate": false,
    "count": 0,
    "updated": 1522593570
  },
  {
    "id": "d6678e4c-e079-4ca6-b488-63c55c78b764",
    "data": [
      {
        "text": "j\u0027aimerais savoir après combien de temps avoir ingéré du donormyl cela fait effet?",
        "userDefined": false
      }
    ],
    "isTemplate": false,
    "count": 0,
    "updated": 1522593570
  },
  {
    "id": "3c8ee6db-bf5f-406c-ac43-c1181bf4d050",
    "data": [
      {
        "text": "bonjour a tous j\u0027aimerai que vous me donniez des avis sur ma situation. je suis en dépression depuis 2011 j\u0027ai eu trois anti dépresseurs différents. j\u0027ai commencé par du zoloft, ensuite on a échangé contre du seroplex, puis un autre dont je ne me rappelle plus du nom et je me suis remise au seroplex. le même problème à chaque fois est que le médicament fait effet 3/4 jours et après je ne ressens plus rien et je replonge dans la noirceur.. que faudrait il faire? est ce que c\u0027est normal? quelqu\u0027un a ce problème? parce que ça commence à être fatiguant et je pense qu\u0027on pourra jamais me guérir de cette dépression. c\u0027est mon impression.. (je précise que quand on augmente ou baisse le dosage ça ne change rien non plus..)",
        "userDefined": false
      }
    ],
    "isTemplate": false,
    "count": 0,
    "updated": 1522593570
  },
  {
    "id": "b75a7fb4-abfb-4c68-ac0f-9b774a2b4a5d",
    "data": [
      {
        "text": "J\u0027ai pour objet d\u0027avoir un enfant, mon gynéco m\u0027a donné de l\u0027acide folique à prendre tous les matins pendans 99 jours. j\u0027ovule la semaine prochaine et je vais faire une tentative. Est ce que ce médicament va déja etre efficace si je tombe enceinte?",
        "userDefined": false
      }
    ],
    "isTemplate": false,
    "count": 0,
    "updated": 1522593570
  },
  {
    "id": "d8dbf3e0-7267-4d43-9d16-897880be4e5d",
    "data": [
      {
        "text": "solian 100mg : combien de temps pour agir?",
        "userDefined": false
      }
    ],
    "isTemplate": false,
    "count": 1,
    "updated": 1522593570
  },
  {
    "id": "bce010da-1c2c-4d2a-b835-89bfbad6120c",
    "data": [
      {
        "text": "mon médecin m\u0027a prescrit seroplex 10mg. a t-il un effet du jours au lendemain ou progressivement ?",
        "userDefined": false
      }
    ],
    "isTemplate": false,
    "count": 0,
    "updated": 1522593570
  },
  {
    "id": "04768557-7e3a-4738-b22d-bb41d0c37260",
    "data": [
      {
        "text": "bonjour.. je vous écris étant encore sur le choc. ma copine utilise depo provera depuis pratiquement un an et tout a toujours bien été. elle a décidé il y a environ 3 mois, que ça allait être ça dernière injection. bref. donc elle m\u0027avait dit que sa future injection aurait été vers fin juin et qu\u0027alors les condoms seraient nécessaires à nouveau. sachant que c\u0027est pas mal dans les dates, depuis quelques jours je me disais d\u0027avoir une discussion avec elle à ce propos.. et voilà qu\u0027elle arrive avec un test de grossesse, positif. est-ce possible? je croyais que c\u0027était très long avant de pouvoir faire des enfants après utilisation de cette contraception? ps c\u0027est encore très récent et je n\u0027ai pas encore pu en parler avec elle..",
        "userDefined": false
      }
    ],
    "isTemplate": false,
    "count": 0,
    "updated": 1522593570
  },
  {
    "id": "52c7b6b9-c95c-4f2c-a3c0-2b24b1d09a5f",
    "data": [
      {
        "text": "je viens de prendre pour la première fois la pilule daily gé. j\u0027aimerai savoir quand elle prend effet?",
        "userDefined": false
      }
    ],
    "isTemplate": false,
    "count": 0,
    "updated": 1522593570
  },
  {
    "id": "b873867c-6f81-48b9-a408-18825d5b75a9",
    "data": [
      {
        "text": "Combien de temps faut-il pour que bilaska fasse effet?",
        "userDefined": false
      }
    ],
    "isTemplate": false,
    "count": 0,
    "updated": 1522593570
  },
  {
    "id": "d45b8465-bcb4-44c0-ac01-85b641cd255a",
    "data": [
      {
        "text": "a partir de quand la pilule triella fait-elle effet ?",
        "userDefined": false
      }
    ],
    "isTemplate": false,
    "count": 1,
    "updated": 1522593570
  },
  {
    "id": "bcc769a5-5431-44af-9c84-1cc7aa7861dd",
    "data": [
      {
        "text": "au bout de combien de temps fait effet  l amoxicilline ?",
        "userDefined": false
      }
    ],
    "isTemplate": false,
    "count": 0,
    "updated": 1522593570
  },
  {
    "id": "9b37ef02-784d-4c15-bb54-0de226343870",
    "data": [
      {
        "text": "Combien de temps met le xanax pour faire effet ?",
        "userDefined": false
      }
    ],
    "isTemplate": false,
    "count": 0,
    "updated": 1522593570
  },
  {
    "id": "896eaab0-6b0f-43f2-964d-53d9a6f7ff1f",
    "data": [
      {
        "text": "combien de temps pour que le deroxat soit efficace ?",
        "userDefined": false
      }
    ],
    "isTemplate": false,
    "count": 0,
    "updated": 1522593570
  },
  {
    "id": "6650ccc3-ed01-40ae-87e2-3fb6e1704bae",
    "data": [
      {
        "text": "délai d\u0027action dafalgan ?",
        "userDefined": false
      }
    ],
    "isTemplate": false,
    "count": 0,
    "updated": 1522593570
  },
  {
    "id": "f61308c3-ac21-4ec4-baab-109f956328a4",
    "data": [
      {
        "text": "lumalia efficace en combien de temps ?",
        "userDefined": false
      }
    ],
    "isTemplate": false,
    "count": 1,
    "updated": 1522593570
  },
  {
    "id": "a05990c5-5cb3-499d-a2ed-45788d8c773c",
    "data": [
      {
        "text": "trinordiol efficace dès le premier jour??,",
        "userDefined": false
      }
    ],
    "isTemplate": false,
    "count": 0,
    "updated": 1522593570
  },
  {
    "id": "b263852a-18e3-4f51-b527-31bea7ab6e93",
    "data": [
      {
        "text": ".la pilule fait-elle effet? je la prend depuis 1 semaine maintenant, c\u0027est cycléane je crois.",
        "userDefined": false
      }
    ],
    "isTemplate": false,
    "count": 0,
    "updated": 1522593570
  },
  {
    "id": "bc8aefb0-81f2-4d02-9cc9-571005c8d16e",
    "data": [
      {
        "text": "je parle du temesta expidet (qui fond dans la bouche) à 1mg. combien de temps après la prise le médicament commence-t-il à faire effet ?",
        "userDefined": false
      }
    ],
    "isTemplate": false,
    "count": 0,
    "updated": 1522593570
  },
  {
    "id": "c4f302ce-3132-48be-b223-cd733bbad9ca",
    "data": [
      {
        "text": "mon médecin m\u0027a prescrit du duphaston cela va t\u0027il me permettre de tombé rapidement enceinte ?",
        "userDefined": false
      }
    ],
    "isTemplate": false,
    "count": 0,
    "updated": 1522593570
  },
  {
    "id": "051482ca-e2e2-4ae0-a38f-cb933440d23e",
    "data": [
      {
        "text": "j\u0027ai commencé une cure de compléments de fer et de magnésium car je suis très carencée et je voulais savoir au bout de combien de temps ça faisait effet. 1 mois? 3 mois?",
        "userDefined": false
      }
    ],
    "isTemplate": false,
    "count": 0,
    "updated": 1522593570
  },
  {
    "id": "d1de8c02-1535-4515-ac7e-081e81167a30",
    "data": [
      {
        "text": "A partir de quand le vaccin est il efficace ?",
        "userDefined": false
      }
    ],
    "isTemplate": false,
    "count": 0,
    "updated": 1522593570
  },
  {
    "id": "28a8f745-ea8c-4f4f-b7b7-1bccddc2fb24",
    "data": [
      {
        "text": "Je suis sous xeroquel, combien de temps faut il attendre pour se sentir mieux ?",
        "userDefined": false
      }
    ],
    "isTemplate": false,
    "count": 0,
    "updated": 1522593570
  },
  {
    "id": "00d9ada5-5881-4236-b613-9756e77649c4",
    "data": [
      {
        "text": "help monuril ça marche au bout de combien de temps??",
        "userDefined": false
      }
    ],
    "isTemplate": false,
    "count": 0,
    "updated": 1522593570
  },
  {
    "id": "b2d32d03-2972-4fdf-9dba-8f5a623d00d0",
    "data": [
      {
        "text": "lutenyl, efficace a partir de quand ?",
        "userDefined": false
      }
    ],
    "isTemplate": false,
    "count": 2,
    "updated": 1522593570
  },
  {
    "id": "9005a0cd-e73d-41ac-bee5-7e8dd1867cf8",
    "data": [
      {
        "text": "je prends luteran 10 depuis 4 jours (1er jour des règles) au bout de combien de tps il n\u0027 y a plus de règles ?",
        "userDefined": false
      }
    ],
    "isTemplate": false,
    "count": 0,
    "updated": 1522593570
  },
  {
    "id": "02e32330-ce0a-4918-a71a-6cdbdd87ae09",
    "data": [
      {
        "text": "on m\u0027a prescrire du deroxat. on m\u0027a dit 2/3 semaines pour les premiers effets. est-ce juste.",
        "userDefined": false
      }
    ],
    "isTemplate": false,
    "count": 0,
    "updated": 1522593570
  },
  {
    "id": "db75ac93-0671-404a-8120-7dec1d9e43ae",
    "data": [
      {
        "text": "j\u0027ai fait posé un stérilet mirena au mois d\u0027avril, à cette époque là je pensais vraiment ne pas avoir un deuxième enfant avec 5-6 ans..mais le désir de bb se fait sentir plus tôt que prévu, ce genre de chose ça ne se commande pas, comme quoi parfois on veut planifier et puis le désir bouleverse tout    je pense donc le retirer en juillet 2007 quand ma puce aura 2 ans. après le retrait du mirena, combien de temps a t\u0027il fallu pour que vous retrouviez un cycle normal? est-ce que le gygy vous a conseillé d\u0027attendre un cycle avant de commencer les essais pour évacuer les hormones? merci.",
        "userDefined": false
      }
    ],
    "isTemplate": false,
    "count": 0,
    "updated": 1522593570
  },
  {
    "id": "159f5564-1e8f-4a63-ab96-eb72fba5b85f",
    "data": [
      {
        "text": "stédiril : sommes nous protégées dès le premier jour ?",
        "userDefined": false
      }
    ],
    "isTemplate": false,
    "count": 0,
    "updated": 1522593570
  },
  {
    "id": "f9b076fe-439e-4e45-a736-9847a011dcd1",
    "data": [
      {
        "text": "j\u0027ai une angine et suis sous antibio orelox. je souhaiterais savoir cb de temps je suis contagieuse?",
        "userDefined": false
      }
    ],
    "isTemplate": false,
    "count": 0,
    "updated": 1522593570
  },
  {
    "id": "ed6a92c8-f964-4eab-9f6c-4e2d41f359f8",
    "data": [
      {
        "text": "combien de temps met le tranxene a agir?",
        "userDefined": false
      }
    ],
    "isTemplate": false,
    "count": 0,
    "updated": 1522593570
  },
  {
    "id": "8e0181fc-c15f-4cf0-a038-dd578fd34b0a",
    "data": [
      {
        "text": "voila je prend du deroxat depuis 23 jours et toujours pas d\u0027effets benefiques, meme si les effets secondaires atroces (paniques angoisses) du debut ont disparus. est-ce normal ? ps : je prend 1 cp le soir pour des crises d\u0027angoisses et une legere depression",
        "userDefined": false
      }
    ],
    "isTemplate": false,
    "count": 0,
    "updated": 1522593570
  },
  {
    "id": "98f2fb07-6ef3-4ead-9c43-4d6195b91f16",
    "data": [
      {
        "text": "Combien de temps après l\u0027arrêt d\u0027adépal pour pouvoir tomber enceinte ?",
        "userDefined": false
      }
    ],
    "isTemplate": false,
    "count": 0,
    "updated": 1522593570
  },
  {
    "id": "84fd1db3-c725-4315-83b6-26ed9227a5e4",
    "data": [
      {
        "text": "alors voilà je vais commencer ce traitement en tant que contraceptif seuleument lutéran est contraceptif seuleument au bout de 20 comprim pris d\u0027affiler est ce que ca signifie que durant 20 jours je ne saurais pas protégé?",
        "userDefined": false
      }
    ],
    "isTemplate": false,
    "count": 0,
    "updated": 1522593570
  },
  {
    "id": "a3d5d60b-f9fd-4947-9dee-3db6941b73eb",
    "data": [
      {
        "text": "je commence un traitement homéopathique contre l\u0027acné, si quelqu\u0027un a guéri son acné grâce à l\u0027homéopathie j\u0027aurais aimé savoir au bout de combien de temps ça part définitivement ?",
        "userDefined": false
      }
    ],
    "isTemplate": false,
    "count": 0,
    "updated": 1522593570
  },
  {
    "id": "30111902-9317-4533-bc5e-ec423c656e52",
    "data": [
      {
        "text": "Protection dès le 1er comprimé de gestodène éthinylestradiol ?",
        "userDefined": false
      }
    ],
    "isTemplate": false,
    "count": 0,
    "updated": 1522593570
  },
  {
    "id": "c148b2b5-2d29-42cd-85d2-b591e7e34820",
    "data": [
      {
        "text": "e suppose que je dois attendre un certain temps avoir de pouvoir avoir des rapports avec minidril ?",
        "userDefined": false
      }
    ],
    "isTemplate": false,
    "count": 0,
    "updated": 1522593570
  },
  {
    "id": "25849518-559e-4915-97a2-c3390c7450de",
    "data": [
      {
        "text": "avec lutenyl, protégée dès le premier comprimé?",
        "userDefined": false
      }
    ],
    "isTemplate": false,
    "count": 0,
    "updated": 1522593570
  },
  {
    "id": "b9a1cfc0-d0c0-4466-bb4e-86a83bf98289",
    "data": [
      {
        "text": "pose mirena : efficace de suite ??",
        "userDefined": false
      }
    ],
    "isTemplate": false,
    "count": 0,
    "updated": 1522593570
  },
  {
    "id": "b7f041fc-e7f4-4723-9575-cc52d2278031",
    "data": [
      {
        "text": "j\u0027étais sous mélodia (28comprimés) et j\u0027ai mis l\u0027anneau vendredi soir (lendemain de la fin de la plaquette mélodia), dois-je me protéger pdt 7jours?",
        "userDefined": false
      }
    ],
    "isTemplate": false,
    "count": 0,
    "updated": 1522593570
  },
  {
    "id": "bbfe8660-5406-49eb-b3bc-88767cf5cea2",
    "data": [
      {
        "text": "le millepertuis agit-il aussitôt?",
        "userDefined": false
      }
    ],
    "isTemplate": false,
    "count": 0,
    "updated": 1522593570
  },
  {
    "id": "3e94af40-f924-45d8-b153-12cf01d73e69",
    "data": [
      {
        "text": "je prends luteran 10 depuis 4 jours (1er jour des règles) au bout de combien de temps je suis protégée ?",
        "userDefined": false
      }
    ],
    "isTemplate": false,
    "count": 0,
    "updated": 1522593570
  },
  {
    "id": "8b2ef40e-8e5f-4968-b092-013e88e62489",
    "data": [
      {
        "text": "Quel est le délai d\u0027action de stimol ?",
        "userDefined": false
      }
    ],
    "isTemplate": false,
    "count": 1,
    "updated": 1522593570
  },
  {
    "id": "13777b54-2d9b-4540-a710-3a5768fc09c8",
    "data": [
      {
        "text": "citalopram , quand arrivent les effets bénéfiques ?",
        "userDefined": false
      }
    ],
    "isTemplate": false,
    "count": 0,
    "updated": 1522593570
  },
  {
    "id": "23512cce-4e4a-4f2a-99a3-e8a226efa5d3",
    "data": [
      {
        "text": "c ma premiere pilule (mercilon) et g termine ma premiere plakette aujourdhui. g voudrais savoir si g d rapport ce soir est ce g serais kan mm proteger par la suite?",
        "userDefined": false
      }
    ],
    "isTemplate": false,
    "count": 0,
    "updated": 1522593570
  },
  {
    "id": "2c83bda1-41d9-4a42-8aed-63d957fc257f",
    "data": [
      {
        "text": "je suis sous cerazette depuis 1semaine aujourd hui. hier j\u0027ai eu un rapport protégé mais le présérvatif a craqué.. je voulais savoir si cerazette faisait déja effet ou non ?",
        "userDefined": false
      }
    ],
    "isTemplate": false,
    "count": 0,
    "updated": 1522593570
  },
  {
    "id": "5732333f-86d2-4d84-8605-40f6baa5854c",
    "data": [
      {
        "text": "j\u0027ai commencé la pillule mélodia le soir même.  je voulais savoir si je suis protégé, dès la première prise",
        "userDefined": false
      }
    ],
    "isTemplate": false,
    "count": 0,
    "updated": 1522593570
  },
  {
    "id": "7bb1e1b2-2fad-4603-9bcd-3d9e6a1f96cb",
    "data": [
      {
        "text": "je prends la pillule daily gé depuis 10 jours, et je voudrais savoir si elle est efficace dès le premier jour",
        "userDefined": false
      }
    ],
    "isTemplate": false,
    "count": 0,
    "updated": 1522593570
  },
  {
    "id": "80e875bb-3ae7-4f5e-a656-e0ddec72bd6d",
    "data": [
      {
        "text": "au bout de combien de temps le  josacine et cortisone font effet?",
        "userDefined": false
      }
    ],
    "isTemplate": false,
    "count": 0,
    "updated": 1522593570
  },
  {
    "id": "26998647-ab3b-480d-89f4-759a79edd238",
    "data": [
      {
        "text": "zoloft 50 fait effet au bout de combien de temps svp??",
        "userDefined": false
      }
    ],
    "isTemplate": false,
    "count": 0,
    "updated": 1522593570
  },
  {
    "id": "99951f25-dc69-4fa1-baad-c80e0fca9e9e",
    "data": [
      {
        "text": "ma gynéco m\u0027a donc dit d\u0027arreter cerazette et de reprendre desobel le premier jour de mes règles.  j\u0027aimerai savoir combien de temps faut il se protéger avant que la pilule fasse son travail ?",
        "userDefined": false
      }
    ],
    "isTemplate": false,
    "count": 0,
    "updated": 1522593570
  },
  {
    "id": "b3673579-fff6-4220-8044-fc4036974c67",
    "data": [
      {
        "text": "est-ce que l\u0027anneau vaginal est vraiment efficace la 1ere semaine du cycle car on m\u0027a dit qu\u0027un second mode de contraception comme le préservatif étais utile ?",
        "userDefined": false
      }
    ],
    "isTemplate": false,
    "count": 0,
    "updated": 1522593570
  },
  {
    "id": "364497dd-7c28-4cc0-b2d3-49e42be310c0",
    "data": [
      {
        "text": "je prends trinordiol. mon médecin ne m\u0027a jamais parlé d\u0027utiliser un préservatif ( une fois les dépistages faits) pour le premier mois et que la pillule était efficace dès le premier jour de prise. qu\u0027en pensez vous?",
        "userDefined": false
      }
    ],
    "isTemplate": false,
    "count": 0,
    "updated": 1522593570
  },
  {
    "id": "c3d04bd6-d4bb-4523-8bfb-ebe3497436dd",
    "data": [
      {
        "text": "combien de temps attendre avec que adépal soit efficace ??",
        "userDefined": false
      }
    ],
    "isTemplate": false,
    "count": 0,
    "updated": 1522593570
  },
  {
    "id": "3b016baa-ba56-4de5-8ca3-2416b710279a",
    "data": [
      {
        "text": "seropam : efficace au bout de combien de temps ?",
        "userDefined": false
      }
    ],
    "isTemplate": false,
    "count": 0,
    "updated": 1522593570
  },
  {
    "id": "a1c3bb72-f076-4f59-9b4d-14ce2458d660",
    "data": [
      {
        "text": "celà fait de l\u0027effet si je prend prozac sur une courte durée?",
        "userDefined": false
      }
    ],
    "isTemplate": false,
    "count": 0,
    "updated": 1522593570
  },
  {
    "id": "31635ce3-1070-44ae-b9d3-1f29a48924de",
    "data": [
      {
        "text": "en combien de temps rotarix  agit-il ?",
        "userDefined": false
      }
    ],
    "isTemplate": false,
    "count": 0,
    "updated": 1522593570
  },
  {
    "id": "c3431aff-bdc7-4575-91ff-1c0e176fb8d4",
    "data": [
      {
        "text": "zoloft, combien de temps pour agir ?",
        "userDefined": false
      }
    ],
    "isTemplate": false,
    "count": 0,
    "updated": 1522593570
  },
  {
    "id": "5181262d-9747-4cd2-8eef-cbc18be5bea2",
    "data": [
      {
        "text": "daily gé prend effet a partir de combien de jour?",
        "userDefined": false
      }
    ],
    "isTemplate": false,
    "count": 0,
    "updated": 1522593570
  },
  {
    "id": "ac326686-b2d5-403e-8226-ceb70f9067b8",
    "data": [
      {
        "text": "combien de temps transition entre deroxat et zoloft?",
        "userDefined": false
      }
    ],
    "isTemplate": false,
    "count": 0,
    "updated": 1522593570
  },
  {
    "id": "5a3b21f6-e51b-45b3-b435-d41d2c371123",
    "data": [
      {
        "text": "mon médecin m\u0027 prescrit minocycline mais seulement pour 15 jours! ça n\u0027aura pas le tempsde faire de l\u0027effet, si ?",
        "userDefined": false
      }
    ],
    "isTemplate": false,
    "count": 0,
    "updated": 1522593570
  },
  {
    "id": "cd6a1681-f5a8-478d-8bc1-444483f2d991",
    "data": [
      {
        "text": "deroxat: ce médicament ne fais pas son effet ou dois je attendre encore un peu?",
        "userDefined": false
      }
    ],
    "isTemplate": false,
    "count": 0,
    "updated": 1522593570
  },
  {
    "id": "76a5ac2d-9d6a-439b-87bf-4008fba449a0",
    "data": [
      {
        "text": "voilà, j\u0027ai déjà pris du deroxat dans ma vie, mais pour d\u0027autres raisons que l\u0027actuelle : à l\u0027époque, crises d\u0027angoisses ponctuelles, mais maintenant, faiblesses et légers spasmes musculaires permanents depuis deux ans. j\u0027ai commencé il ya quelques jours le deroxat, hier ça allait enfin mieux et je me réjouissais..mais aujourd\u0027hui faiblesse et tremblements sont de retour  combien de temps il faut attendre pour que ça fasse effet ?merci",
        "userDefined": false
      }
    ],
    "isTemplate": false,
    "count": 0,
    "updated": 1522593570
  },
  {
    "id": "1b7bfdbc-8716-42e6-ac44-043a603b17d8",
    "data": [
      {
        "text": "patch evra marche-il de suite ?",
        "userDefined": false
      }
    ],
    "isTemplate": false,
    "count": 0,
    "updated": 1522593570
  },
  {
    "id": "ef6c2f53-aef5-424b-a458-925d971406d3",
    "data": [
      {
        "text": "Quel efficacité à un mois pour Adepal ?",
        "userDefined": false
      }
    ],
    "isTemplate": false,
    "count": 0,
    "updated": 1522593570
  },
  {
    "id": "d5573f7a-2d08-488f-b62b-d6160d811bad",
    "data": [
      {
        "text": "action lexomyl rapide?",
        "userDefined": false
      }
    ],
    "isTemplate": false,
    "count": 0,
    "updated": 1522593570
  },
  {
    "id": "967695e4-f33e-481a-aac7-be3a99c6f3f5",
    "data": [
      {
        "text": "je prends jasminelle et depuis que je la prends, j\u0027ai une poussée d\u0027acné. d\u0027autres sont dans mon cas ? faut-il attendre plus longtemps pour que cette pillule fasse son effet sur l\u0027acné ?",
        "userDefined": false
      }
    ],
    "isTemplate": false,
    "count": 0,
    "updated": 1522593570
  },
  {
    "id": "eaa7d9d0-b107-43a1-9035-21fb3021a30f",
    "data": [
      {
        "text": "1ere utilisation nuvaring, a partir de qd protection sure ?",
        "userDefined": false
      }
    ],
    "isTemplate": false,
    "count": 0,
    "updated": 1522593570
  },
  {
    "id": "8846f57b-c05b-413f-9190-5c1052a51817",
    "data": [
      {
        "text": "on vient de me prescrire la pilule jasmine à partir de quand serai-je protégée ?",
        "userDefined": false
      }
    ],
    "isTemplate": false,
    "count": 0,
    "updated": 1522593570
  },
  {
    "id": "133c6752-94c3-4a05-a940-9a9c5bec1792",
    "data": [
      {
        "text": "pilule leeloo, efficace quand ?",
        "userDefined": false
      }
    ],
    "isTemplate": false,
    "count": 0,
    "updated": 1522593570
  },
  {
    "id": "f8e3aa10-ecbd-440f-a8e8-8a8e8f201038",
    "data": [
      {
        "text": "valium quand est ce efficace??",
        "userDefined": false
      }
    ],
    "isTemplate": false,
    "count": 1,
    "updated": 1522593570
  },
  {
    "id": "8370bac3-5526-400e-a3b9-3e194eb9e377",
    "data": [
      {
        "text": "mélodia ne serait pas vraiment efficace le 1ermois?",
        "userDefined": false
      }
    ],
    "isTemplate": false,
    "count": 0,
    "updated": 1522593570
  },
  {
    "id": "22c50ff6-4551-4aa6-b85c-d8a506d473b0",
    "data": [
      {
        "text": "mon médecin m\u0027a mis sous théralène pour insomnie (chronique) j\u0027ai essayé plusieurs somnifère mais ça a été un echec (imovane, stilnox, noctran, havlane, mepronizine) je suis allé voir les sujets qui parlaient du théralène et j\u0027ai lu que la plupart des gens en prennent entre 10 et 20gouttes, elle m\u0027en a préscrit 50 a prendre le soir, mais ça ne me fait rien, est ce normal? faut-il attendre plusieurs jours pour que ça marche ou pas? merci de vos réponses",
        "userDefined": false
      }
    ],
    "isTemplate": false,
    "count": 0,
    "updated": 1522593570
  },
  {
    "id": "020850d1-085c-4922-a5d3-a6aa4ad695e4",
    "data": [
      {
        "text": "En combien de temps le seropram fait-il effet ?",
        "userDefined": false
      }
    ],
    "isTemplate": false,
    "count": 0,
    "updated": 1522593570
  },
  {
    "id": "49032ede-64d5-48b6-96f3-370438cca1d2",
    "data": [
      {
        "text": "je prends du prozac depuis 4 jours (1demi comprimé la journée), quand avez vous perçu les effets positifs du prozac ?",
        "userDefined": false
      }
    ],
    "isTemplate": false,
    "count": 0,
    "updated": 1522593570
  },
  {
    "id": "efa92a41-5a1c-41b4-a74a-93cb3550c451",
    "data": [
      {
        "text": "je prends prozac depuis mi decembre comme j\u0027ai explique précédement,comme j\u0027ai arrete 3jours combien temps faut il pour que tout se stabilise?. je me sens au bord du gouffre, j\u0027ai tjrs idees noires, je vois un psy , cela va pas mieux, trouver un autre psy n\u0027est pas évident, si quelquun pourrait m\u0027aider?svp",
        "userDefined": false
      }
    ],
    "isTemplate": false,
    "count": 0,
    "updated": 1522593570
  },
  {
    "id": "418acd3d-3600-4108-8667-fc350be599a2",
    "data": [
      {
        "text": "microval -combien de temps pour faire effet?",
        "userDefined": false
      }
    ],
    "isTemplate": false,
    "count": 0,
    "updated": 1522593570
  },
  {
    "id": "210c5988-7b4e-4a5e-9d11-7a10cac24e93",
    "data": [
      {
        "text": "deroxat effet positif?quand?",
        "userDefined": false
      }
    ],
    "isTemplate": false,
    "count": 0,
    "updated": 1522593570
  },
  {
    "id": "35d1f825-0a0f-4642-84da-ca3a29195f9b",
    "data": [
      {
        "text": "seropram j10 à quand les effets positifs ?",
        "userDefined": false
      }
    ],
    "isTemplate": false,
    "count": 0,
    "updated": 1522593570
  },
  {
    "id": "bb2a7d47-4624-49f7-96c1-64a8dac9118a",
    "data": [
      {
        "text": "cela fait 2 mois environ que je suis sous seropram, et je ne vois pas vraiment d\u0027amélioration.. au bout de combien de temps cela fait il effet?",
        "userDefined": false
      }
    ],
    "isTemplate": false,
    "count": 0,
    "updated": 1522593570
  },
  {
    "id": "b8d3c871-c7e4-49c5-9142-6fb415324f79",
    "data": [
      {
        "text": "etant donner que j\u0027ai pris seroplex a la suite du seropram il fallait attendre les effets benefique au bout de quelques semaine ou ca serai plus rapide ?",
        "userDefined": false
      }
    ],
    "isTemplate": false,
    "count": 0,
    "updated": 1522593570
  },
  {
    "id": "6f2bde92-b380-44c5-9cfa-199364328747",
    "data": [
      {
        "text": "bonjour, j\u0027ai une question a propos de l\u0027efficacité du generique de mercilon. je prends cette pilule en relais de minidril que je ne supportais pas. j\u0027ai fais la pause de 7jours normalement a la fin de la plaquette de minidril et j\u0027ai commencé une plaquette de mercilon, le problème c\u0027est que la notice n\u0027explique pas a partir de quand on est protégé.. merci d\u0027avance pour vos réponses!",
        "userDefined": false
      }
    ],
    "isTemplate": false,
    "count": 0,
    "updated": 1522593570
  },
  {
    "id": "efeb5e8a-fd86-4df1-9b30-abd07314af58",
    "data": [
      {
        "text": "je prends cerazette et je souhaite changer pour microval que j ai deja pris auparavant et qui me convient bien. mais alors des lors que je change sans interruption suis je protegee a partir du premier comprime",
        "userDefined": false
      }
    ],
    "isTemplate": false,
    "count": 0,
    "updated": 1522593570
  },
  {
    "id": "bec15f73-6d62-4bbc-bd45-d7034f717b7b",
    "data": [
      {
        "text": "cela fait 2 mois environ que je suis sous seropram, et je ne vois pas vraiment d\u0027amélioration, quelqu\u0027un a t\u0027il eu le meme probleme que moi?",
        "userDefined": false
      }
    ],
    "isTemplate": false,
    "count": 0,
    "updated": 1522593570
  },
  {
    "id": "232a141c-cd69-44c5-af99-79abe9310a58",
    "data": [
      {
        "text": "Combien de temps pour les premiers effets de duphaston ?",
        "userDefined": false
      }
    ],
    "isTemplate": false,
    "count": 0,
    "updated": 1522593570
  },
  {
    "id": "4c12b618-d0f7-4358-b7d7-e06368bda1ab",
    "data": [
      {
        "text": "seroplex a quand les premiers effets positif??",
        "userDefined": false
      }
    ],
    "isTemplate": false,
    "count": 0,
    "updated": 1522593570
  },
  {
    "id": "a7409191-df6a-45ce-a6e3-f467c9589717",
    "data": [
      {
        "text": "ojordhui je vien de prendre la nouvelle plakette de yaz :  kan est cke je peux de nouvo faire lamour sans capote ?",
        "userDefined": false
      }
    ],
    "isTemplate": false,
    "count": 0,
    "updated": 1522593570
  },
  {
    "id": "14c4581a-9df0-411c-8bd2-0358135d1456",
    "data": [
      {
        "text": "euphitose effet immédiat??",
        "userDefined": false
      }
    ],
    "isTemplate": false,
    "count": 0,
    "updated": 1522593570
  },
  {
    "id": "9c875e32-1077-4fb3-b024-41e1911f0418",
    "data": [
      {
        "text": "lumalia, efficacité au bout de ?",
        "userDefined": false
      }
    ],
    "isTemplate": false,
    "count": 0,
    "updated": 1522593570
  },
  {
    "id": "ec66b02a-f5d6-483f-85a7-2ad345533351",
    "data": [
      {
        "text": "je voudrais savoir si certains d entres vous savez le delai d action de perindopril ?",
        "userDefined": false
      }
    ],
    "isTemplate": false,
    "count": 0,
    "updated": 1522593570
  },
  {
    "id": "e8fe07eb-589c-4d21-9269-6b7128926c0a",
    "data": [
      {
        "text": "prise des la premiere jour des regles. j\u0027ai une doute sur l\u0027efficacite de ludeal ge. apres combien de temps est-elle efficace?",
        "userDefined": false
      }
    ],
    "isTemplate": false,
    "count": 0,
    "updated": 1522593570
  },
  {
    "id": "593aed33-4dee-4ecd-844c-4f7292306537",
    "data": [
      {
        "text": "mon endocrinologue m\u0027a prescrit du pantestone pour remédier à mon manque de testostérone. je voulais donc savoir, en combien de temps environ les premiers signes vont apparaître, si ils apparaissent ?",
        "userDefined": false
      }
    ],
    "isTemplate": false,
    "count": 0,
    "updated": 1522593570
  },
  {
    "id": "33efb976-c5a7-4842-823c-242002025c4d",
    "data": [
      {
        "text": "est ce que l\u0027androcur peut agir sur l\u0027alopécie au bout de seulement un mois et demi??",
        "userDefined": false
      }
    ],
    "isTemplate": false,
    "count": 0,
    "updated": 1522593570
  },
  {
    "id": "357db902-847c-4cc4-a229-6b1d4156c0ad",
    "data": [
      {
        "text": "rifinah combien de temps attendre les effets ?",
        "userDefined": false
      }
    ],
    "isTemplate": false,
    "count": 0,
    "updated": 1522593570
  },
  {
    "id": "152eceec-8f38-432b-a632-78fcfc25d23a",
    "data": [
      {
        "text": "est ce que c\u0027est normal de ne pa ressentir d\u0027effet avec le xanax?",
        "userDefined": false
      }
    ],
    "isTemplate": false,
    "count": 0,
    "updated": 1522593570
  },
  {
    "id": "277ed5dc-649a-4c83-b3ad-09c0495b41cb",
    "data": [
      {
        "text": "diane 35 efficace quand??",
        "userDefined": false
      }
    ],
    "isTemplate": false,
    "count": 0,
    "updated": 1522593570
  },
  {
    "id": "862b4194-6b48-49a9-915e-d48d2f20c334",
    "data": [
      {
        "text": "bjs jai fai retirer mon sterilé cuivre il y a 1 semaine a la suite dun dereglemen complet (1 moi de regle !!) je me demande si je v vite tomber encinte?? depui de jour g mal nivo d ovaire sa sinifi koi??",
        "userDefined": false
      }
    ],
    "isTemplate": false,
    "count": 0,
    "updated": 1522593570
  },
  {
    "id": "1dad80cf-1554-4312-b564-cf9e8cedc72b",
    "data": [
      {
        "text": "je commence un traitement homéopathique contre l\u0027acné, si quelqu\u0027un a guéri son acné grâce à l\u0027homéopathie j\u0027aurais aimé savoir au bout de combien de temps ça fait effet ?",
        "userDefined": false
      }
    ],
    "isTemplate": false,
    "count": 0,
    "updated": 1522593570
  },
  {
    "id": "56181555-19cb-4c8e-8c88-aa74fcf09cda",
    "data": [
      {
        "text": "un homéopathe pour ma fille de 2 mois et qui m\u0027a prescrit l\u0027arsenicum album en 1 seule dose, c\u0027est pas mieux c pire; il m\u0027avait prevenu que ca pouvait etre pire pendant un moment puis beaucoup mieux par la suite mais je voudrais savoir combien de temps?",
        "userDefined": false
      }
    ],
    "isTemplate": false,
    "count": 0,
    "updated": 1522593570
  },
  {
    "id": "0a5ee1c5-4a73-4b07-aa7b-e02211571db5",
    "data": [
      {
        "text": "je prends tétralysal. au bout de combien de temps avez vous vu les 1er résultats??",
        "userDefined": false
      }
    ],
    "isTemplate": false,
    "count": 0,
    "updated": 1522593570
  },
  {
    "id": "1cb76c2a-454c-4db5-8b62-eb8a0b44e461",
    "data": [
      {
        "text": "bonjour!  je dois passer a la fin de ma plaquette jasmine sous cerazette, soit prise le lendemain de ma derniere pillule de jasmine. ma question, suis je protegée aussitot? merci pour vos reponses! bon dimanche!",
        "userDefined": false
      }
    ],
    "isTemplate": false,
    "count": 0,
    "updated": 1522593570
  },
  {
    "id": "1c76de03-58e8-409c-96f9-b398713f4cb8",
    "data": [
      {
        "text": "cérazette : quand commence la protection ?",
        "userDefined": false
      }
    ],
    "isTemplate": false,
    "count": 0,
    "updated": 1522593570
  },
  {
    "id": "f2aee89d-b386-401d-aa74-78585eb4bbe9",
    "data": [
      {
        "text": "après un oubli de 3 semaines, cela fait maintenant 6 jours que j\u0027ai recommencé ma plaquette de mélodia, mais puisque je ne l\u0027ai pas recommencé le premier jour de mes règles, je me demande quand je serais protégée d\u0027une éventuelle grossesse.",
        "userDefined": false
      }
    ],
    "isTemplate": false,
    "count": 0,
    "updated": 1522593570
  },
  {
    "id": "eae336f9-8fc4-4340-82c4-9da3afbd7791",
    "data": [
      {
        "text": "combien de temps mets le risperdal pour agir?",
        "userDefined": false
      }
    ],
    "isTemplate": false,
    "count": 0,
    "updated": 1522593570
  },
  {
    "id": "b6999551-5030-46e7-8b94-01049a96eab7",
    "data": [
      {
        "text": "microval efficace au bout de combien de prise??",
        "userDefined": false
      }
    ],
    "isTemplate": false,
    "count": 0,
    "updated": 1522593570
  },
  {
    "id": "2276f5a6-4b71-4782-98ab-1028e3e19350",
    "data": [
      {
        "text": "xeroquel : combien de temps faut-il pour qu\u0027il fasse effet?",
        "userDefined": false
      }
    ],
    "isTemplate": false,
    "count": 0,
    "updated": 1522593570
  },
  {
    "id": "5f954719-76d7-49e9-92e5-0c8f07b0a144",
    "data": [
      {
        "text": "qulequ\u0027un pourrait il me dire si l\u0027advilcaps 400 est efficace rapidement ?",
        "userDefined": false
      }
    ],
    "isTemplate": false,
    "count": 0,
    "updated": 1522593570
  },
  {
    "id": "4893d647-7673-48e0-b96e-cf76bd56d548",
    "data": [
      {
        "text": "apres combien de temps seroxat fait d\u0027effet?",
        "userDefined": false
      }
    ],
    "isTemplate": false,
    "count": 0,
    "updated": 1522593570
  },
  {
    "id": "940d7d67-fbdc-4748-b893-085dbb2c4572",
    "data": [
      {
        "text": "Au bout de combien de temps monuril fait il effet ?",
        "userDefined": false
      }
    ],
    "isTemplate": false,
    "count": 0,
    "updated": 1522593570
  },
  {
    "id": "7d6cf4f6-afbf-4e17-a693-f392611c0ea6",
    "data": [
      {
        "text": "combien de temps met deroxat pour agir ?",
        "userDefined": false
      }
    ],
    "isTemplate": false,
    "count": 1,
    "updated": 1522593570
  },
  {
    "id": "34170001-fa18-4f26-be4d-77346d337ce8",
    "data": [
      {
        "text": "lutéran 10 efficace dès le premier jour?",
        "userDefined": false
      }
    ],
    "isTemplate": false,
    "count": 0,
    "updated": 1522593570
  },
  {
    "id": "11b0f553-fce8-4190-a052-59ff6e36edcf",
    "data": [
      {
        "text": "mélodia ne serait pas vraiment efficace le 1ermois?!!",
        "userDefined": false
      }
    ],
    "isTemplate": false,
    "count": 0,
    "updated": 1522593570
  },
  {
    "id": "48456726-cecd-488e-9984-21e85e9440a3",
    "data": [
      {
        "text": "deroxat : à partir de quand on commence à sentir les effets bénéfiques de ce traitement?",
        "userDefined": false
      }
    ],
    "isTemplate": false,
    "count": 0,
    "updated": 1522593570
  },
  {
    "id": "018b1f2a-31f7-434c-a385-eeda7b7d14c8",
    "data": [
      {
        "text": "est ce normal d\u0027être encore fatigué aprèsc 20 jours de traitement avec séroplex?",
        "userDefined": false
      }
    ],
    "isTemplate": false,
    "count": 0,
    "updated": 1522593570
  },
  {
    "id": "c5434305-7934-43d2-bc76-970680707255",
    "data": [
      {
        "text": "je prends la pilule yaz depuis presque 1 mois. est ce que l\u0027effet contraceptif est déjà activé ?",
        "userDefined": false
      }
    ],
    "isTemplate": false,
    "count": 0,
    "updated": 1522593570
  },
  {
    "id": "59e0f3ce-bff2-4918-ae66-281e5c0593dd",
    "data": [
      {
        "text": "au bout de combien de temps agit le vaccin rotavirus ?",
        "userDefined": false
      }
    ],
    "isTemplate": false,
    "count": 0,
    "updated": 1522593570
  },
  {
    "id": "999fdd82-fe99-4fa8-ac4d-f3b4cf1dd2d2",
    "data": [
      {
        "text": "je suis sous propranolol tous les 12h (20 mg / jour). a-t-il des effets les premiers jour ?",
        "userDefined": false
      }
    ],
    "isTemplate": false,
    "count": 0,
    "updated": 1522593570
  },
  {
    "id": "5bffed13-9111-4062-9189-2d6231a8f671",
    "data": [
      {
        "text": "au bout de combien de temps agit androcur sur la pilosité ?",
        "userDefined": false
      }
    ],
    "isTemplate": false,
    "count": 0,
    "updated": 1522593570
  },
  {
    "id": "0c79c2d0-6a3f-47ef-99bc-38b7444c15df",
    "data": [
      {
        "text": "efficacité leeloo gé sous combien de temps?",
        "userDefined": false
      }
    ],
    "isTemplate": false,
    "count": 0,
    "updated": 1522593570
  },
  {
    "id": "05324273-bb6d-4c48-af3a-a906deeb78f4",
    "data": [
      {
        "text": "trinordiol et premier rapport sans preservatif pour qd ?",
        "userDefined": false
      }
    ],
    "isTemplate": false,
    "count": 0,
    "updated": 1522593570
  },
  {
    "id": "8d143469-49a5-455e-81eb-2c842ca2734f",
    "data": [
      {
        "text": "je viens d\u0027être placée sous holgyeme qui est le générique de diane 35. je voulais savoir si l\u0027effet contraceptif était présent dès la 1ère prise ?",
        "userDefined": false
      }
    ],
    "isTemplate": false,
    "count": 0,
    "updated": 1522593570
  },
  {
    "id": "8b5be1a9-de9d-4334-bb06-dc45228aa077",
    "data": [
      {
        "text": "je prends daily gé : au bout de combien de temps, je suis protegee ?",
        "userDefined": false
      }
    ],
    "isTemplate": false,
    "count": 0,
    "updated": 1522593570
  },
  {
    "id": "09b5b68a-00c8-47a9-a175-5ffd8af2e8c3",
    "data": [
      {
        "text": "quel est environ le temps pour que le zoloft cause des effets positifs sur l\u0027anxiété, l\u0027angoisse etc ?",
        "userDefined": false
      }
    ],
    "isTemplate": false,
    "count": 0,
    "updated": 1522593570
  },
  {
    "id": "9e7044d0-23c8-4891-9a1e-8020b224d6f7",
    "data": [
      {
        "text": "Est-ce ke la pilule adepal est efficace dès le premier comprimé?",
        "userDefined": false
      }
    ],
    "isTemplate": false,
    "count": 0,
    "updated": 1522593570
  },
  {
    "id": "bc02d311-2039-4415-a3c7-0f21d6359caa",
    "data": [
      {
        "text": "je suis sous holgyeme depuis 1 mois, et je voudrais savoir a partir de combien de temps on voit les effets sur l\u0027acné?? merci de me repondre les filles",
        "userDefined": false
      }
    ],
    "isTemplate": false,
    "count": 0,
    "updated": 1522593570
  },
  {
    "id": "6d6c6d51-f6e8-4cbc-95c9-2c92c9ce165a",
    "data": [
      {
        "text": "bonjour, depuis l\u0027arrêt de ma pilule j\u0027ai des boutons sur la mâchoire ma dermato ma prescrit la lotion eryfluid a mettre matin et soir. ca fait 2 semaines que je l\u0027utilise mais je ne trouve pas bcp de changement, j\u0027aimerais avoir vos avis? je suis enceinte et j\u0027accouche le 28 novembre et j\u0027aimerais que ca soit partit d\u0027ici la car c vraiment moche j\u0027attends vos témoignages merci",
        "userDefined": false
      }
    ],
    "isTemplate": false,
    "count": 0,
    "updated": 1522593570
  },
  {
    "id": "94200860-28a9-4fac-87aa-d5a15c4a5cb9",
    "data": [
      {
        "text": "j\u0027ai commencé minesse pour la premiére fois et mes règles viennent juste de finir. je voulais savoir si je peux des maintenant avoir des rapports sans courrir le risque de tombé enceinte? je parcours le forum et il est question de 7 jours parfois et d\u0027autres fois elle est active des la premiére prise je ne sais plus quoi penser.",
        "userDefined": false
      }
    ],
    "isTemplate": false,
    "count": 0,
    "updated": 1522593570
  },
  {
    "id": "5cc1e109-f548-48c9-8742-2ad7aad187b8",
    "data": [
      {
        "text": "je veux prendre un ths. au bout de combien de temps cela fait-il effet ?",
        "userDefined": false
      }
    ],
    "isTemplate": false,
    "count": 0,
    "updated": 1522593570
  },
  {
    "id": "013cc3cf-f893-41ec-9102-47929ca7673f",
    "data": [
      {
        "text": "je voudrais savoir si une fois la premiere prise de pilule lumalia elle était contraceptive ou il fallait attendre??",
        "userDefined": false
      }
    ],
    "isTemplate": false,
    "count": 0,
    "updated": 1522593570
  },
  {
    "id": "7406fae4-a8fd-4bf0-937d-48061f8534e3",
    "data": [
      {
        "text": "enceinte de 16sa et ca fais 7mois qui m\u0027ont vacciné de la rubéole. pensez vous que c\u0027est trop tot pour que le vaccin agisse ??",
        "userDefined": false
      }
    ],
    "isTemplate": false,
    "count": 0,
    "updated": 1522593570
  },
  {
    "id": "b70eaac7-5be9-4e53-85ca-e58fe39fbc5d",
    "data": [
      {
        "text": "Combien de temps attendre avant les effets du prozac ?",
        "userDefined": false
      }
    ],
    "isTemplate": false,
    "count": 0,
    "updated": 1522593570
  },
  {
    "id": "8febb649-52ae-4645-a8db-aa8094ffeb6b",
    "data": [
      {
        "text": "j\u0027étais sous zoloft, mais il marchait pas. le médecin m\u0027a prescrit effexor 75 mg 1 comprimé le matin. après combien de temps il fait effet ??",
        "userDefined": false
      }
    ],
    "isTemplate": false,
    "count": 0,
    "updated": 1522593570
  },
  {
    "id": "1241bbb2-4fb4-4e52-a301-f1ab00be5e06",
    "data": [
      {
        "text": "pilule leeloo arrête t\u0027elle les règle dés la 1er prise ?",
        "userDefined": false
      }
    ],
    "isTemplate": false,
    "count": 0,
    "updated": 1522593570
  },
  {
    "id": "f94f2f54-2051-48ef-8faf-1250ece7e03f",
    "data": [
      {
        "text": "bonjour, je prends la pilule trinordiol. or ma dernière prise de pilule date de mercredi 29 novembre. et, j\u0027ai eu mes règles dimanche 3 décembre. depuis, je n\u0027aie pas repris ma pilule. je voulais savoir si je la reprenais dès ce soir, si je serais protégée ou pas? merci de vos réponses",
        "userDefined": false
      }
    ],
    "isTemplate": false,
    "count": 0,
    "updated": 1522593570
  },
  {
    "id": "b5109f92-7d98-4874-8957-b62da603a586",
    "data": [
      {
        "text": "Sous adepal depuis peu de temps, au bout de combien de temps suis-je protégée?",
        "userDefined": false
      }
    ],
    "isTemplate": false,
    "count": 0,
    "updated": 1522593570
  },
  {
    "id": "9ecc926b-3595-4340-b521-96026b50d2a0",
    "data": [
      {
        "text": "Quel est le délai d\u0027action de deroxat ?",
        "userDefined": false
      }
    ],
    "isTemplate": false,
    "count": 0,
    "updated": 1522593570
  },
  {
    "id": "3d4bb605-5acb-4914-839f-a82fc9c8951c",
    "data": [
      {
        "text": "cela fait 1semaine que je prend du deroxat , et cela n\u0027agit toujours pas c\u0027est normal?",
        "userDefined": false
      }
    ],
    "isTemplate": false,
    "count": 0,
    "updated": 1522593570
  },
  {
    "id": "042df44d-d698-4abb-8830-988b9559f578",
    "data": [
      {
        "text": "euphitose effet immédiat ?",
        "userDefined": false
      }
    ],
    "isTemplate": false,
    "count": 0,
    "updated": 1522593570
  },
  {
    "id": "1a84557a-e024-40b4-ba1f-4cc0f3d2c337",
    "data": [
      {
        "text": "ignatia amara lm1, on constate les effets+ en combien de temps?",
        "userDefined": false
      }
    ],
    "isTemplate": false,
    "count": 0,
    "updated": 1522593570
  },
  {
    "id": "35d92d24-509b-4aeb-b9be-39ed1343724d",
    "data": [
      {
        "text": "spasfon lyoc : quel temps pour agir ??",
        "userDefined": false
      }
    ],
    "isTemplate": false,
    "count": 0,
    "updated": 1522593570
  },
  {
    "id": "c899d541-d887-4715-bb45-ebfb90d784f4",
    "data": [
      {
        "text": "je dois changer de pilule et je me demande si en prenant ma nouvelle pilule je serais protégée dès le 1er comprimé",
        "userDefined": false
      }
    ],
    "isTemplate": false,
    "count": 0,
    "updated": 1522593570
  },
  {
    "id": "e7451404-bb25-4a49-9317-2853e14fa8cb",
    "data": [
      {
        "text": "Est ce que je suis protégée au début de prise de varnoline?",
        "userDefined": false
      }
    ],
    "isTemplate": false,
    "count": 0,
    "updated": 1522593570
  },
  {
    "id": "6d9179cd-6452-4e31-a66a-74f9493b92f2",
    "data": [
      {
        "text": "je voudrais savoir si je prends un xanax de 0,5 combien de temps cela fait effet ?",
        "userDefined": false
      }
    ],
    "isTemplate": false,
    "count": 0,
    "updated": 1522593570
  },
  {
    "id": "89c7f190-6137-4488-a733-c757880619d7",
    "data": [
      {
        "text": "j\u0027ai l\u0027impression d\u0027avoir perdue l\u0027apetit depuis que je prend du deroxat (depuis une petite semaine). pourtant y parait que ça stimule l\u0027apetit et que ça fait prendre du poid. dans quelques semaines j\u0027aurait moi aussi l\u0027apetit stimuler ? et je prendrai du poid ?",
        "userDefined": false
      }
    ],
    "isTemplate": false,
    "count": 0,
    "updated": 1522593570
  },
  {
    "id": "6b4d3c4d-0706-4135-88e3-8f4c011e57b1",
    "data": [
      {
        "text": "je prend du citalopram depuis 3 jours et je sais bien qu\u0027il faut attendre minimum 2 semaines avant que ça fasse effet mais j\u0027ai tellement peur de rester comme ça toute ma vie! je pleure toute la journée, je n\u0027arrive plus à travailler et je fini par me demander à quoi ça sert que je continue de vivre dans cet état là. on me dit que bientôt j\u0027irai mieux mais je n\u0027y crois pas trop.. vous vous disiez la même chose au début?",
        "userDefined": false
      }
    ],
    "isTemplate": false,
    "count": 0,
    "updated": 1522593570
  },
  {
    "id": "b2b03e1b-0841-433a-b5a7-fbbe3db8d716",
    "data": [
      {
        "text": "effexor efficace en combien de temps?",
        "userDefined": false
      }
    ],
    "isTemplate": false,
    "count": 0,
    "updated": 1522593570
  },
  {
    "id": "eefb10e6-214b-497c-ae05-4c522006ee43",
    "data": [
      {
        "text": "Stablon les effets sont-ils immédiats ?",
        "userDefined": false
      }
    ],
    "isTemplate": false,
    "count": 0,
    "updated": 1522593570
  },
  {
    "id": "e4d9aa8c-acc8-4822-b3a2-540d511f2c8e",
    "data": [
      {
        "text": "mon gyneco m\u0027a prescrit meliane. je voudrais savoir au bout de combien de jour sera t elle efficace?",
        "userDefined": false
      }
    ],
    "isTemplate": false,
    "count": 0,
    "updated": 1522593570
  },
  {
    "id": "9e291c41-ad88-4b21-ac3a-62fa98035cb9",
    "data": [
      {
        "text": "Quand apparaissent les effets positifs de deroxat ?",
        "userDefined": false
      }
    ],
    "isTemplate": false,
    "count": 0,
    "updated": 1522593570
  },
  {
    "id": "c1951f34-0cb5-4b0f-9e3a-657935e34cfb",
    "data": [
      {
        "text": "je prends du depakote 500 deux fois par jour, j\u0027ai commencé avant hier et j\u0027ai l\u0027impression que celà fait déjà effet, est-ce normal ?",
        "userDefined": false
      }
    ],
    "isTemplate": false,
    "count": 0,
    "updated": 1522593570
  },
  {
    "id": "a89ddb22-a3a4-43ab-98bc-d4958b4f8402",
    "data": [
      {
        "text": "duphaston peut-t\u0027il agir 1 jour après la 1ère prise du traitement..??",
        "userDefined": false
      }
    ],
    "isTemplate": false,
    "count": 0,
    "updated": 1522593570
  },
  {
    "id": "67d4b033-c41a-45bb-a672-97b8e0190480",
    "data": [
      {
        "text": "je voulais savoir au bout de combien de jours, daily gé, fait effet?",
        "userDefined": false
      }
    ],
    "isTemplate": false,
    "count": 0,
    "updated": 1522593570
  },
  {
    "id": "53b5a560-25bb-4662-8882-5b8b70025715",
    "data": [
      {
        "text": "ludeal ge : combien de temps pour qu\u0027elle fasse effet ??",
        "userDefined": false
      }
    ],
    "isTemplate": false,
    "count": 0,
    "updated": 1522593570
  },
  {
    "id": "824314c3-81a7-40cb-935d-83302edae5fd",
    "data": [
      {
        "text": "Je reprends effexor depuis ce matin, combien de temps va-t-il falloir pour que j\u0027aille mieux ?",
        "userDefined": false
      }
    ],
    "isTemplate": false,
    "count": 0,
    "updated": 1522593570
  },
  {
    "id": "d5591fda-8f64-4991-a991-aa8cbf55e37b",
    "data": [
      {
        "text": "je voulais savoir au bout de combien de temps daily gé agit si on la prend sans attendre ses règles?",
        "userDefined": false
      }
    ],
    "isTemplate": false,
    "count": 0,
    "updated": 1522593570
  },
  {
    "id": "2117bf27-0956-4f9c-ba12-c8b6fac589f1",
    "data": [
      {
        "text": "combien de temps faut il plus ou moi pour que xenical fasse effet ?",
        "userDefined": false
      }
    ],
    "isTemplate": false,
    "count": 0,
    "updated": 1522593570
  },
  {
    "id": "bcf95e8b-850c-4367-8a0e-d7f3b9405f42",
    "data": [
      {
        "text": "je compte commencer la pilule ludeal gé sans avoir mes règles, est-ce que quelqu\u0027un l\u0027a déja fait pour me dire sil faut attendre  ou  avant detre protegée??",
        "userDefined": false
      }
    ],
    "isTemplate": false,
    "count": 0,
    "updated": 1522593570
  },
  {
    "id": "637b781c-fe98-4dd1-b6c9-a5a28e375e71",
    "data": [
      {
        "text": "j\u0027ai arreté jasminelle et le lendemain j\u0027ai pris cycleane a la meme heure que jasminelle!je voudrais savoir au bout de cb de temps je suis de nouveau protégé avec cycléane?",
        "userDefined": false
      }
    ],
    "isTemplate": false,
    "count": 0,
    "updated": 1522593570
  },
  {
    "id": "e98ab3ca-1d35-4ac8-89cf-bf0497758e83",
    "data": [
      {
        "text": "ma gygy ma posé le stérilet mirena le 14 mars. puis je par la suite avoir l\u0027esprit libre après chaque câlin avec mon mari à partir d\u0027un mois ?",
        "userDefined": false
      }
    ],
    "isTemplate": false,
    "count": 0,
    "updated": 1522593570
  },
  {
    "id": "7be72e33-3b56-495b-9d97-dd23dc0cf458",
    "data": [
      {
        "text": "vogalene efficace en combien de temps ?",
        "userDefined": false
      }
    ],
    "isTemplate": false,
    "count": 0,
    "updated": 1522593570
  },
  {
    "id": "0e44bd5e-92c6-4bc6-bd17-1074fb37be87",
    "data": [
      {
        "text": "je souffre de l\u0027acne, on ma conseiler la roacutane. en combien de temps sa va faire effets ?",
        "userDefined": false
      }
    ],
    "isTemplate": false,
    "count": 0,
    "updated": 1522593570
  },
  {
    "id": "a34f16d5-ad30-4bd0-940d-87e33f657d55",
    "data": [
      {
        "text": "je prend la pilule varnoline continu et je voulais savoir au moment de la prise des comprimés verte, si j\u0027ai un rapport est ce que je suis protegée ?",
        "userDefined": false
      }
    ],
    "isTemplate": false,
    "count": 0,
    "updated": 1522593570
  },
  {
    "id": "109317ab-0bf5-44fa-be81-1656ae240569",
    "data": [
      {
        "text": "on m\u0027a prescrit des medocs sertraline. a partir de quand ces médocs prennent effet ?",
        "userDefined": false
      }
    ],
    "isTemplate": false,
    "count": 0,
    "updated": 1522593570
  },
  {
    "id": "be76e82a-6658-47b8-87c0-5c8d21eb4081",
    "data": [
      {
        "text": "Est ce que l\u0027holgyeme est efficace au bout de 10 jours?",
        "userDefined": false
      }
    ],
    "isTemplate": false,
    "count": 0,
    "updated": 1522593570
  }
]