[
  {
    "id": "1ef65ef0-1609-4e40-99a8-9d2bf8169baf",
    "data": [
      {
        "text": "Quels sont les signes de surdosage en Mysoline?",
        "userDefined": false
      }
    ],
    "isTemplate": false,
    "count": 0,
    "updated": 1522593226
  },
  {
    "id": "6342cc05-5b5e-4284-a57d-85a4e36f9f73",
    "data": [
      {
        "text": "Comparaison Relpax / Imigrane",
        "userDefined": false
      }
    ],
    "isTemplate": false,
    "count": 0,
    "updated": 1522593226
  },
  {
    "id": "fca218ff-1835-4627-85a3-cc45c2c8de82",
    "data": [
      {
        "text": "le stablon serait-il un placebo?",
        "userDefined": false
      }
    ],
    "isTemplate": false,
    "count": 0,
    "updated": 1522593226
  },
  {
    "id": "b3007b25-2921-45f7-9a70-bafecdacf965",
    "data": [
      {
        "text": "Qu\u0027est-ce que le calcibronate ?",
        "userDefined": false
      }
    ],
    "isTemplate": false,
    "count": 0,
    "updated": 1522593226
  },
  {
    "id": "ae2dcab6-1fba-465b-9b51-ecfda75ba3cb",
    "data": [
      {
        "text": "Quelle forme galénique de traitement anti mycose est le mieux toléré par les muqueuses ?",
        "userDefined": false
      }
    ],
    "isTemplate": false,
    "count": 0,
    "updated": 1522593226
  },
  {
    "id": "d3101210-7c7f-4615-b844-ab1128b2088b",
    "data": [
      {
        "text": "Comparaison Naramig et Imigrane",
        "userDefined": false
      }
    ],
    "isTemplate": false,
    "count": 0,
    "updated": 1522593226
  },
  {
    "id": "ee4aca85-bed8-4181-b846-76412a1d6141",
    "data": [
      {
        "text": "Quels sont les avantages du Veratran ?",
        "userDefined": false
      }
    ],
    "isTemplate": false,
    "count": 0,
    "updated": 1522593226
  },
  {
    "id": "08f42fe3-a8c3-4598-b8ed-a7c9757f82eb",
    "data": [
      {
        "text": "Pourquoi les génériques de l’Atarax sont retirés et pas le princeps?",
        "userDefined": false
      }
    ],
    "isTemplate": false,
    "count": 0,
    "updated": 1522593226
  },
  {
    "id": "cc44599a-3d15-4d5d-970c-52584df26301",
    "data": [
      {
        "text": "Quel est l\u0027aspect d\u0027un comprimé de Mémantine?",
        "userDefined": false
      }
    ],
    "isTemplate": false,
    "count": 0,
    "updated": 1522593226
  },
  {
    "id": "8c2e1ee3-4edd-4ce4-8ac3-da049d9d3f0f",
    "data": [
      {
        "text": "réaction infanrix 2 mois après?",
        "userDefined": false
      }
    ],
    "isTemplate": false,
    "count": 0,
    "updated": 1522593226
  },
  {
    "id": "ada84645-2ccc-43af-bea9-6cab127ce61b",
    "data": [
      {
        "text": "A combien de milligrammmes correspond une goutte de Laroxyl?",
        "userDefined": false
      }
    ],
    "isTemplate": false,
    "count": 0,
    "updated": 1522593226
  },
  {
    "id": "8a451eaf-c441-4c4f-80f5-7b6b64179b30",
    "data": [
      {
        "text": "Est ce que ca va?",
        "userDefined": false
      }
    ],
    "isTemplate": false,
    "count": 0,
    "updated": 1522593226
  },
  {
    "id": "8b4a603e-62e6-4d85-97b7-56838259521d",
    "data": [
      {
        "text": "Qu\u0027est ce que le remicad ?",
        "userDefined": false
      }
    ],
    "isTemplate": false,
    "count": 0,
    "updated": 1522593226
  },
  {
    "id": "2e8676a2-e8ec-4e5b-90d6-02cc22f5d406",
    "data": [
      {
        "text": "Qu\u0027y-a-t-il de mieux entre effervescent, comprimé et gélule pour le paracétamol ?",
        "userDefined": false
      }
    ],
    "isTemplate": false,
    "count": 0,
    "updated": 1522593226
  },
  {
    "id": "32033240-883d-4dc2-96ed-bc9c3d02034e",
    "data": [
      {
        "text": "theralene 4%, overdose ?",
        "userDefined": false
      }
    ],
    "isTemplate": false,
    "count": 0,
    "updated": 1522593226
  },
  {
    "id": "f71d6dbc-6ac4-4ffb-9844-7ae7fe494753",
    "data": [
      {
        "text": "Quels sont les symptômes de surdosage en Leponex?",
        "userDefined": false
      }
    ],
    "isTemplate": false,
    "count": 0,
    "updated": 1522593226
  },
  {
    "id": "a8b08c41-6483-4868-87d8-ee627316b889",
    "data": [
      {
        "text": "vaccin hépatite b obligatoire ??",
        "userDefined": false
      }
    ],
    "isTemplate": false,
    "count": 0,
    "updated": 1522593226
  },
  {
    "id": "93f1559e-4fe0-47fa-a1df-0deb75cce58c",
    "data": [
      {
        "text": "Hello",
        "userDefined": false
      }
    ],
    "isTemplate": false,
    "count": 0,
    "updated": 1522593226
  },
  {
    "id": "b129e7e3-42f1-45d7-bf3a-ae3969df2c9a",
    "data": [
      {
        "text": "Quels problèmes attendre avec trinordiol ?",
        "userDefined": false
      }
    ],
    "isTemplate": false,
    "count": 0,
    "updated": 1522593226
  },
  {
    "id": "f495e158-1e70-4a7b-a55b-8c8839c766a5",
    "data": [
      {
        "text": "Est-ce qu\u0027il y a des raisons pour éviter les formes effervescentes ?",
        "userDefined": false
      }
    ],
    "isTemplate": false,
    "count": 0,
    "updated": 1522593226
  },
  {
    "id": "253ae88c-fa58-4ca1-8318-17b2fa413348",
    "data": [
      {
        "text": "avantage vaccin hexyon par rapport à infanrix hexa?",
        "userDefined": false
      }
    ],
    "isTemplate": false,
    "count": 0,
    "updated": 1522593226
  },
  {
    "id": "59f28a0d-b881-4b53-914e-415c959464b0",
    "data": [
      {
        "text": "une  infirmière peut elle faire un vaccin a mon enfant ?",
        "userDefined": false
      }
    ],
    "isTemplate": false,
    "count": 0,
    "updated": 1522593226
  },
  {
    "id": "689955b3-88ee-46a5-a7cc-e63336de8636",
    "data": [
      {
        "text": "Quels sont les effets indésirables pour le pantoprazole ?",
        "userDefined": false
      }
    ],
    "isTemplate": false,
    "count": 0,
    "updated": 1522593226
  }
]