[
  {
    "id": "ee0e3f2d-0250-4f73-801e-caca6a77c5ad",
    "data": [
      {
        "text": "méthotrexate : origine des composants??",
        "userDefined": false
      }
    ],
    "isTemplate": false,
    "count": 0,
    "updated": 1522593226
  },
  {
    "id": "efd24990-9009-4d69-a316-55a5bc4843de",
    "data": [
      {
        "text": "Un pharmacien souhaite connaître l\u0027origine de l\u0027indigotine composant les gélules de Clamoxyl",
        "userDefined": false
      }
    ],
    "isTemplate": false,
    "count": 0,
    "updated": 1522593226
  },
  {
    "id": "9a542db4-96cc-4d91-8781-f9bf0018450a",
    "data": [
      {
        "text": "je suis allergique èa la pénicillineet je voudrais savoir est-ce que c\u0027est vrai que la pénicilline est fait a base d\u0027urine de jument?",
        "userDefined": false
      }
    ],
    "isTemplate": false,
    "count": 0,
    "updated": 1522593226
  },
  {
    "id": "eda8e4f2-e293-4c6a-a922-ce3902035851",
    "data": [
      {
        "text": "Un patient se demande d\u0027où vient le principe actif de Permixon ?",
        "userDefined": false
      }
    ],
    "isTemplate": false,
    "count": 0,
    "updated": 1522593226
  },
  {
    "id": "e229bb7b-86e7-4fc6-8183-935c047a6032",
    "data": [
      {
        "text": "Une patiente souhaite connaître l\u0027origine du Dextran70 présent dans le Vogalène Lyoc et l\u0027Imodium Lyoc",
        "userDefined": false
      }
    ],
    "isTemplate": false,
    "count": 0,
    "updated": 1522593226
  },
  {
    "id": "b7ef1831-3da2-4892-8812-9932d7863ea3",
    "data": [
      {
        "text": "cotareg ? Origine animale des excipients?",
        "userDefined": false
      }
    ],
    "isTemplate": false,
    "count": 0,
    "updated": 1522593226
  },
  {
    "id": "12b70a78-fd58-4980-80f0-022cfdeee74a",
    "data": [
      {
        "text": "prometrium, progesterone naturelle?? vrai?",
        "userDefined": false
      }
    ],
    "isTemplate": false,
    "count": 0,
    "updated": 1522593226
  }
]