[
  {
    "id": "9b0e5bf5-087a-4015-8788-c15fccaf6d95",
    "data": [
      {
        "text": "Y a-t-il une version générique de cycléane 30 ?",
        "userDefined": false
      }
    ],
    "isTemplate": false,
    "count": 0,
    "updated": 1522593226
  },
  {
    "id": "20854284-4b18-44bb-8aab-e0e2a46ff692",
    "data": [
      {
        "text": "générique de jasmine  ?",
        "userDefined": false
      }
    ],
    "isTemplate": false,
    "count": 0,
    "updated": 1522593226
  },
  {
    "id": "3b79a4cf-3df6-4add-88fc-c7478231973d",
    "data": [
      {
        "text": "diane 35 et ses génériques ??",
        "userDefined": false
      }
    ],
    "isTemplate": false,
    "count": 0,
    "updated": 1522593226
  },
  {
    "id": "3d91fa30-380d-401c-ba05-c70fe82e93c4",
    "data": [
      {
        "text": "existe-t-il un générique du médicament inexium 20 mg ??",
        "userDefined": false
      }
    ],
    "isTemplate": false,
    "count": 0,
    "updated": 1522593226
  },
  {
    "id": "d7fef4f2-b6e0-44df-ae27-1e0eb6db3acb",
    "data": [
      {
        "text": "Quel est le générique de deroxat ?",
        "userDefined": false
      }
    ],
    "isTemplate": false,
    "count": 0,
    "updated": 1522593226
  },
  {
    "id": "05631a1f-631a-4096-81eb-798ef3adff9a",
    "data": [
      {
        "text": "colprone : DCI ?",
        "userDefined": false
      }
    ],
    "isTemplate": false,
    "count": 0,
    "updated": 1522593226
  },
  {
    "id": "8b1dac57-0d20-4ca5-8928-5430f24cfa0a",
    "data": [
      {
        "text": "minerva est-il le générique de diane ?",
        "userDefined": false
      }
    ],
    "isTemplate": false,
    "count": 0,
    "updated": 1522593226
  },
  {
    "id": "59f76087-e220-45d5-b91c-8b01f3d59999",
    "data": [
      {
        "text": "ma gyneco m\u0027a prescrit une pilule jasminelle, mais a la pharmacie j\u0027ai demandé le générique de jasminelle car celui ci est moins cher. je voudrais savoir si c\u0027est vraiment la même chose...",
        "userDefined": false
      }
    ],
    "isTemplate": false,
    "count": 0,
    "updated": 1522593226
  },
  {
    "id": "dd055261-d0ec-4464-b73f-d5ed6b468bdd",
    "data": [
      {
        "text": "Quel est le générique du doliprane ?",
        "userDefined": false
      }
    ],
    "isTemplate": false,
    "count": 0,
    "updated": 1522593226
  },
  {
    "id": "181f18dc-4280-4364-a8f4-2da2f3157473",
    "data": [
      {
        "text": "existe t il un medicament generique du propecia ?",
        "userDefined": false
      }
    ],
    "isTemplate": false,
    "count": 0,
    "updated": 1522593226
  },
  {
    "id": "7ee26579-e230-4f1f-95c1-b7b7ac61f2dd",
    "data": [
      {
        "text": "Quel générique pour l\u0027inexium ?",
        "userDefined": false
      }
    ],
    "isTemplate": false,
    "count": 0,
    "updated": 1522593226
  },
  {
    "id": "f52258c0-8496-4c3b-9bbe-35420dd9d782",
    "data": [
      {
        "text": "quelle est la version générique de la depakine?",
        "userDefined": false
      }
    ],
    "isTemplate": false,
    "count": 0,
    "updated": 1522593226
  },
  {
    "id": "e5fd48e3-b82b-47f2-9fc9-660e893a9183",
    "data": [
      {
        "text": "Quel est le générique du taret?",
        "userDefined": false
      }
    ],
    "isTemplate": false,
    "count": 0,
    "updated": 1522593226
  },
  {
    "id": "711337d3-2be0-47bc-8cc5-a82143302cc9",
    "data": [
      {
        "text": "Un pharmacien souhaite savoir si Duoresp Spiromax est le générique de Symbicort Turbuhaler",
        "userDefined": false
      }
    ],
    "isTemplate": false,
    "count": 0,
    "updated": 1522593226
  },
  {
    "id": "84f14ebe-2fdc-4bfe-b944-99265d00b63d",
    "data": [
      {
        "text": "exiiste t il un medicament generique du propecia ?",
        "userDefined": false
      }
    ],
    "isTemplate": false,
    "count": 0,
    "updated": 1522593226
  },
  {
    "id": "b896b3b6-ef2c-46a1-bea7-82523c784020",
    "data": [
      {
        "text": "Est-ce qu\u0027il existe un générique à l\u0027Avodart ?",
        "userDefined": false
      }
    ],
    "isTemplate": false,
    "count": 0,
    "updated": 1522593226
  },
  {
    "id": "ce82af96-bbf8-42e1-a211-421a130647b0",
    "data": [
      {
        "text": "Quel est le générique de l\u0027atarax ?",
        "userDefined": false
      }
    ],
    "isTemplate": false,
    "count": 0,
    "updated": 1522593226
  },
  {
    "id": "35e43520-dd4b-4696-8516-239b3c29247e",
    "data": [
      {
        "text": "Un patient souhaite connaître le nom du générique de Inspra",
        "userDefined": false
      }
    ],
    "isTemplate": false,
    "count": 0,
    "updated": 1522593226
  },
  {
    "id": "5a1c577c-842a-4f92-bfa2-71c64d64672e",
    "data": [
      {
        "text": "Quel est le générique de l\u0027inexium ?",
        "userDefined": false
      }
    ],
    "isTemplate": false,
    "count": 0,
    "updated": 1522593226
  },
  {
    "id": "d209b87a-9270-43ab-aa81-38a2c04527b4",
    "data": [
      {
        "text": "generique cialis  ??",
        "userDefined": false
      }
    ],
    "isTemplate": false,
    "count": 1,
    "updated": 1522593226
  },
  {
    "id": "a5f5a128-0f50-44dd-adce-c5c2c327c42f",
    "data": [
      {
        "text": "generique de deroxat ?",
        "userDefined": false
      }
    ],
    "isTemplate": false,
    "count": 0,
    "updated": 1522593226
  },
  {
    "id": "316c7f3f-9652-4188-bbd2-72e10fdd5093",
    "data": [
      {
        "text": "generique de deroxat  question?",
        "userDefined": false
      }
    ],
    "isTemplate": false,
    "count": 0,
    "updated": 1522593226
  },
  {
    "id": "f0448573-4625-474d-b65f-4759cccf046a",
    "data": [
      {
        "text": "ludéal gé est un générique de diane ?",
        "userDefined": false
      }
    ],
    "isTemplate": false,
    "count": 0,
    "updated": 1522593226
  },
  {
    "id": "c944d9e0-1390-453e-9863-095838c53fc8",
    "data": [
      {
        "text": "quel est le générique du plavix?",
        "userDefined": false
      }
    ],
    "isTemplate": false,
    "count": 0,
    "updated": 1522593226
  },
  {
    "id": "3dea7f39-4057-4046-b6b8-0b1397c3599a",
    "data": [
      {
        "text": "Quels sont les génériques de diane 35 ?",
        "userDefined": false
      }
    ],
    "isTemplate": false,
    "count": 0,
    "updated": 1522593226
  },
  {
    "id": "d67e6380-4ccc-499d-93e7-e281482acb88",
    "data": [
      {
        "text": "mon medecin m\u0027a prescrit du deroxat a la pharmacie on m\u0027a donné le generique est ce la meme chose?",
        "userDefined": false
      }
    ],
    "isTemplate": false,
    "count": 0,
    "updated": 1522593226
  },
  {
    "id": "da99c7a0-0b91-48b8-b297-4c8d1e7c0507",
    "data": [
      {
        "text": "générique du doliprane?",
        "userDefined": false
      }
    ],
    "isTemplate": false,
    "count": 0,
    "updated": 1522593226
  },
  {
    "id": "c1c472d7-2b43-4203-bcbd-212ba2327dc7",
    "data": [
      {
        "text": "advil quel principe actif ?",
        "userDefined": false
      }
    ],
    "isTemplate": false,
    "count": 0,
    "updated": 1522593226
  },
  {
    "id": "28e99e5f-e821-4ad7-a1fc-9cbfa17e194a",
    "data": [
      {
        "text": "est ce que vous savez s\u0027il existe un generique de la pillule cycleane 20?",
        "userDefined": false
      }
    ],
    "isTemplate": false,
    "count": 0,
    "updated": 1522593226
  },
  {
    "id": "07a89fe9-292e-4dd2-aaad-29d0a5e7b6e9",
    "data": [
      {
        "text": "Quel est le générique de mercilon ?",
        "userDefined": false
      }
    ],
    "isTemplate": false,
    "count": 0,
    "updated": 1522593226
  },
  {
    "id": "9a6ec972-e03f-4b21-8082-075c50b1bfa2",
    "data": [
      {
        "text": "exiiste t il un medicament generique du propecia?",
        "userDefined": false
      }
    ],
    "isTemplate": false,
    "count": 0,
    "updated": 1522593226
  },
  {
    "id": "f2fdb2e9-6618-4c21-9c1a-6d27e4ffa36a",
    "data": [
      {
        "text": "je voulais savoir si il y avait un generique de jasmine ?",
        "userDefined": false
      }
    ],
    "isTemplate": false,
    "count": 0,
    "updated": 1522593226
  },
  {
    "id": "14ff58f2-0849-444b-8dd3-9d953bcc9ec6",
    "data": [
      {
        "text": "jasminelle en générique ??",
        "userDefined": false
      }
    ],
    "isTemplate": false,
    "count": 0,
    "updated": 1522593226
  },
  {
    "id": "d863bdd3-116a-40a5-aa40-22cd477e3d3c",
    "data": [
      {
        "text": "Quelle est la DCI du Cymbalta?",
        "userDefined": false
      }
    ],
    "isTemplate": false,
    "count": 0,
    "updated": 1522593226
  },
  {
    "id": "e7b85d9f-5fba-4aba-b6eb-012467103714",
    "data": [
      {
        "text": "deroxat : generique ?",
        "userDefined": false
      }
    ],
    "isTemplate": false,
    "count": 0,
    "updated": 1522593226
  },
  {
    "id": "5ed0bdb0-2941-4dc7-b0a8-b051adbde60d",
    "data": [
      {
        "text": "est ce qu\u0027il existe un générique de jasminelle?",
        "userDefined": false
      }
    ],
    "isTemplate": false,
    "count": 0,
    "updated": 1522593226
  },
  {
    "id": "cf1ba0a5-5253-4dfc-a7c1-1b4cc3e49db1",
    "data": [
      {
        "text": "Quel est le nom du générique de mélodia ?",
        "userDefined": false
      }
    ],
    "isTemplate": false,
    "count": 0,
    "updated": 1522593226
  },
  {
    "id": "d07a584b-3cef-49f0-a149-55e1f73ce013",
    "data": [
      {
        "text": "je prends habituellement minidril mais aujourdhui le pharmacien m\u0027a donné ludéal gé. est ce la même pilule ?",
        "userDefined": false
      }
    ],
    "isTemplate": false,
    "count": 0,
    "updated": 1522593226
  },
  {
    "id": "c5377a05-154d-43c8-94f3-f72eadf74471",
    "data": [
      {
        "text": "version générique de cycléane 30 ?",
        "userDefined": false
      }
    ],
    "isTemplate": false,
    "count": 0,
    "updated": 1522593226
  },
  {
    "id": "6d8861f0-4d4b-4d8b-9403-2b6b7e55dbd6",
    "data": [
      {
        "text": "diane : quel est son générique??",
        "userDefined": false
      }
    ],
    "isTemplate": false,
    "count": 0,
    "updated": 1522593226
  },
  {
    "id": "4ea01c14-de39-4869-a07c-179330c6b824",
    "data": [
      {
        "text": "générique luteran 10 ?",
        "userDefined": false
      }
    ],
    "isTemplate": false,
    "count": 0,
    "updated": 1522593226
  },
  {
    "id": "d4e39fa0-28b3-4a6d-8906-d9d45f85aec0",
    "data": [
      {
        "text": "Générique du doliprane ?",
        "userDefined": false
      }
    ],
    "isTemplate": false,
    "count": 0,
    "updated": 1522593226
  },
  {
    "id": "ca40a417-c259-4ee9-a0f3-de374bc976cb",
    "data": [
      {
        "text": "Quel est le nom de molécule du lysanxia ?",
        "userDefined": false
      }
    ],
    "isTemplate": false,
    "count": 0,
    "updated": 1522593226
  },
  {
    "id": "407d75cd-b2fe-4169-a367-8943cf86599a",
    "data": [
      {
        "text": "dci du dafalgan?",
        "userDefined": false
      }
    ],
    "isTemplate": false,
    "count": 0,
    "updated": 1522593226
  },
  {
    "id": "8f5b4f43-806e-4616-b996-5afa5e6883de",
    "data": [
      {
        "text": "fucidine léo \u003d acide fusidique??",
        "userDefined": false
      }
    ],
    "isTemplate": false,
    "count": 0,
    "updated": 1522593226
  },
  {
    "id": "1ee0a0ca-59ed-406d-9460-20bff0df5540",
    "data": [
      {
        "text": "Quel est le générique de motilium ?",
        "userDefined": false
      }
    ],
    "isTemplate": false,
    "count": 0,
    "updated": 1522593226
  },
  {
    "id": "454394b7-4750-48f3-bf2a-58f1dfe9a794",
    "data": [
      {
        "text": "diosmine : quelle DCI ?",
        "userDefined": false
      }
    ],
    "isTemplate": false,
    "count": 0,
    "updated": 1522593226
  },
  {
    "id": "89b9ca8a-7837-4650-a21d-7166a2c45e7c",
    "data": [
      {
        "text": "leelo gé : quelle DCI ?",
        "userDefined": false
      }
    ],
    "isTemplate": false,
    "count": 0,
    "updated": 1522593226
  },
  {
    "id": "70263881-22aa-4dd8-a44c-5fdb82f2107c",
    "data": [
      {
        "text": "diane 35, génériques ?",
        "userDefined": false
      }
    ],
    "isTemplate": false,
    "count": 0,
    "updated": 1522593226
  }
]