[
  {
    "id": "04ee7286-1678-40c0-be04-a32fbe79ecd7",
    "data": [
      {
        "text": "vaccin Prévenar réchauffé : inefficace ou plus risqué?",
        "userDefined": false
      }
    ],
    "isTemplate": false,
    "count": 0,
    "updated": 1522593226
  },
  {
    "id": "4f640291-3f5e-4700-8ddb-eade1b7400b5",
    "data": [
      {
        "text": "je voulais savoir quel étaient les risques pour l\u0027enfant lorsque le vaccin était mal conservé?",
        "userDefined": false
      }
    ],
    "isTemplate": false,
    "count": 0,
    "updated": 1522593226
  },
  {
    "id": "cc5093b3-018d-4db0-9dbe-7618ea58c79b",
    "data": [
      {
        "text": "J\u0027ai gardé le vaccin ROR 14 heures à température ambiante : peut-on quand même le faire ?",
        "userDefined": false
      }
    ],
    "isTemplate": false,
    "count": 0,
    "updated": 1522593226
  },
  {
    "id": "8c403584-5c40-45df-983d-5fc39dda91da",
    "data": [
      {
        "text": "Une pharmacienne souhaite savoir si elle peut utiliser le Xolair qui était conservé dans un frigo qui est monté à 12°C pendant au maximum 12 heures ?",
        "userDefined": false
      }
    ],
    "isTemplate": false,
    "count": 0,
    "updated": 1522593226
  },
  {
    "id": "a7e8adde-ac8f-4c7c-8f7c-dd05cb50650b",
    "data": [
      {
        "text": "Mon vaccin contre la fièvre jaune est resté 2 jours hors du frigo, est-i toujours utilisable ?",
        "userDefined": false
      }
    ],
    "isTemplate": false,
    "count": 0,
    "updated": 1522593226
  },
  {
    "id": "d7f906c7-2b74-4e7b-9962-18530cf2f7f4",
    "data": [
      {
        "text": "rotateq prevenar pentavac périmés ? le fait d\u0027avoir passé 20 heures à température ambiante rend-il les vaccins inutilisables?",
        "userDefined": false
      }
    ],
    "isTemplate": false,
    "count": 0,
    "updated": 1522593226
  },
  {
    "id": "bf51cfe2-ece3-4a36-821d-b29b4b4f4b45",
    "data": [
      {
        "text": "Mon réfrigérateur est tombé en panne une nuit entière avec Copaxone à l\u0027intérieur et la température maximale atteinte a été de 15°C. Puis-je encore l\u0027utiliser ?",
        "userDefined": false
      }
    ],
    "isTemplate": false,
    "count": 0,
    "updated": 1522593226
  },
  {
    "id": "b7b4da5f-bcfc-4499-a1ab-3cbb8dea6bcd",
    "data": [
      {
        "text": "mon fils est sous pediazole. je viens de m\u0027aperçevoir qu\u0027une fois ouvert il faut le conserver au frigo. quel est le risque de le laisser à température ambiante ?",
        "userDefined": false
      }
    ],
    "isTemplate": false,
    "count": 0,
    "updated": 1522593226
  },
  {
    "id": "6418868e-2035-484c-9d42-faf2db03519a",
    "data": [
      {
        "text": "Peut-on encore utiliser Lantus après 2 jours hors du réfrigérateur ?",
        "userDefined": false
      }
    ],
    "isTemplate": false,
    "count": 0,
    "updated": 1522593226
  },
  {
    "id": "52759636-3401-4df8-8cde-f0c98dda747b",
    "data": [
      {
        "text": "combien de temps peut-on conserver Vaxigrip hors du réfrigérateur?",
        "userDefined": false
      }
    ],
    "isTemplate": false,
    "count": 0,
    "updated": 1522593226
  },
  {
    "id": "01d8350c-657b-41d5-9e4c-fd4a5bc731ec",
    "data": [
      {
        "text": "j\u0027ai acheté un vaccin gardasil vendredi. je l\u0027ai immédiatement mis au frais mais hier, je me suis rendue compte que qu\u0027il y a eu un problème de fonctionnement et la température était de 14°c. cela pose t-il un problème, faut-il jeter ce vaccin et en racheter un nouveau?",
        "userDefined": false
      }
    ],
    "isTemplate": false,
    "count": 0,
    "updated": 1522593226
  },
  {
    "id": "7db8214d-741c-4f24-a8fb-686b6ae1e1af",
    "data": [
      {
        "text": "conservation à température ambiante antibio micycline contre l\u0027acné?",
        "userDefined": false
      }
    ],
    "isTemplate": false,
    "count": 0,
    "updated": 1522593226
  },
  {
    "id": "64ff55cc-5be9-4811-9cdd-8e148b4fc332",
    "data": [
      {
        "text": "j\u0027ai mis le vaccin prévenar et infranrix dans mon frigo qui est 10 degrés, quels sont les risques?",
        "userDefined": false
      }
    ],
    "isTemplate": false,
    "count": 0,
    "updated": 1522593226
  },
  {
    "id": "c4012eee-9589-4411-b6eb-4749f07498f9",
    "data": [
      {
        "text": "j\u0027ai acheter le vaccin infanrixquinta et je n\u0027ai pu le remettre au frigo qu\u0027environ 1h apres. y a t\u0027il des risques pour mon bébé lors de sa future vaccination ?",
        "userDefined": false
      }
    ],
    "isTemplate": false,
    "count": 0,
    "updated": 1522593226
  },
  {
    "id": "5c3ab7fe-b6ea-47ad-bb2f-94da50effb04",
    "data": [
      {
        "text": "vaccin réchauffé toujours efficace ou plus risqué ?",
        "userDefined": false
      }
    ],
    "isTemplate": false,
    "count": 0,
    "updated": 1522593226
  }
]