[
  {
    "id": "01ae6ae8-a324-4594-ad68-a1ed876951d4",
    "data": [
      {
        "text": "comment prendre la teinture mere?",
        "userDefined": false
      }
    ],
    "isTemplate": false,
    "count": 0,
    "updated": 1522593226
  },
  {
    "id": "558daa17-965d-43a1-9959-4463d2b42cd5",
    "data": [
      {
        "text": "savez vous si il est possible de faire l\u0027injection du vaccin ailleurs que dans le bras ?",
        "userDefined": false
      }
    ],
    "isTemplate": false,
    "count": 0,
    "updated": 1522593226
  },
  {
    "id": "8900d1b4-0c5c-4428-82a2-24c640f8f224",
    "data": [
      {
        "text": "peut on avaler le subutex au lieu de le faire fondre sous la langue?",
        "userDefined": false
      }
    ],
    "isTemplate": false,
    "count": 1,
    "updated": 1522593226
  },
  {
    "id": "bbf24914-90e6-4491-8804-7f4d27487778",
    "data": [
      {
        "text": "savez-vous si il y a un autre moyen qu\u0027avec un sucre de prendre l\u0027huile essentielle d\u0027estragon ?",
        "userDefined": false
      }
    ],
    "isTemplate": false,
    "count": 0,
    "updated": 1522593226
  },
  {
    "id": "42997156-d861-4b83-ac1f-68ee90b5f0aa",
    "data": [
      {
        "text": "vaccins dtp - où piquer ?",
        "userDefined": false
      }
    ],
    "isTemplate": false,
    "count": 0,
    "updated": 1522593226
  },
  {
    "id": "1138370c-1fb2-41e5-8116-f83a70a1bdfa",
    "data": [
      {
        "text": "Pour l\u0027administration de 50 gouttes de betaméthasone en solution buvable chez le nourrisson de 5 mois, est-il possible de les mélanger avec du lait ou de l\u0027eau dans un biberon? Le nourrisson ne tolère pas le goût et les recrache systématiquement.",
        "userDefined": false
      }
    ],
    "isTemplate": false,
    "count": 0,
    "updated": 1522593226
  },
  {
    "id": "653f5439-b3bd-4c95-8dfc-d6338498b953",
    "data": [
      {
        "text": "avez vous des conseils sur la maniere de pratiquer l injection du vaccin pour la grippe ?",
        "userDefined": false
      }
    ],
    "isTemplate": false,
    "count": 0,
    "updated": 1522593226
  },
  {
    "id": "9f05e6fa-ed1b-4209-9253-2a61a5fdd24e",
    "data": [
      {
        "text": "on m\u0027a donné lutran, comment fait on pour le prendre?",
        "userDefined": false
      }
    ],
    "isTemplate": false,
    "count": 0,
    "updated": 1522593226
  },
  {
    "id": "3c0702a9-6651-4e22-914f-a5df7847a6bf",
    "data": [
      {
        "text": "peut on avaler le subutex au lieu de sublingual??",
        "userDefined": false
      }
    ],
    "isTemplate": false,
    "count": 0,
    "updated": 1522593226
  },
  {
    "id": "0fa3ddba-397a-4e5b-8821-d5ccd0618ed4",
    "data": [
      {
        "text": "smecta par voie rectal??,",
        "userDefined": false
      }
    ],
    "isTemplate": false,
    "count": 0,
    "updated": 1522593226
  },
  {
    "id": "61b8c0a3-8e15-4f87-83d2-0151f056e9c6",
    "data": [
      {
        "text": "Ça m\u0027arrive de conseiller des huiles essentielles dans une cuillère de sirop pour la toux par exemple, est-ce possible avec un sirop homéopathique ?",
        "userDefined": false
      }
    ],
    "isTemplate": false,
    "count": 0,
    "updated": 1522593226
  },
  {
    "id": "3b5862d7-a93a-4ede-b0ce-e58f415706f1",
    "data": [
      {
        "text": "comment se prends cerazette?",
        "userDefined": false
      }
    ],
    "isTemplate": false,
    "count": 0,
    "updated": 1522593226
  },
  {
    "id": "04e66002-c390-46ad-8b57-3e367af46bf9",
    "data": [
      {
        "text": "Comment prendre la teinture mère ?",
        "userDefined": false
      }
    ],
    "isTemplate": false,
    "count": 0,
    "updated": 1522593226
  },
  {
    "id": "a0608d93-b434-4dd2-b9d7-1af1d88209e3",
    "data": [
      {
        "text": "nuvaring mise en place ??",
        "userDefined": false
      }
    ],
    "isTemplate": false,
    "count": 0,
    "updated": 1522593226
  },
  {
    "id": "d3f57563-bfbe-4a23-a66d-5585929c7ea5",
    "data": [
      {
        "text": "Un gynécologue souhaite savoir si les doses prescrites d\u0027Estreva gel 0,1% doivent être appliquées de manière consécutive ou réparties sur la journée ?",
        "userDefined": false
      }
    ],
    "isTemplate": false,
    "count": 0,
    "updated": 1522593226
  },
  {
    "id": "25dff37e-730a-4792-8e1f-f427e44cf004",
    "data": [
      {
        "text": "j\u0027ai un traitement tetralysal 300 (gélules) donc j\u0027aimerais savoir si ce médicament ferai quand même effet si je l\u0027ouvre et que je mets la poudre dans l\u0027eau pour ensuite l\u0027avaler ?",
        "userDefined": false
      }
    ],
    "isTemplate": false,
    "count": 0,
    "updated": 1522593226
  },
  {
    "id": "616f9050-e263-4be1-b475-83a2f029cb3b",
    "data": [
      {
        "text": "pouvez vous me dire si prendre le kardégic 160 avec un peu de lait  est aussi éfficace que le pre,dre avec de l \u0027eau?",
        "userDefined": false
      }
    ],
    "isTemplate": false,
    "count": 0,
    "updated": 1522593226
  },
  {
    "id": "8fc40081-72f7-42e0-a9f6-263edbac22fa",
    "data": [
      {
        "text": "je souhaiterais me vacciner contre la grippe et je me demandais s\u0027il était possible de se faire l\u0027injection soit même. par ailleurs, l\u0027injection se fait pour ce vaccin dans le deltoïde, c\u0027est bien cela ?",
        "userDefined": false
      }
    ],
    "isTemplate": false,
    "count": 0,
    "updated": 1522593226
  },
  {
    "id": "5416dcfe-6119-410a-a062-267bebc1a94b",
    "data": [
      {
        "text": "bonjour je me demandais quelle était la meilleure solution pour adminsitrer de l\u0027homéopathie à un bébé. juste avant ses vaccins, je lui ao donné du thuya 9ch que j\u0027ai dilué dans de l\u0027eau. il s\u0027agissait d\u0027une dosette. mais lorsqu\u0027il s\u0027agit de 3 granules par exemple faut-il procéder différemment ? d\u0027autres part, est-ce que vous pratiquez couramment l\u0027homéoapthie avec bébé. je pensais l\u0027utiliser lors des poussées de dent. merci",
        "userDefined": false
      }
    ],
    "isTemplate": false,
    "count": 0,
    "updated": 1522593226
  },
  {
    "id": "36816e9a-d5cb-4146-8bb8-39cb5e2a1598",
    "data": [
      {
        "text": "Les injections de Plegridy se font-elles par voie intra-musculaire?",
        "userDefined": false
      }
    ],
    "isTemplate": false,
    "count": 0,
    "updated": 1522593226
  },
  {
    "id": "94202bd6-4c0c-4de1-8f6f-3abc2633489e",
    "data": [
      {
        "text": "Comment administrer de l’Acupan per os  à un diabétique ?",
        "userDefined": false
      }
    ],
    "isTemplate": false,
    "count": 0,
    "updated": 1522593226
  },
  {
    "id": "2131759a-e463-4dd0-855b-70a25f88c9da",
    "data": [
      {
        "text": "je voudrais savoir si lamisilate monodose pouvait s\u0027appliquer sur la tête.",
        "userDefined": false
      }
    ],
    "isTemplate": false,
    "count": 0,
    "updated": 1522593226
  },
  {
    "id": "b37c23db-4059-49f2-af90-e44845a63c9d",
    "data": [
      {
        "text": "est ce que je peux prendre le rosmarinus officinalis et tilia tomentosa en meme temps?",
        "userDefined": false
      }
    ],
    "isTemplate": false,
    "count": 0,
    "updated": 1522593226
  },
  {
    "id": "6a821959-1aeb-43a2-8c6e-627c208c233e",
    "data": [
      {
        "text": "Prescription par un médecin généraliste de corticoïdes topique (daivobet pde) le soir sur tout le visage pendant 1mois, c’est fréquent comme prescription ?",
        "userDefined": false
      }
    ],
    "isTemplate": false,
    "count": 0,
    "updated": 1522593226
  },
  {
    "id": "86076678-e832-4b0d-811b-f62890dba28e",
    "data": [
      {
        "text": "comment prenez vous progestérone?",
        "userDefined": false
      }
    ],
    "isTemplate": false,
    "count": 0,
    "updated": 1522593226
  },
  {
    "id": "6a04ba10-bd54-43f4-9cf6-cefc4c749b7d",
    "data": [
      {
        "text": "j\u0027aimerai savoir le mode d\u0027application du lamisil 1% sur la verge. faut-il l\u0027appliquer directement sur le gland ?",
        "userDefined": false
      }
    ],
    "isTemplate": false,
    "count": 0,
    "updated": 1522593226
  },
  {
    "id": "dd5c6198-cd67-43b4-a4e3-41bd0b265f9f",
    "data": [
      {
        "text": "Est il possible d\u0027administrer smecta par voie rectale ?",
        "userDefined": false
      }
    ],
    "isTemplate": false,
    "count": 0,
    "updated": 1522593226
  },
  {
    "id": "b0908da8-da62-45af-8e23-c88cffd6f764",
    "data": [
      {
        "text": "on pense que notre petit garçon fait ses dents et il se réveille la nuit en pleurant de douleur. il semble que les granules de chamomilla soient le plus indiquées.Quel en est le mode d\u0027administration ?",
        "userDefined": false
      }
    ],
    "isTemplate": false,
    "count": 0,
    "updated": 1522593226
  },
  {
    "id": "c3f8cedf-44bc-4ffc-9566-4a07e84195a1",
    "data": [
      {
        "text": "Gel lubrifiant mode d\u0027emploi ?",
        "userDefined": false
      }
    ],
    "isTemplate": false,
    "count": 0,
    "updated": 1522593226
  },
  {
    "id": "d2219e44-11c0-49f7-b9ea-1c81fcfba2d4",
    "data": [
      {
        "text": "Une pharmacienne hospitalière souhaiterai avoir confirmation que le comprimé d\u0027Effentora peut aussi se prendre sous la langue, ce qu\u0027elle a lu dans le Vidal",
        "userDefined": false
      }
    ],
    "isTemplate": false,
    "count": 0,
    "updated": 1522593226
  },
  {
    "id": "7b02fe34-57f1-4368-9de5-095e0ae40325",
    "data": [
      {
        "text": "Un bébé de 10 mois doit prendre de l\u0027Orelox (générique ) mais il ne tolère pas le goût et revomit tout le repas en moins de 2 min. Avez-vous des astuces ou conseils pour aider à le prendre ou une alternative ?",
        "userDefined": false
      }
    ],
    "isTemplate": false,
    "count": 0,
    "updated": 1522593226
  },
  {
    "id": "58f3b4e5-0255-45cd-8efc-ead82b30f47b",
    "data": [
      {
        "text": "la teinture mere se prend avec de l\u0027eau chaude ou froide?",
        "userDefined": false
      }
    ],
    "isTemplate": false,
    "count": 0,
    "updated": 1522593226
  },
  {
    "id": "be28c47a-3b3e-4486-849f-5c8bee9d4c7f",
    "data": [
      {
        "text": "Comment donner à des enfants autistes du Circadin ?",
        "userDefined": false
      }
    ],
    "isTemplate": false,
    "count": 0,
    "updated": 1522593226
  },
  {
    "id": "b15053e8-7169-42b2-9603-09093be33131",
    "data": [
      {
        "text": "j\u0027aimerais savoir si le fait d\u0027avaler un comprimé de propécia avec un peu d\u0027eau tiède change l\u0027effet du médicament, ou plutot s\u0027il le rend moins performant ou provoque un \"je ne sais quoi\" qui va rendre l\u0027organisme moins receptif au produit les prises suivantes..",
        "userDefined": false
      }
    ],
    "isTemplate": false,
    "count": 0,
    "updated": 1522593226
  },
  {
    "id": "dd65e63e-07c7-41ca-bd77-cd28ab83fc8f",
    "data": [
      {
        "text": "Mon médecin m\u0027as prescrit Normacol granulés enrobés en sachet pour traiter ma constipation mais les granulés ne se dissolvent pas dans un verre d\u0027eau, comment doit-on faire ?",
        "userDefined": false
      }
    ],
    "isTemplate": false,
    "count": 0,
    "updated": 1522593226
  },
  {
    "id": "1123b917-c6b5-4035-b78f-0a88260b2583",
    "data": [
      {
        "text": "ma mère ma passé une creme \"cetavlon\" où l\u0027appliquer ?",
        "userDefined": false
      }
    ],
    "isTemplate": false,
    "count": 0,
    "updated": 1522593226
  },
  {
    "id": "f6567eaf-fe78-49da-97e8-474f95e817c7",
    "data": [
      {
        "text": "L\u0027héparine standard s\u0027administre-t-elle par voie buccale ?",
        "userDefined": false
      }
    ],
    "isTemplate": false,
    "count": 0,
    "updated": 1522593226
  },
  {
    "id": "947606a6-cce2-4128-a8b6-249f0bcf9a86",
    "data": [
      {
        "text": "Comment mettre une éponge pharmatex ?",
        "userDefined": false
      }
    ],
    "isTemplate": false,
    "count": 0,
    "updated": 1522593226
  },
  {
    "id": "e8eee9bb-8aaa-4212-89e4-99a28a045bd6",
    "data": [
      {
        "text": "je trouve l\u0027idée de nuvaring super intéressante et simple mais je me demande comment je pourrais le mettre correctement ?",
        "userDefined": false
      }
    ],
    "isTemplate": false,
    "count": 0,
    "updated": 1522593226
  },
  {
    "id": "87145c6a-aad2-46dc-99bd-1edfd8bcc43b",
    "data": [
      {
        "text": "Comment prendre 50mg de zinc?",
        "userDefined": false
      }
    ],
    "isTemplate": false,
    "count": 0,
    "updated": 1522593226
  },
  {
    "id": "9570d448-779a-4d5b-b536-a3869e3f055a",
    "data": [
      {
        "text": "Comment se prennent les ampoules de vitamine d d-cure ?",
        "userDefined": false
      }
    ],
    "isTemplate": false,
    "count": 0,
    "updated": 1522593226
  },
  {
    "id": "8fbc0390-c10b-485d-a14d-e6dadaeedf12",
    "data": [
      {
        "text": "Fraxiparine : comment l\u0027administrer?",
        "userDefined": false
      }
    ],
    "isTemplate": false,
    "count": 0,
    "updated": 1522593226
  },
  {
    "id": "99e7b013-a425-4599-a196-156cbaf42afe",
    "data": [
      {
        "text": "je lis que \"calendula officinalis\" se prend que par voie cutanée. pensez-vous que je n\u0027ai aucun risque à le prendre dilué dans un verre d\u0027eau ?",
        "userDefined": false
      }
    ],
    "isTemplate": false,
    "count": 0,
    "updated": 1522593226
  },
  {
    "id": "f673dc4a-514a-4000-bafd-5a0414cbe81a",
    "data": [
      {
        "text": "C’est possible de donner  Spotof ampoule en application locale ?",
        "userDefined": false
      }
    ],
    "isTemplate": false,
    "count": 0,
    "updated": 1522593226
  },
  {
    "id": "f51ef2de-1c74-443b-abd2-d73663a69c52",
    "data": [
      {
        "text": "je voudrais mettre un stérilet de cuivre je voudrais savoir comment se déroule la pose ?",
        "userDefined": false
      }
    ],
    "isTemplate": false,
    "count": 0,
    "updated": 1522593226
  },
  {
    "id": "39150717-785e-4fe5-b275-65142715b481",
    "data": [
      {
        "text": "mon doc m\u0027a prescrit rivotril 8 gouttes avant le coucher. mais je ne sais pas comment le prendre ? à la cuiller ? avec un peu d\u0027eau ? hier j\u0027ai voulu le prendre et ca m\u0027a brulé les lèvres, c normal ? et en plus j\u0027ai ressenti aucun effet",
        "userDefined": false
      }
    ],
    "isTemplate": false,
    "count": 0,
    "updated": 1522593226
  },
  {
    "id": "e6e7be97-48c8-4ac6-8aed-8df1b76b89a3",
    "data": [
      {
        "text": "Comment se passe la pose d\u0027un stérilet en cuivre ?",
        "userDefined": false
      }
    ],
    "isTemplate": false,
    "count": 0,
    "updated": 1522593226
  },
  {
    "id": "718f6e02-ad9d-4f14-bd3a-0accddac7d9a",
    "data": [
      {
        "text": "Mon médecin vient de me prescrire Trinordiol et je n\u0027ai jamais été sous traitement contraceptif avant, quand dois-je le commencer ?",
        "userDefined": false
      }
    ],
    "isTemplate": false,
    "count": 0,
    "updated": 1522593226
  },
  {
    "id": "66f6f047-7a74-4383-bb16-ecbf1a52f129",
    "data": [
      {
        "text": "comment administrer des microgranules de mopral a mon enfant de 2 mois (les gelules ont ete preparées a 5 mg) elles ne fondent pas dans l\u0027eau ou le bib?",
        "userDefined": false
      }
    ],
    "isTemplate": false,
    "count": 0,
    "updated": 1522593226
  }
]