[
  {
    "id": "12f55c1d-4db5-42e4-adab-71b4944c23cc",
    "data": [
      {
        "text": "oubli de pilule microval + relation le soir de l\u0027oubli ?",
        "userDefined": false
      }
    ],
    "isTemplate": false,
    "count": 0,
    "updated": 1522593570
  },
  {
    "id": "c369ba75-8e91-42a7-9683-da9f603e4d82",
    "data": [
      {
        "text": "je prend depuis 1 an la pillule ludeal gé à 9h30 du matin mais ce matin j\u0027ai oublié de prendre ma pillule et je viens de la prendre dc en catastrophe à 21h41, y a t il un quelconque risque ?",
        "userDefined": false
      }
    ],
    "isTemplate": false,
    "count": 0,
    "updated": 1522593570
  },
  {
    "id": "382af4a1-7ada-4508-887c-dd3d16877b8c",
    "data": [
      {
        "text": "oubli androcur, conseils?",
        "userDefined": false
      }
    ],
    "isTemplate": false,
    "count": 1,
    "updated": 1522593570
  },
  {
    "id": "74b54020-41cd-4c33-99b4-923d1613bfdc",
    "data": [
      {
        "text": "Que faire si j\u0027ai oublié daily gé un soir ?",
        "userDefined": false
      }
    ],
    "isTemplate": false,
    "count": 0,
    "updated": 1522593570
  },
  {
    "id": "55b71162-c5cc-4277-89c3-15d48f0eb660",
    "data": [
      {
        "text": "je reprends varnoline et j\u0027ai eu un oubli. pourriez vous m\u0027aider si vous avez été dans une tel situation ?",
        "userDefined": false
      }
    ],
    "isTemplate": false,
    "count": 0,
    "updated": 1522593570
  },
  {
    "id": "63366a4e-564e-4f1e-a24d-da981b676840",
    "data": [
      {
        "text": "je prend minidrill et j\u0027ai due oublier un comprimer et je ne l\u0027ai pa repris. je voulais savoir si j\u0027aret le mardi comme d\u0027habitude ou si je prend ts les comprimes ?",
        "userDefined": false
      }
    ],
    "isTemplate": false,
    "count": 0,
    "updated": 1522593570
  },
  {
    "id": "2191e66c-f872-4f7d-885b-8771a2ee391b",
    "data": [
      {
        "text": "j\u0027était en semaine d\u0027arret, et j\u0027ai oublié de recommencer une plaquette. je suppose que je vais devoir attendre les prochaines règles pour recommencer une plaquette. ca peut prendre du temps non?",
        "userDefined": false
      }
    ],
    "isTemplate": false,
    "count": 0,
    "updated": 1522593570
  },
  {
    "id": "0b2b1012-1fa9-4f01-ab5d-a9798ca93042",
    "data": [
      {
        "text": "oublie 2 pilules durant la deuxième semaines, que faire ?",
        "userDefined": false
      }
    ],
    "isTemplate": false,
    "count": 1,
    "updated": 1522593570
  },
  {
    "id": "31734691-86e2-4f70-aade-e39c353c9599",
    "data": [
      {
        "text": "2 jours d\u0027oublis de diane . a partir de quand je suis protégée?",
        "userDefined": false
      }
    ],
    "isTemplate": false,
    "count": 0,
    "updated": 1522593570
  },
  {
    "id": "62206925-0d3c-4196-9b74-95cd7081f004",
    "data": [
      {
        "text": "hier soir je me suis rendue compte que j\u0027avais oublié ma pilule de la veille. comme on ma conseillé de ne jamais prendre 2 pilules je n\u0027en ai pris qu\u0027une.  ma notice indique de prendre le comprimé oublié : que dois je faire? puisje la prendre dans la journée d\u0027aujourdui ?",
        "userDefined": false
      }
    ],
    "isTemplate": false,
    "count": 0,
    "updated": 1522593570
  },
  {
    "id": "737ee9ef-7e4d-4353-b512-8029096ae39d",
    "data": [
      {
        "text": "J\u0027ai oublié ma cerazette 2 jours de suite. Dois-je attendre la fin de mon cycle avant de recommencer ?",
        "userDefined": false
      }
    ],
    "isTemplate": false,
    "count": 0,
    "updated": 1522593570
  },
  {
    "id": "f1c54e0d-95fb-4150-8141-c89401b52b0f",
    "data": [
      {
        "text": "je prends cerrazette et je l\u0027ai oublié pour la première fois cette semaine, je l\u0027ai reprise 24 h après. dois-je me protéger ?",
        "userDefined": false
      }
    ],
    "isTemplate": false,
    "count": 0,
    "updated": 1522593570
  },
  {
    "id": "1f40bfd9-b873-413e-a995-7454231db011",
    "data": [
      {
        "text": "bonsoir, je vous explique mon souci. j\u0027ai oubli ma pilule (leeloo gé) pendant 2 jours de suite. je n\u0027ai pas eu de rapports durant ces 2 jours d\u0027oubli, et les rapports suivants mon copain a mis un préservatif. j\u0027ai continué ma plaquette jusqu\u0027à la fin (il me restait 6 jours). ma question est de savoir si je doit enchaîner avec la plaquette suivante ou bien faire ma pause de 7 jours? de plus j\u0027ai quelques pertes brunes depuis aujourd\u0027hui.",
        "userDefined": false
      }
    ],
    "isTemplate": false,
    "count": 0,
    "updated": 1522593570
  },
  {
    "id": "b18c0521-86bd-441f-82ed-189aeed52e88",
    "data": [
      {
        "text": "J\u0027ai oublié ma pilule leeloo et j\u0027ai eu un rapport sexuel non protégé, que dois-je faire ?",
        "userDefined": false
      }
    ],
    "isTemplate": false,
    "count": 0,
    "updated": 1522593570
  },
  {
    "id": "40763d4d-5659-42af-ab9b-6bab6176ec08",
    "data": [
      {
        "text": "j\u0027ai oublié de prendre ma pilule perléne hier et je viens juste de le prendre, cet oubli fait parti de la première semaine de ma plaquette, je n\u0027ai p as eu de rapports durant cette première semaine précédant l\u0027oubli. Que dois je faire?",
        "userDefined": false
      }
    ],
    "isTemplate": false,
    "count": 0,
    "updated": 1522593570
  },
  {
    "id": "01e3704f-b134-4916-b184-146a42b89895",
    "data": [
      {
        "text": "je prends la pilule leeloo ge. j\u0027ai voulu prolonger ma pilule d\u0027une semaine pour décaler mes règles. nous sommes samedi ma semaine en plus (donc 4ème) se termine demain. sauf que j\u0027ai \"oublié\" de prendre ma pilule hier vendredi et ne m\u0027en suis apercue seulement après la prise du samedi.. que dois-je faire ?",
        "userDefined": false
      }
    ],
    "isTemplate": false,
    "count": 0,
    "updated": 1522593570
  },
  {
    "id": "50521e82-5d00-4d7f-8631-008ffbf1f30a",
    "data": [
      {
        "text": "j\u0027ai oublié de prendre la dernière pilule de ma plaquette. je m\u0027en suis rendue compte plus de 12 heures après et je ne l\u0027ai donc pas prise. et je n\u0027ai pas enchainé avec la plaquette suivante.. je ne sais pas quand reprendre ma pilules ?",
        "userDefined": false
      }
    ],
    "isTemplate": false,
    "count": 0,
    "updated": 1522593570
  },
  {
    "id": "2d918412-b529-4c72-abdd-561ad3eec574",
    "data": [
      {
        "text": "j\u0027ai pris le premier comprimé de ma plaquette (daily ge) mais je nai pas pu prendre les 3 suivants. que faire maintenant?",
        "userDefined": false
      }
    ],
    "isTemplate": false,
    "count": 0,
    "updated": 1522593570
  },
  {
    "id": "d796cfbb-21f9-4e5b-bfa4-3a7053a39d57",
    "data": [
      {
        "text": "je prend harmonet comme pillule. j\u0027ai 14h30 environ de retard. je suis en fin de plaquette. sur la notice ils disent que ds le cas de fin de plaquette, il faut enchainer avec une autre plaquette directement. Suis je encore protégée?",
        "userDefined": false
      }
    ],
    "isTemplate": false,
    "count": 0,
    "updated": 1522593570
  },
  {
    "id": "65c52339-d748-481a-a1d0-cb4f7efd776a",
    "data": [
      {
        "text": "j\u0027ai un problème je n\u0027ai pas dormi chez moi et j\u0027ai oublié ma plaquette de pillule (jasminelle). a la place j\u0027ai retrouvé une ancienne plaquette (diane 35) et j\u0027ai pris la pillule manquante. que faire? dois je continuer la fin de jesminelle jusqu\u0027a la fin du mois ou alors dois je prendre la pillule du lendemain parcequ\u0027il y a un risque quand meme?",
        "userDefined": false
      }
    ],
    "isTemplate": false,
    "count": 0,
    "updated": 1522593570
  },
  {
    "id": "5b225b9a-aa33-41e5-8fdc-a4e6ff8ce0cf",
    "data": [
      {
        "text": "je prend trinordiol et jai oublié de prendre mon comprimé hier (comprimé de la seconde couleur) dois-je en prendre 2 d\u0027un coup?",
        "userDefined": false
      }
    ],
    "isTemplate": false,
    "count": 0,
    "updated": 1522593570
  },
  {
    "id": "07ad536e-b719-42ca-93eb-7b5ff20514ef",
    "data": [
      {
        "text": "j\u0027ai oublié ma pilulle jeudi soir, donc j\u0027en ai prit 2 vendredi. aujourd\u0027hui samedi j\u0027ai des saignement alors que m\u0027a plaquette se termine vendredi prochain !! Que faire?",
        "userDefined": false
      }
    ],
    "isTemplate": false,
    "count": 0,
    "updated": 1522593570
  },
  {
    "id": "9ae4813e-af6e-4660-997a-1c9319474e50",
    "data": [
      {
        "text": "bonjour, j\u0027ai dormi il y a deux jours chez mon copain, et nous avons eu plusieurs rapports non protégés. ce soir je ne dors pas chez moi et j\u0027ai oublié ma pilule, puis- je prendre celle d\u0027une amie qui prend optilova alors que je prends leelo gé? que faire si non ?",
        "userDefined": false
      }
    ],
    "isTemplate": false,
    "count": 0,
    "updated": 1522593570
  },
  {
    "id": "53517f2e-3cc9-4497-a39e-e74c20f6b1e7",
    "data": [
      {
        "text": "j\u0027ai eu un rapport non protégé vendredi, j\u0027ai oublié de prendre la pilule ce vendredi la et le samedi, donc 2 oubli. Mais dimanche matin j\u0027ai pris les 2 pilules que j\u0027avais oublié. Est ce qu\u0027il y a un risque de grossesse?",
        "userDefined": false
      }
    ],
    "isTemplate": false,
    "count": 0,
    "updated": 1522593570
  },
  {
    "id": "76c15ecc-c2fd-466c-b5ab-f8c71933aa92",
    "data": [
      {
        "text": "bonjour, j\u0027ai arrêtée ma pilule adepal car elle ne me convenait pas , dans le but de changer de pilule. je l\u0027ai arrêter 1 semaines avant la fin et quelques jours avant cette arrêt j\u0027ai commencée à avoir des pertes style blanc d\u0027œuf , or je n\u0027en avais jamais eu sous pilule. de plus je n\u0027ai pas encore mes règles 4j apres l\u0027arrêt puis-je reprendre quand même ma nouvelle pilule ?",
        "userDefined": false
      }
    ],
    "isTemplate": false,
    "count": 0,
    "updated": 1522593570
  },
  {
    "id": "468cf6aa-25fd-4ce1-ba6e-33f52395f8b9",
    "data": [
      {
        "text": "je suis sous jasmine, j\u0027ai eu un oubli de pilule le 4ème jour, je l\u0027ai reprise le lendemain, et un autre oubli le 8ème jour, encore rattrappé le lendemain. seulement j\u0027ai eu un rapport non protégé le 12ème jour (4jours après la reprise de la pilule). est ce que je dois continuer ma pilule comme si de rien n\u0027était, et avoir des rapports sans préservatifs après les 7jours après la reprise de la pilule? ou dois je attendre la fin des saignements provoqués par norlevo et reprendre ma pilule dès le début comme j\u0027ai lu dans un site?",
        "userDefined": false
      }
    ],
    "isTemplate": false,
    "count": 0,
    "updated": 1522593570
  },
  {
    "id": "163194b7-d62a-4bde-9d2c-5a38e1c68832",
    "data": [
      {
        "text": "je prend la pilule trinordiol. j\u0027ai oublier de prendre mon premier cachet de ma plaquette ! est ce que je peux avoir des rapport non protegé avec mon copain?? et est ce que la prochaine fois je pourrai reprendre ma premiere pilule le lundi comme avant, ou il va falloir que je continu a la prendre le mardi?",
        "userDefined": false
      }
    ],
    "isTemplate": false,
    "count": 0,
    "updated": 1522593570
  },
  {
    "id": "4bc85d12-c60d-4889-a822-0c46583debb0",
    "data": [
      {
        "text": "bonjour, voila je prends nuvaring comme moyens de contraception depuis environ 1 an, et aujourd\u0027hui je devais le remettre ce matin et j\u0027ai complétement oublié du coup que dois-je faire? merci",
        "userDefined": false
      }
    ],
    "isTemplate": false,
    "count": 0,
    "updated": 1522593570
  },
  {
    "id": "b8019d29-d122-492d-b5d7-7de8fd358fab",
    "data": [
      {
        "text": "bonjour g une amie qui prend melodia et qui a oublié de prendre sa pilule.  son copain et elle n utilisent plus de preservatif. a t elle un risque d etre enceinte ? que doit elle faire ? merci pour vos reponses",
        "userDefined": false
      }
    ],
    "isTemplate": false,
    "count": 0,
    "updated": 1522593570
  },
  {
    "id": "f487cf3a-3e9c-49e0-96fe-f473a40c155c",
    "data": [
      {
        "text": "J\u0027ai oublié de prendre holgyome, dois je prendre 2 pillules consécutives?",
        "userDefined": false
      }
    ],
    "isTemplate": false,
    "count": 0,
    "updated": 1522593570
  },
  {
    "id": "0191bedd-25ab-4faf-8841-12ae8a249b6b",
    "data": [
      {
        "text": "après un oubli du désobel gé 20 de + de 12h, est-on protégée ?",
        "userDefined": false
      }
    ],
    "isTemplate": false,
    "count": 0,
    "updated": 1522593570
  },
  {
    "id": "73b60f0d-a043-4c57-8caa-87db89d91af0",
    "data": [
      {
        "text": "je suis sous cerazette, j\u0027ai oublié de le prendre il y a deux semaines. j\u0027ai pris le comprimé oublié, mais je ne sais pas si c\u0027était le comprimé de la veille, donc je préfère faire comme si j\u0027avais complètement oublier un comprimé. ils ne disent pas la marche à suivre dans ce cas. j\u0027utilise des préservatifs seulement une semaine aussi?",
        "userDefined": false
      }
    ],
    "isTemplate": false,
    "count": 0,
    "updated": 1522593570
  },
  {
    "id": "62088cca-ecfa-4ba7-bd8e-3989e7553da1",
    "data": [
      {
        "text": "hier je pense avoir pris ma 21è pilule sans en avoir le souvenir. est-ce grave si j\u0027ai un rapport durant le we ?",
        "userDefined": false
      }
    ],
    "isTemplate": false,
    "count": 0,
    "updated": 1522593570
  },
  {
    "id": "16caff5d-0215-4f43-aefe-445c2e0038c0",
    "data": [
      {
        "text": "oubli de pilule, ai-je pris la bonne solution?",
        "userDefined": false
      }
    ],
    "isTemplate": false,
    "count": 1,
    "updated": 1522593570
  },
  {
    "id": "a49c5e99-5f9b-4d1f-8717-81167867a089",
    "data": [
      {
        "text": "bonjour, j\u0027aurais besoin de votre aide.  cela fait plusieurs mois que je suis sous pilule contraceptive leeloo ge, 21j de comprimés. après ma pause, je l\u0027ai reprise ce lundi 20 juin. j\u0027ai eu un rapport cr jeudi et j\u0027ai oublié de prendre ma pilule le samedi soir. j\u0027étais donc dans ma première semaine de prise.. comme indiqué sur papier, j\u0027ai pris ma pilule dès mon réveil (12h30 après la prise habituelle) et je reprendrais ma pilule normalement ce soir.. mais il est noté que le risque est particulièrement élevé puisqu\u0027il s\u0027agit de ma première semaine sur la plaquette.. puis-je prendre une pdl ou est-ce inutile dans ce cas là? merci d\u0027avance!",
        "userDefined": false
      }
    ],
    "isTemplate": false,
    "count": 0,
    "updated": 1522593570
  },
  {
    "id": "682e3e7b-c83c-4f6d-a08d-d34d07864bfc",
    "data": [
      {
        "text": "je suis sous adepal depuis bientot 1 ans. seulement jai oublié ma pillule pendant 3 jours (les 3 derniers jours de ma plaquette). jai donc passé ma semaine de pause mais hier jai eu des rapports sexuels, alors que je ne recommencé ma pillule que aujourd\u0027hui. ne devrais pas allé chercher une pillule du lendemain ??",
        "userDefined": false
      }
    ],
    "isTemplate": false,
    "count": 0,
    "updated": 1522593570
  },
  {
    "id": "f96e86dd-ab59-49a3-a93e-9412a2f295c0",
    "data": [
      {
        "text": "je prends méliane depuis 1 an et demi environ et j\u0027ai oublié de la prendre dimanche soir. je l\u0027ai prise 11h après l\u0027heure à laquelle je devais la prendre. Conduite à tenir?",
        "userDefined": false
      }
    ],
    "isTemplate": false,
    "count": 0,
    "updated": 1522593570
  },
  {
    "id": "38524b4e-cca2-42cf-b3bf-5f40bb9cf770",
    "data": [
      {
        "text": "je prends la pillule minidrill  seulement ce matin je n\u0027aie pas pris ma pillule alors j\u0027ai pris la pillule du lendemain ((jetai avec mon homme donc on a eu des rapports)). je me demande si je dois prendre ma pillule que je n\u0027aie pas prise ce matin et si demain je dois prendre ma pillule normalement ?",
        "userDefined": false
      }
    ],
    "isTemplate": false,
    "count": 0,
    "updated": 1522593570
  },
  {
    "id": "6a2c6693-ead6-4102-9e18-684cfa1888e4",
    "data": [
      {
        "text": "j\u0027utilise nuvaring.  j\u0027ai mis un nouvel anneau, mais ça fait quand même 24h de retard. pensez vous que je doive utiliser des préservatifs en plus ce mois ci pour ne pas tomber enceinte ?",
        "userDefined": false
      }
    ],
    "isTemplate": false,
    "count": 0,
    "updated": 1522593570
  },
  {
    "id": "cbd88909-5ab5-412d-92af-e81d7d5b0d7e",
    "data": [
      {
        "text": "bonsoir voila je prend la pilule jasmine et je me suis apercu que g oubliee de prendre le comprim\" d\u0027hier g dc pris celui d\u0027aujourd\u0027hui  a 13 h 30 comme d\u0027habitude ss prendre celui d\u0027hier.est ce que je dois prendre le comprimé oublié ou pas?ca va joué sur mes regles? merci de me repondre.",
        "userDefined": false
      }
    ],
    "isTemplate": false,
    "count": 0,
    "updated": 1522593570
  },
  {
    "id": "6f1f3b91-e220-44cd-a675-f25b925f8759",
    "data": [
      {
        "text": "Que dois-je faire après un oubli de pilule varoline continu ?",
        "userDefined": false
      }
    ],
    "isTemplate": false,
    "count": 0,
    "updated": 1522593570
  },
  {
    "id": "68ab2059-7d40-46c3-b419-09d3a39d862a",
    "data": [
      {
        "text": "j\u0027ai repris le lundi soir comme d\u0027hab le 1er comprimé;or j\u0027ai oublié le 2ème donc le mercredi soir j\u0027en ai pris 2; que dois-je faire?",
        "userDefined": false
      }
    ],
    "isTemplate": false,
    "count": 0,
    "updated": 1522593570
  },
  {
    "id": "310f052f-5eda-42cd-9cad-670540bae2fa",
    "data": [
      {
        "text": "Mes règles sont arrivée plus tôt après plusieurs oublis de pilules que dois-je faire ?",
        "userDefined": false
      }
    ],
    "isTemplate": false,
    "count": 0,
    "updated": 1522593570
  },
  {
    "id": "ab30d4a0-6e87-4837-95e6-c0fe133703ab",
    "data": [
      {
        "text": "je passe maintenant à chlormadinone mylan le générique de lutéran.  combien de retard elle tolère et qu\u0027est ce qu\u0027il faut faire en cas d\u0027oubli?",
        "userDefined": false
      }
    ],
    "isTemplate": false,
    "count": 0,
    "updated": 1522593570
  },
  {
    "id": "30fbbf72-4a56-426c-a57a-106a2e68a53d",
    "data": [
      {
        "text": "hier j ai oublier ma pilule, ludeal ge, j avais un retard de 14 heures, alors je l ai prise, mais ce que je ne sais pas c est si a la fin de la plaquette, je dois faire une pause ou pas?",
        "userDefined": false
      }
    ],
    "isTemplate": false,
    "count": 0,
    "updated": 1522593570
  },
  {
    "id": "5cc3afe6-23c3-476a-86f8-f25b2101dc04",
    "data": [
      {
        "text": "je prends la pilule diane, mais je n\u0027aimerais pas être embêtée par l\u0027hémorragie de privation. donc j\u0027aimerais savoir si j\u0027arrête ma pilule 1 ou 2 comprimés avant la fin de la plaquette est-ce que mes règles seront décalées d\u0027un ou 2 jours ? est-ce qu\u0027il y aura des conséquences ? quand devrais-je recommencer la nouvelle plaquette, 7 jours après l\u0027arrêt effectif ou les 7 jours après lesquels j\u0027aurais du recommencer si je n\u0027avais pas zappé le(s) dernier(s) comprimé(s) ?",
        "userDefined": false
      }
    ],
    "isTemplate": false,
    "count": 0,
    "updated": 1522593570
  },
  {
    "id": "6202caf9-5c99-4293-a664-23801af76950",
    "data": [
      {
        "text": "il y a 15 jours j\u0027ai pris un comprimé de cerazette avec 4 heures de retard alors que je crois qu\u0027il n est autorisé que 3 h de retard est ce que c\u0027est grave ?",
        "userDefined": false
      }
    ],
    "isTemplate": false,
    "count": 0,
    "updated": 1522593570
  },
  {
    "id": "97913eb5-845a-45cc-b5ef-79fb9a6d6a51",
    "data": [
      {
        "text": "je suis sous minesse depuis 3 ans, et je me suis rendue compte hier jeudi que j\u0027avais oublié ma pilule de mercredi. je n\u0027ai pas eu de rapport apres cet oubli. cependant, depuis hier soir j\u0027ai de legeres pertes brunes. est-ce du à mon oubli de pilule ou dois-je aller consulter?",
        "userDefined": false
      }
    ],
    "isTemplate": false,
    "count": 0,
    "updated": 1522593570
  },
  {
    "id": "e1e4cdfe-6c7a-4495-b1fc-14a0d8084fd0",
    "data": [
      {
        "text": "je prend la pilule yaz et j\u0027ai oublié de prendre un comprimé, je l\u0027ai pris et j\u0027ai continuer ma plaquette normalement mais 4jours apres, j\u0027ai commencé a faire du spotting et cela ne s\u0027arette pas. je voudrais ne pas avoir mes règles, est ce que je peux enchainer les 2 plaquettes ?",
        "userDefined": false
      }
    ],
    "isTemplate": false,
    "count": 0,
    "updated": 1522593570
  },
  {
    "id": "75d46ed4-67ae-4282-a7c8-dcdef9fe6d45",
    "data": [
      {
        "text": "je prends la pilule leeloo gé et j\u0027ai malheureusement oublié deux comprimés.  je pense que je devrais commencer une nouvelle plaquette mais quand la prendre ?",
        "userDefined": false
      }
    ],
    "isTemplate": false,
    "count": 0,
    "updated": 1522593570
  },
  {
    "id": "2e511bd1-d92b-483b-b350-1fa22a0c81ad",
    "data": [
      {
        "text": "Oubli lutéal gé, que faire ?",
        "userDefined": false
      }
    ],
    "isTemplate": false,
    "count": 0,
    "updated": 1522593570
  },
  {
    "id": "046e5675-a337-410c-8075-5d7b0312d079",
    "data": [
      {
        "text": "je suis sous minidril depuis 8 mois, et j\u0027ai oublié un comprimé, le 14eme. j\u0027ai pris le comprimé oublié 18 h après et j\u0027ai continué tranquillement ma plaquette.  puis-je enchainer la prochaine plaquette ?",
        "userDefined": false
      }
    ],
    "isTemplate": false,
    "count": 0,
    "updated": 1522593570
  },
  {
    "id": "79f03164-5488-4ee3-8af8-a97ef675b66a",
    "data": [
      {
        "text": "adepal oubli de 24h, que faire ?",
        "userDefined": false
      }
    ],
    "isTemplate": false,
    "count": 0,
    "updated": 1522593570
  },
  {
    "id": "1ab72e1c-bd54-4c90-842f-16fd8eac0f2b",
    "data": [
      {
        "text": "oubli diane 35 + quel autre moyen de se protéger?",
        "userDefined": false
      }
    ],
    "isTemplate": false,
    "count": 0,
    "updated": 1522593570
  },
  {
    "id": "b48806f0-e7eb-42cc-99bb-db4ca50141b9",
    "data": [
      {
        "text": "j\u0027ai debuté cerazette il y a un mois et je me suis aperçue en fin de plaquette je j\u0027avais un jour de décalage. impossible de savoir si c\u0027est un oubli ou si j\u0027ai débuter ma plaquette le mauvais jour.. du coup j\u0027ai pris le dernier comprimé de la plaquette n°1 et le premier de la plaquette n°2 hier soir ai je bien fait?",
        "userDefined": false
      }
    ],
    "isTemplate": false,
    "count": 0,
    "updated": 1522593570
  },
  {
    "id": "fb09e027-4c79-464c-8007-be654482a5a2",
    "data": [
      {
        "text": "je prend la pilule jasmine. vers 22h, j\u0027ai pris ma pilule mais environ 2h après j\u0027ai eu une nouvelle crise de diarrhée, qui s\u0027est enchaînée toute la nuit. il faut reprendre une pilule, mais sachant que j\u0027allais avoir une nouvelle crise je n\u0027en ai pas prise. que dois je faire?",
        "userDefined": false
      }
    ],
    "isTemplate": false,
    "count": 0,
    "updated": 1522593570
  },
  {
    "id": "9f131da2-091c-4eec-8f15-46903ecb103b",
    "data": [
      {
        "text": "je prends la pilule minidrile j\u0027ai fais ma semaine d\u0027arret et après je n\u0027ai pas pensé a l\u0027a reprendre.sa fait 2 semaine que je ne l\u0027ai pas prise donc je me demandais si je pouvais l\u0027a reprendre comme sa ? car la j\u0027ai mes regles.",
        "userDefined": false
      }
    ],
    "isTemplate": false,
    "count": 0,
    "updated": 1522593570
  },
  {
    "id": "f44a6c51-b464-4871-b9ec-a5a6af5d4351",
    "data": [
      {
        "text": "je prend la pillule harmonet et ce mois ci j\u0027ai oublié de prendre ma pillule. j ai donc pris les 2 en meme temps mais avec un retard de 24h pour l\u0027une de ces 2 pillules. j\u0027ai eu un rapport protégé.  est-ce que je dois prendre la pillule du lendemain pour etre sure à 100% que je ne suis pas enceinte?",
        "userDefined": false
      }
    ],
    "isTemplate": false,
    "count": 0,
    "updated": 1522593570
  },
  {
    "id": "8f358afc-3eb1-4540-aad5-3e11407e5c3c",
    "data": [
      {
        "text": "j\u0027ai quelques questions sur la pillule : y a t\u0027il un risque s\u0027il y a oubli de moins de 12h?? lorsqu\u0027il y a oubli de plus de 12h dans la semaine 3, est-ce que ça change quelque chose de faire une pause de 1 ou 2 jours ou bien de 6 ou 7 jours?? est-ce à dire que les risques sont inexistants pour des rapports non protégés après un oubli dans les semaines 2 et 3?",
        "userDefined": false
      }
    ],
    "isTemplate": false,
    "count": 0,
    "updated": 1522593570
  },
  {
    "id": "d394a7a5-ea21-41df-bf27-ee57fc0bef3b",
    "data": [
      {
        "text": "oubli pilule jasmine , je dois faire quoi ?",
        "userDefined": false
      }
    ],
    "isTemplate": false,
    "count": 0,
    "updated": 1522593570
  },
  {
    "id": "72a779f9-ce2a-4e0d-8b87-1ebc80947d2a",
    "data": [
      {
        "text": "je prends mercilon depuis un certain temps. seulement j\u0027ai pas eu le temps d\u0027aller chercher une ordonnance et je suis tombee a cours de pilules. vu que j\u0027ai deja pris le norlevo, est ce que je prends aussi 2 mercilon ajd (pr combler le retard d\u0027hier) ou est ce qu\u0027il vaut mieux attendre mes prochaines regles pr recommencer?",
        "userDefined": false
      }
    ],
    "isTemplate": false,
    "count": 0,
    "updated": 1522593570
  },
  {
    "id": "a2c60848-898d-4a51-b26d-85752dc15465",
    "data": [
      {
        "text": "j\u0027ai oublier trois jours de suite de prendre ma pillule et je l\u0027ai prise hier et aujourd\u0027hui , mais je ne sais pas quoi faire demain matin, je reprends ma pillule ou j\u0027attends la fin et je la reprends normalment  ?",
        "userDefined": false
      }
    ],
    "isTemplate": false,
    "count": 0,
    "updated": 1522593570
  },
  {
    "id": "8db81278-d3cc-418b-89ba-d8bb26dbec27",
    "data": [
      {
        "text": "oubli d\u0027un comprimé minesse avant-hier, que faire?",
        "userDefined": false
      }
    ],
    "isTemplate": false,
    "count": 0,
    "updated": 1522593570
  },
  {
    "id": "965bc695-9824-4665-8a4a-dac84447d826",
    "data": [
      {
        "text": "j\u0027ai oublié ma pillule je suis dans la derniere semaine de plaquette. j\u0027e n\u0027ai pas eu de rapport sexuel hier soir mais mardi soir que dois je faire? je prend jasmine.",
        "userDefined": false
      }
    ],
    "isTemplate": false,
    "count": 0,
    "updated": 1522593570
  },
  {
    "id": "57d3b9d2-be6e-47ba-9f43-e3b426c2289a",
    "data": [
      {
        "text": "j\u0027ai oublié de prendre ma pilule (trinordiol) mais je m\u0027en suis aperçue dans les douze heures (je prends ma pilule vers 22h et là, je l\u0027ai prise vers 9h du matin) : je suis inquiète",
        "userDefined": false
      }
    ],
    "isTemplate": false,
    "count": 0,
    "updated": 1522593570
  },
  {
    "id": "898a139b-0ffe-4e6d-b1bc-fbebef47a749",
    "data": [
      {
        "text": "oubli d\u0027un comprimé de jasminelle (24 heures d\u0027oubli) je fais quoi?",
        "userDefined": false
      }
    ],
    "isTemplate": false,
    "count": 0,
    "updated": 1522593570
  },
  {
    "id": "5742bb20-ba58-4b41-b05f-56cff3da95c7",
    "data": [
      {
        "text": "oubli mélodia que faire ?",
        "userDefined": false
      }
    ],
    "isTemplate": false,
    "count": 0,
    "updated": 1522593570
  },
  {
    "id": "5729b3b1-3e44-44de-8f64-e709eac7e5a9",
    "data": [
      {
        "text": "j\u0027ai lu sur la notice que si un comprimé entre le jour 8-14 a été oublié on doit prendre le comprimé oublié et finir la plaquette..  cela veut donc dire que je dois prendre le comprimé dhier et celui daujourdhui en meme temps?",
        "userDefined": false
      }
    ],
    "isTemplate": false,
    "count": 0,
    "updated": 1522593570
  },
  {
    "id": "c1503000-5c17-46f7-94d8-60f2d2c37bac",
    "data": [
      {
        "text": "vendredi dernier j\u0027ai fait l\u0027amour avec mon copain, or samedi je suis partie sans mes pilules, je n\u0027ai donc pu prendre celle de samedi soir, que le dimanche après midi. puis j\u0027ai continuer normalement. le problème est que ma plaquette se termine mercredi, je ne peux donc pas respecter les 7 jours nécessaires pour relancer le tir. que dois-je faire?",
        "userDefined": false
      }
    ],
    "isTemplate": false,
    "count": 0,
    "updated": 1522593570
  },
  {
    "id": "4083ee42-45ab-467e-a142-3c72c6490b04",
    "data": [
      {
        "text": "oubli trinordiol et infos contradictoires.que dois je faire?",
        "userDefined": false
      }
    ],
    "isTemplate": false,
    "count": 0,
    "updated": 1522593570
  },
  {
    "id": "f5a79993-6c06-45bb-9567-f4b7df2a8895",
    "data": [
      {
        "text": "ma copine a fait deux oubli durant se mois si et sa plaquette et fini jeudi ! que doit elle fair ?",
        "userDefined": false
      }
    ],
    "isTemplate": false,
    "count": 0,
    "updated": 1522593570
  },
  {
    "id": "cb2f0de3-9e75-4423-9255-1496dad90262",
    "data": [
      {
        "text": "bonjour a tous  j\u0027ai quelques questions qui me tracassent.. je prend la pillule depuis plus d\u0027un mois, il y a peu de temps j\u0027ai eu un rapport non protégé avec mon copain seulement j\u0027ai oublié de prendre mon comprimé le soir meme et je m\u0027en suis aperçu le lendemain plus de 12h apres donc j\u0027ai pris la pillule du lendemain..  pendant environ 2 jours apres avoir pris la pdl j\u0027ai eu des saignements et maintenant j\u0027ai des pertes blanches..c\u0027est ce qui m\u0027inquiete  pour etre persuader que je ne suis pas enceinte je devrais attendre d\u0027avoir mes regles durant les 7 jours d\u0027arret de pillule c bien ça? merci a ceux qui repondront..",
        "userDefined": false
      }
    ],
    "isTemplate": false,
    "count": 0,
    "updated": 1522593570
  },
  {
    "id": "8eec444e-612b-48c2-b112-fd4530741bf2",
    "data": [
      {
        "text": "ça fait 7h que j\u0027ai oublié ma pilule leeloo gé sachant qu\u0027il y a 5 jours j\u0027ai eu un rapport non protègé et que mes règles arrivent seulement dans 3 semaines.. dois-je prendre la pilule du lendemain ou cela sert à rien?",
        "userDefined": false
      }
    ],
    "isTemplate": false,
    "count": 0,
    "updated": 1522593570
  },
  {
    "id": "dc76f19e-ec56-49b4-827a-b96c09260640",
    "data": [
      {
        "text": "j\u0027ai oublié de prendre une pilule (daily gé) il y a 8jours et hier soir j\u0027ai eu un rapport non protégé . mes regles sont tout de même arrivées aujourd\u0027hui. est-ce que je dois prendre la pilule du lendemain?",
        "userDefined": false
      }
    ],
    "isTemplate": false,
    "count": 0,
    "updated": 1522593570
  },
  {
    "id": "b014f490-d187-4c23-9fe5-4be70ff8a1f1",
    "data": [
      {
        "text": "j\u0027ai oublier ma 9eme pilule donc je l\u0027ai prise ce soir en même temps que celle de d\u0027habitude et je voudrais savoir faut-il que je me protége ?",
        "userDefined": false
      }
    ],
    "isTemplate": false,
    "count": 0,
    "updated": 1522593570
  },
  {
    "id": "d373a812-9ad5-4ab1-a536-e5bdb59fc460",
    "data": [
      {
        "text": "oubli de cerazette pdt 2 jours??",
        "userDefined": false
      }
    ],
    "isTemplate": false,
    "count": 1,
    "updated": 1522593570
  },
  {
    "id": "9f8dd74b-2b64-42e1-8a84-265e8eeee4d8",
    "data": [
      {
        "text": "J\u0027ai oublié ma pilule jasminelle et j\u0027ai eu un rapport non protégé, dois-je prendre la pilule du lendemain ?",
        "userDefined": false
      }
    ],
    "isTemplate": false,
    "count": 0,
    "updated": 1522593570
  },
  {
    "id": "c90e5f3c-82e4-410c-8319-788d0baa2433",
    "data": [
      {
        "text": "bonjour; j\u0027aimerai savoir quel est le délais d\u0027oubli pour luteran 10mg ? est comme les autres pillules 12 heures ?",
        "userDefined": false
      }
    ],
    "isTemplate": false,
    "count": 0,
    "updated": 1522593570
  },
  {
    "id": "0dccab9c-4cfd-4643-a36a-851643f78d91",
    "data": [
      {
        "text": "je prends jasmine depuis pas mal de temps, et en recommençant ma plaquette,il y a trois jours, j\u0027ai oublié de prendre le deuxième comprimé. Quelle conduite tenir?",
        "userDefined": false
      }
    ],
    "isTemplate": false,
    "count": 0,
    "updated": 1522593570
  },
  {
    "id": "8b3975f3-abe2-4d12-bdbf-df3f4803499b",
    "data": [
      {
        "text": "j\u0027ai oublier ma pilule qui est trinordiol. habituellement je l\u0027a prend vers 21h, et hier je l\u0027ai oublier je viens de l\u0027a prendre il est 8h15. le probleme c\u0027est que j\u0027ai un eu rapport samedi matin     sachant que les spermatozoïdes vivent jusqu\u0027à 3jours    que faire?",
        "userDefined": false
      }
    ],
    "isTemplate": false,
    "count": 0,
    "updated": 1522593570
  },
  {
    "id": "af7760dd-807f-45c4-88f6-f9de814e7ebb",
    "data": [
      {
        "text": "Oubli de mélodia, que faire ?",
        "userDefined": false
      }
    ],
    "isTemplate": false,
    "count": 0,
    "updated": 1522593570
  },
  {
    "id": "ef14b4fa-fcc9-4234-b1b5-fc638b1d4ab6",
    "data": [
      {
        "text": "Je n\u0027ai pas continué mon cycle de pilule après la prise de Norlevo. Est-ce grave ?",
        "userDefined": false
      }
    ],
    "isTemplate": false,
    "count": 0,
    "updated": 1522593570
  },
  {
    "id": "ff8e91c9-dd47-460b-842a-eb30765fc112",
    "data": [
      {
        "text": "je prend trynordiol, à l\u0027endroit puis à l\u0027envers vu que je la prend en continue et hier soir j\u0027ai sauté un comprimé j\u0027ai commencé la ligne blanche alors qu\u0027il m\u0027en restait un de la ligne jaune,  que fais-je ?",
        "userDefined": false
      }
    ],
    "isTemplate": false,
    "count": 0,
    "updated": 1522593570
  },
  {
    "id": "db42aed7-a1bd-42a0-94de-b9d43145f7b6",
    "data": [
      {
        "text": "oubli pilule 2 jours, continuez pilule??",
        "userDefined": false
      }
    ],
    "isTemplate": false,
    "count": 0,
    "updated": 1522593570
  },
  {
    "id": "99580d36-23c2-4df9-95ff-c74b496152b1",
    "data": [
      {
        "text": "Une patiente se présente à la pharmacie car elle a oublié de pendre sa pilule, elle a donc pris 2 comprimés le lendemain de l\u0027oubli. Que doit-on lui conseiller ?",
        "userDefined": false
      }
    ],
    "isTemplate": false,
    "count": 0,
    "updated": 1522593570
  },
  {
    "id": "8803a22e-f00d-4b44-ab23-ea991ccd309a",
    "data": [
      {
        "text": "je suis sous minidril. en voulant prendre la 9e je me suis rendue compte que j\u0027ai oublié la 8e. comme j\u0027ai eu un rapport ce matin (+ de 12h), j\u0027ai pris norlevo.  qu\u0027est-ce que je fais maintenant:  est-ce que je prends les deux pilules (l\u0027oubliée et celle du jour) ? est-ce que je reprends demain (donc à ma 10e pilule)? est-ce que j\u0027attends la fin de mon cycle et mes règles pour reprendre une nouvelle plaquette? et dans ce cas je la prends quand? a la fin de 7jours normaux ou au début de mes règles (comme la première fois qu\u0027on prend une pilule)? si quelqu\u0027un sait..??",
        "userDefined": false
      }
    ],
    "isTemplate": false,
    "count": 0,
    "updated": 1522593570
  },
  {
    "id": "998d8282-1aab-4353-b38f-35c675aba3ad",
    "data": [
      {
        "text": "je prends actuellement la minidril et j\u0027ai oublié de prendre mon comprimé alors que j\u0027ai eus 2 rapports non-protégé, j\u0027ai donc pris la pillule du lendemain et a poursuivis ma plaquette normalement ( en utilisant pendant 7 jours des préservatifs ) que dois-je faire ?",
        "userDefined": false
      }
    ],
    "isTemplate": false,
    "count": 0,
    "updated": 1522593570
  },
  {
    "id": "c717b3fc-a48c-49cd-8c09-ea85faba6d48",
    "data": [
      {
        "text": "oubli diane 35 4eme jour, que faire?",
        "userDefined": false
      }
    ],
    "isTemplate": false,
    "count": 0,
    "updated": 1522593570
  },
  {
    "id": "f22d0802-d116-4fe7-b8e7-9c9d061d93b8",
    "data": [
      {
        "text": "Après un oubli de mélodia que faire ?",
        "userDefined": false
      }
    ],
    "isTemplate": false,
    "count": 0,
    "updated": 1522593570
  },
  {
    "id": "02d87795-b4bf-4c95-8f2f-9ca79dcc92a8",
    "data": [
      {
        "text": "je suis partie en week-end et malheur j\u0027ai oublié ma plaquette de cerazette. résultat voilà 2 jours que je n\u0027ai pas prise ma pillule. que dois-je faire? prendre les 2 cachets et prendre celui de ce soir à l\u0027heure habituelle? sachant que je n\u0027aurais pas de rapport avant une semaine car mon copain est en voyage d\u0027affaire.",
        "userDefined": false
      }
    ],
    "isTemplate": false,
    "count": 0,
    "updated": 1522593570
  },
  {
    "id": "772a8873-ba24-4160-b103-d54f3bdde953",
    "data": [
      {
        "text": "trinordiol si pas pris 12h après heure habituelle?",
        "userDefined": false
      }
    ],
    "isTemplate": false,
    "count": 0,
    "updated": 1522593570
  },
  {
    "id": "b52183b9-5559-4b85-b11a-911fa5683194",
    "data": [
      {
        "text": "j\u0027ai recemment quitte trinordiol pour jasminelle. peu habituee a la nouvelle presentation de plaquette, j\u0027ai oublie les 5 pillules de la derniere semaine. apres avoir lu la notice de jasminelle, j\u0027ai repris normalement ma pillule 7 jours plus tard. je m\u0027apprete a reprendre une nouvelle plaquette (la 2eme depuis l\u0027oubli), mais je souhaiterais savoir ce qu\u0027il vaut mieux faire pour que tout redevienne normal. arreter la pillule pendant plusieurs mois? continuer de la prendre normalement?",
        "userDefined": false
      }
    ],
    "isTemplate": false,
    "count": 0,
    "updated": 1522593570
  },
  {
    "id": "d64dabff-3a79-4b9a-882e-d594364a8309",
    "data": [
      {
        "text": "Je suis sous pilule daily ge. je me suis rendu compte ce matin à 6h que j\u0027ai oublié de prendre la pilule du 14e jour. Est-ce que  je peux continuer normalement ma prise de pilule et faire ma pause normalement ?",
        "userDefined": false
      }
    ],
    "isTemplate": false,
    "count": 0,
    "updated": 1522593570
  },
  {
    "id": "3b915f12-f747-48db-a136-991c0e08e196",
    "data": [
      {
        "text": "J\u0027ai oublié de prendre la première pilule de ma plaquette. Puis-je démarrer avec un jour de retard tout en étant protégée ?",
        "userDefined": false
      }
    ],
    "isTemplate": false,
    "count": 0,
    "updated": 1522593570
  },
  {
    "id": "03fc4639-b98c-41fb-891b-bf4d99bcc1cd",
    "data": [
      {
        "text": "est ce que l\u0027oubli du mois précédent rend ma prise de pilule qlaira inefficace?",
        "userDefined": false
      }
    ],
    "isTemplate": false,
    "count": 0,
    "updated": 1522593570
  },
  {
    "id": "5ea5e924-2c45-4130-9649-c9f6bd1e3deb",
    "data": [
      {
        "text": "j\u0027ai eu un rapport non protégé et j\u0027ai oublié ma pillule. j\u0027ai donc pris la pilule du lendemain (environ 11h a 12h, pas plus, apres la relation non protegée)! il etait ecrit sur la notice que pour un maximum d\u0027efficacité, il faut prendre la pilule du lendemain ds les 12h qui suivent la relation. dans mon cas est ce que l\u0027efficacité est bonne meme si c\u0027est 12h tout juste??",
        "userDefined": false
      }
    ],
    "isTemplate": false,
    "count": 0,
    "updated": 1522593570
  },
  {
    "id": "2f8ba808-4e94-4fdf-a797-9272b5cfeba9",
    "data": [
      {
        "text": "j\u0027ai perdu ma plaquette de pilule (daily gé), il ne restait dessus que le dernier cachet que je n\u0027ai donc pas pu prendre.. mes regles ont été avancées de 1 jours est ce que je dois entamer la prochaine plaquette avec un jour d\u0027avance par rapport à d\u0027habitude?? merci",
        "userDefined": false
      }
    ],
    "isTemplate": false,
    "count": 0,
    "updated": 1522593570
  },
  {
    "id": "38df8482-6b5a-4a70-88db-5f5dd65fbe37",
    "data": [
      {
        "text": "bonjour, je prends la pilule optilova. 11h après la prise habituelle de mes comprimés je me suis rendue compte que j\u0027avais oublié le dernier. je l\u0027ai immédiatement pris. néanmoins, ma contraception est-elle toujours assurée? (je vois mon copain ce week-end, je préfère être certaine) de plus, la présence des règles de privation empêche-t-elle la fécondation? merci ☺",
        "userDefined": false
      }
    ],
    "isTemplate": false,
    "count": 0,
    "updated": 1522593570
  },
  {
    "id": "a8b2375c-824c-412a-bceb-631d4d1a54cf",
    "data": [
      {
        "text": "j\u0027ai pris ma pilule avec +12h de retard et j\u0027ai continué normalement mes 3 derniers cachets et ai fait ma semaine de pause. je suis encore protégée ou je dois attendre la fin de ma nouvelle plaquette pour l\u0027être?",
        "userDefined": false
      }
    ],
    "isTemplate": false,
    "count": 0,
    "updated": 1522593570
  },
  {
    "id": "2b25b95c-7d13-4684-b4b8-acdc03026b9d",
    "data": [
      {
        "text": "J\u0027ai oublié de prendre ma pilule Optimizette hier soir c\u0027est a dire il y a 10 heures, est-ce que je peux prendre mon comprimé oublié maintenant ?",
        "userDefined": false
      }
    ],
    "isTemplate": false,
    "count": 0,
    "updated": 1522593570
  },
  {
    "id": "97ce77e3-1736-46ed-a68c-3683c73e6445",
    "data": [
      {
        "text": "Quelle est son efficacité et la limite d\u0027heure pour la prendre en cas d\u0027oubli ?",
        "userDefined": false
      }
    ],
    "isTemplate": false,
    "count": 0,
    "updated": 1522593570
  },
  {
    "id": "d4f59ce1-3a77-4ae7-ae13-244448cd9d62",
    "data": [
      {
        "text": "bonjour, je prends la pilule daily gé et je l\u0027ai prise avec 4 heures de retard sur mon horaire habituel. est-ce que malgré tout je suis toujours protégée ou est-ce que j\u0027ai dépassé le délai d\u0027efficacité? merci de vos réponses.",
        "userDefined": false
      }
    ],
    "isTemplate": false,
    "count": 0,
    "updated": 1522593570
  },
  {
    "id": "137cd11c-7914-4a18-9f64-d8f3a19395be",
    "data": [
      {
        "text": "bonjour,  je vien s de changer de pilule avant je prenais varnoline mais ayant des tendances a avoir une tension elevee ma gygy ma prescrit melodia elle ne m\u0027a rien dit juste qu\u0027elle se prenais comme l\u0027autre mais sans arret, donc moi g fais comme d\u0027habitude  seulement je viens de lire sur la notice (je sais j\u0027aurais du la lire avan) qu\u0027il fo la prendre direct apres l\u0027arret de l\u0027autre moi g attendu 7 jours comme d\u0027hab  j\u0027aurais du avoir mes rr ce matin mais rien meme pas mal o ventre qu\u0027en pensez vous? j\u0027espee que je me suis bien expliqué",
        "userDefined": false
      }
    ],
    "isTemplate": false,
    "count": 0,
    "updated": 1522593570
  },
  {
    "id": "44d67cc9-3ca5-4ec1-a0ad-154784871b77",
    "data": [
      {
        "text": "oubli de cerazette plus d\u0027une semaine.. conséquences ?",
        "userDefined": false
      }
    ],
    "isTemplate": false,
    "count": 0,
    "updated": 1522593570
  },
  {
    "id": "2871c820-f16e-49ad-b2f8-5c6ce6d0f673",
    "data": [
      {
        "text": "J\u0027ai oublié mes comprimés placebo de OPTILOVA pendant mes règles. je vais néanmoins reprendre ma pilule normalement après 7 jours. Est-ce ok ou dois-je faire quelquechose ?",
        "userDefined": false
      }
    ],
    "isTemplate": false,
    "count": 0,
    "updated": 1522593570
  },
  {
    "id": "8f547cb1-a222-4742-9dc2-8fc6fccfc6b5",
    "data": [
      {
        "text": "je sais que norlevo doit être prise s\u0027il y a oubli de pilule de 12h ou +. moi j\u0027ai repensé à prendre ma pilule holgyème,j\u0027ai un oubli de 11h. faut-il prendre aussi la pilule du lendemain?",
        "userDefined": false
      }
    ],
    "isTemplate": false,
    "count": 0,
    "updated": 1522593570
  },
  {
    "id": "44555e71-d1c9-4c79-bcd6-41181cf776a2",
    "data": [
      {
        "text": "je suis au 16eme jour de ma plaquette zoely et j\u0027ai des douleurs au bas du ventre. j\u0027ai eu un oubli de pilule le mois dernier et j\u0027ai eu un rapport non proteges  il y a une semaine environ . doit-je m\u0027inquiéter ?",
        "userDefined": false
      }
    ],
    "isTemplate": false,
    "count": 0,
    "updated": 1522593570
  },
  {
    "id": "858ea5b6-a0c6-42fd-99e2-d4dfc2b16367",
    "data": [
      {
        "text": "j\u0027ai remarqué qu\u0027il y avait un comprimé sur ma plaquette. donc, j\u0027ai dû oublier un soir un comprimé. quand est-ce que je dois entamer ma nouvelle plaquette ?",
        "userDefined": false
      }
    ],
    "isTemplate": false,
    "count": 0,
    "updated": 1522593570
  },
  {
    "id": "4575f5e0-2e44-47d6-b6ad-aeafaaf93060",
    "data": [
      {
        "text": "Je n\u0027avais pas pris ma pilule hier soir (19h30), de ce fait je l\u0027ai prise en me levant (9h30). Comment puis-je retrouver l\u0027assurance d\u0027une contraception??",
        "userDefined": false
      }
    ],
    "isTemplate": false,
    "count": 0,
    "updated": 1522593570
  },
  {
    "id": "a87b4d60-fb7c-4184-aa0b-f6453800215a",
    "data": [
      {
        "text": "je viens de me rendre compte que j\u0027ai oublié de prendre ma pilule leeloo de jeudi (donc hier) que je prends habituellement à mon réveil. le dernier rapport date de mardi soir. que dois je faire?",
        "userDefined": false
      }
    ],
    "isTemplate": false,
    "count": 0,
    "updated": 1522593570
  },
  {
    "id": "b0225b95-8747-4e34-9fa4-62fb9d970954",
    "data": [
      {
        "text": "oubli pilule 3e semaine sous trinordiol toujours protégée?",
        "userDefined": false
      }
    ],
    "isTemplate": false,
    "count": 0,
    "updated": 1522593570
  },
  {
    "id": "c053d108-f88a-4023-9dae-04c987646540",
    "data": [
      {
        "text": "j\u0027ai oublié de prendre mon comprimé de trinordio. je m\u0027en suis aperçu, mais ceci plus de 12h après. Que faire?",
        "userDefined": false
      }
    ],
    "isTemplate": false,
    "count": 0,
    "updated": 1522593570
  },
  {
    "id": "1b0ad2c6-6397-4f0a-b025-f031f7431b5a",
    "data": [
      {
        "text": "durant la période où je prenais ma pillule j\u0027ai oublié de la prendre lors du 7°jour. j\u0027ai ensuite repris le cours de celle ci mais je m\u0027inquiète. Que faire ?",
        "userDefined": false
      }
    ],
    "isTemplate": false,
    "count": 0,
    "updated": 1522593570
  },
  {
    "id": "c18d7ca9-61ec-43e4-a2cf-eab15d6de328",
    "data": [
      {
        "text": "j\u0027ai oublié mon comprimé de harmonet hier soir! que dois-je faire, et quelles sont les conséquences et jusqu\u0027à quand?!",
        "userDefined": false
      }
    ],
    "isTemplate": false,
    "count": 0,
    "updated": 1522593570
  }
]